"control probability (needed if or,hr,smd, es, or wmd)",control stdev (needed if ES or WMD),Stat Value,Plus minus,Stat,output,input,input values,Sensitivity Stat Value,Sensitivity Plus Minus,Specificity Stat Value,Specificity Plus Minus,RR Stat Value,RR plus minus,Type,value1,index1,value2,index2,value3,index3,value4,index4,value5,index5,code,reverse,citation,comment,comment2,Unnamed: 30,Unnamed: 31,Unnamed: 32,Unnamed: 33,Unnamed: 34,Unnamed: 35,Unnamed: 36,Unnamed: 37,Unnamed: 38,Unnamed: 39,Unnamed: 40,Unnamed: 41,Unnamed: 42,Unnamed: 43,Unnamed: 44,Unnamed: 45,Unnamed: 46,Unnamed: 47,Unnamed: 48,Unnamed: 49,Unnamed: 50,Unnamed: 51,Unnamed: 52,Unnamed: 53,Unnamed: 54,Unnamed: 55,study_n,study_design,study_population,verification_status
,,,,,step_variability_anomaly,LevelShiftAD,,,,,,,,anomaly,,,,,,,,,,,,,,,,,,,,,,,,,,,,,,,,,,,,,,,,,,,,,
,,,,,step_variability_anomaly,InterQuartileRangeAD,,,,,,,,anomaly,,,,,,,,,,,,,,,,,,,,,,,,,,,,,,,,,,,,,,,,,,,,,
,,,,,step_variability_anomaly,AutoregressionAD,,,,,,,,anomaly,,,,,,,,,,,,,,,,,,,,,,,,,,,,,,,,,,,,,,,,,,,,,
,,,,,step_variability_anomaly,"{""n_steps"":""7"",""step_size"":""1"",""c"":""3.0"",""n"":""2"",""window"":""5"",""side"":""positive"",""is_all"":""False""}",,,,,,,,anomaly,,,,,,,,,,,,,,,,,,,,,,,,,,,,,,,,,,,,,,,,,,,,,
,,,,,,,,,,,,,,,,,,,,,,,,,,,,,,,,,,,,,,,,,,,,,,,,,,,,,,,,,,,
,,,,,double_support_stepping_anomaly,LevelShiftAD,,,,,,,,anomaly,,,,,,,,,,,,,,,,,,,,,,,,,,,,,,,,,,,,,,,,,,,,,
,,,,,double_support_stepping_anomaly,InterQuartileRangeAD,,,,,,,,anomaly,,,,,,,,,,,,,,,,,,,,,,,,,,,,,,,,,,,,,,,,,,,,,
,,,,,double_support_stepping_anomaly,AutoregressionAD,,,,,,,,anomaly,,,,,,,,,,,,,,,,,,,,,,,,,,,,,,,,,,,,,,,,,,,,,
,,,,,double_support_stepping_anomaly,"{""n_steps"":""7"",""step_size"":""1"",""c"":""3.0"",""n"":""2"",""window"":""5"",""side"":""positive"",""is_all"":""False""}",,,,,,,,anomaly,,,,,,,,,,,,,,,,,,,,,,,,,,,,,,,,,,,,,,,,,,,,,
,,,,,,,,,,,,,,,,,,,,,,,,,,,,,,,,,,,,,,,,,,,,,,,,,,,,,,,,,,,
,,,,,step_asymmetry_anomaly,LevelShiftAD,,,,,,,,anomaly,,,,,,,,,,,,,,,,,,,,,,,,,,,,,,,,,,,,,,,,,,,,,
,,,,,step_asymmetry_anomaly,InterQuartileRangeAD,,,,,,,,anomaly,,,,,,,,,,,,,,,,,,,,,,,,,,,,,,,,,,,,,,,,,,,,,
,,,,,step_asymmetry_anomaly,AutoregressionAD,,,,,,,,anomaly,,,,,,,,,,,,,,,,,,,,,,,,,,,,,,,,,,,,,,,,,,,,,
,,,,,step_asymmetry_anomaly,"{""n_steps"":""7"",""step_size"":""1"",""c"":""3.0"",""n"":""2"",""window"":""5"",""side"":""positive"",""is_all"":""False""}",,,,,,,,anomaly,,,,,,,,,,,,,,,,,,,,,,,,,,,,,,,,,,,,,,,,,,,,,
,,,,,,,,,,,,,,,,,,,,,,,,,,,,,,,,,,,,,,,,,,,,,,,,,,,,,,,,,,,
,,,,,stride_variability_anomaly,LevelShiftAD,,,,,,,,anomaly,,,,,,,,,,,,,,,,,,,,,,,,,,,,,,,,,,,,,,,,,,,,,
,,,,,stride_variability_anomaly,InterQuartileRangeAD,,,,,,,,anomaly,,,,,,,,,,,,,,,,,,,,,,,,,,,,,,,,,,,,,,,,,,,,,
,,,,,stride_variability_anomaly,AutoregressionAD,,,,,,,,anomaly,,,,,,,,,,,,,,,,,,,,,,,,,,,,,,,,,,,,,,,,,,,,,
,,,,,stride_variability_anomaly,"{""n_steps"":""7"",""step_size"":""1"",""c"":""3.0"",""n"":""2"",""window"":""5"",""side"":""positive"",""is_all"":""False""}",,,,,,,,anomaly,,,,,,,,,,,,,,,,,,,,,,,,,,,,,,,,,,,,,,,,,,,,,
,,,,,,,,,,,,,,,,,,,,,,,,,,,,,,,,,,,,,,,,,,,,,,,,,,,,,,,,,,,
,,,,,walking_speed_variability_anomaly,LevelShiftAD,,,,,,,,anomaly,,,,,,,,,,,,,,,,,,,,,,,,,,,,,,,,,,,,,,,,,,,,,
,,,,,walking_speed_variability_anomaly,InterQuartileRangeAD,,,,,,,,anomaly,,,,,,,,,,,,,,,,,,,,,,,,,,,,,,,,,,,,,,,,,,,,,
,,,,,walking_speed_variability_anomaly,AutoregressionAD,,,,,,,,anomaly,,,,,,,,,,,,,,,,,,,,,,,,,,,,,,,,,,,,,,,,,,,,,
,,,,,walking_speed_variability_anomaly,"{""n_steps"":""7"",""step_size"":""1"",""c"":""3.0"",""n"":""2"",""window"":""5"",""side"":""positive"",""is_all"":""False""}",,,,,,,,anomaly,,,,,,,,,,,,,,,,,,,,,,,,,,,,,,,,,,,,,,,,,,,,,
,,,,,,,,,,,,,,,,,,,,,,,,,,,,,,,,,,,,,,,,,,,,,,,,,,,,,,,,,,,
,,,,,walking_speed_anomaly,ThresholdAD,,,,,,,,anomaly,,,,,,,,,,,,,,,,,,,,,,,,,,,,,,,,,,,,,,,,,,,,,
,,,,,walking_speed_anomaly,"{""low"":""0.8"",""n"":""2"",""side"":""negative""}",,,,,,,,anomaly,,,,,,,,,,,,,,,,,,,,,,,,,,,,,,,,,,,,,,,,,,,,,
,,,,,,,,,,,,,,,,,,,,,,,,,,,,,,,,,,,,,,,,,,,,,,,,,,,,,,,,,,,
,,,,,steps_anomaly,ThresholdAD,,,,,,,,anomaly,,,,,,,,,,,,,,,,,,,,,,,,,,,,,,,,,,,,,,,,,,,,,
,,,,,steps_anomaly,"{""low"":""4400"",""n"":""2"",""side"":""negative""}",,,,,,,,anomaly,,,,,,,,,,,,,,,,,,,,,,,,,,,,,,,,,,,,,,,,,,,,,
,,,,,,,,,,,,,,,,,,,,,,,,,,,,,,,,,,,,,,,,,,,,,,,,,,,,,,,,,,,
,,,,,sleep_anomaly,ThresholdAD,,,,,,,,anomaly,,,,,,,,,,,,,,,,,,,,,,,,,,,,,,,,,,,,,,,,,,,,,
,,,,,sleep_anomaly,"{""low"":""5"",""high"":""11"",""n"":""2""}",,,,,,,,anomaly,,,,,,,,,,,,,,,,,,,,,,,,,,,,,,,,,,,,,,,,,,,,,
,,,,,,,,,,,,,,,,,,,,,,,,,,,,,,,,,,,,,,,,,,,,,,,,,,,,,,,,,,,
,,,,,workout_anomaly,ThresholdAD,,,,,,,,anomaly,,,,,,,,,,,,,,,,,,,,,,,,,,,,,,,,,,,,,,,,,,,,,
,,,,,workout_anomaly,"{""low"":""10"",""n"":""2"",""side"":""negative""}",,,,,,,,anomaly,,,,,,,,,,,,,,,,,,,,,,,,,,,,,,,,,,,,,,,,,,,,,
,,,,,,,,,,,,,,,,,,,,,,,,,,,,,,,,,,,,,,,,,,,,,,,,,,,,,,,,,,,
,,,,,oxygen_anomaly,QuantileAD,,,,,,,,anomaly,,,,,,,,,,,,,,,,,,,,,,,,,,,,,,,,,,,,,,,,,,,,,
,,,,,oxygen_anomaly,ThresholdAD,,,,,,,,anomaly,,,,,,,,,,,,,,,,,,,,,,,,,,,,,,,,,,,,,,,,,,,,,
,,,,,oxygen_anomaly,"{""low"":""93"",""low_percent"":""0.1"",""high_percent"":""1.0"",""n"":""2"",""is_all"":""True""}",,,,,,,,anomaly,,,,,,,,,,,,,,,,,,,,,,,,,,,,,,,,,,,,,,,,,,,,,
,,,,,,,,,,,,,,,,,,,,,,,,,,,,,,,,,,,,,,,,,,,,,,,,,,,,,,,,,,,
,,,,,heart_rate_anomaly,LevelShiftAD,,,,,,,,anomaly,,,,,,,,,,,,,,,,,,,,,,,,,,,,,,,,,,,,,,,,,,,,,
,,,,,heart_rate_anomaly,InterQuartileRangeAD,,,,,,,,anomaly,,,,,,,,,,,,,,,,,,,,,,,,,,,,,,,,,,,,,,,,,,,,,
,,,,,heart_rate_anomaly,AutoregressionAD,,,,,,,,anomaly,,,,,,,,,,,,,,,,,,,,,,,,,,,,,,,,,,,,,,,,,,,,,
,,,,,heart_rate_anomaly,"{""n_steps"":""7"",""step_size"":""1"",""c"":""3.0"",""n"":""2"",""window"":""5"",""side"":""positive"",""is_all"":""False""}",,,,,,,,anomaly,,,,,,,,,,,,,,,,,,,,,,,,,,,,,,,,,,,,,,,,,,,,,
,,,,,,,,,,,,,,,,,,,,,,,,,,,,,,,,,,,,,,,,,,,,,,,,,,,,,,,,,,,
,,,,,heart_rate_variability_anomaly,LevelShiftAD,,,,,,,,anomaly,,,,,,,,,,,,,,,,,,,,,,,,,,,,,,,,,,,,,,,,,,,,,
,,,,,heart_rate_variability_anomaly,InterQuartileRangeAD,,,,,,,,anomaly,,,,,,,,,,,,,,,,,,,,,,,,,,,,,,,,,,,,,,,,,,,,,
,,,,,heart_rate_variability_anomaly,AutoregressionAD,,,,,,,,anomaly,,,,,,,,,,,,,,,,,,,,,,,,,,,,,,,,,,,,,,,,,,,,,
,,,,,heart_rate_variability_anomaly,"{""n_steps"":""7"",""step_size"":""1"",""c"":""3.0"",""n"":""2"",""window"":""5"",""side"":""negative"",""is_all"":""False""}",,,,,,,,anomaly,,,,,,,,,,,,,,,,,,,,,,,,,,,,,,,,,,,,,,,,,,,,,
,,,,,,,,,,,,,,,,,,,,,,,,,,,,,,,,,,,,,,,,,,,,,,,,,,,,,,,,,,,
,,,,,,,,,,,,,,,,,,,,,,,,,,,,,,,,,,,,,,,,,,,,,,,,,,,,,,,,,,,
,,,,,,,,,,,,,,,,,,,,,,,,,,,,,,,,,,,,,,,,,,,,,,,,,,,,,,,,,,,
,,,,,gender,,,,,,,,,discrete_nhanes_explicit,male,1,female,2,,,,,,,RIAGENDR,,,,,,,,,,,,,,,,,,,,,,,,,,,,,,,,,,
,,,,,age,,,,,,,,,discrete_nhanes_explicit,child,0-12,teen,13-19,young_adult,20-39,adult,40-69,elderly,70-85,RIDAGEYR,1.0,,,,,,,,,,,,,,,,,,,,,,,,,,,,,,,,,
,,,,,,,,,,,,,,,,,,,,,,,,,,,,,,,,,,,,,,,,,,,,,,,,,,,,,,,,,,,
,,,,,,,,,,,,,,,,,,,,,,,,,,,,,,,,,,,,,,,,,,,,,,,,,,,,,,,,,,,
,,,,,carrot_intake,daily_servings_fruit,,,,,,,,naive_0_nhanes_explicit,carrot_intake_less_than_every_2_months,1-2,carrot_intake_every_one_or_two_months,3-4,carrot_intake_2_to_4_times_per_month,5-6,carrot_intake_twice_or_more_per_week,7-11,,,FFQ0032,,,,,,,,,,,,,,,,,,,,,,,,,,,,,,,,,,
,,,,,squash_intake,daily_servings_fruit,,,,,,,,naive_0_nhanes_explicit,squash_intake_less_than_every_2_months,1-2,squash_intake_every_one_or_two_months,3-4,squash_intake_2_to_4_times_per_month,5-6,squash_intake_twice_or_more_per_week,7-11,,,FFQ0043A,,,,,,,,,,,,,,,,,,,,,,,,,,,,,,,,,,
,,,,,pepper_intake,daily_servings_fruit,,,,,,,,naive_0_nhanes_explicit,pepper_intake_less_than_every_2_months,1-2,pepper_intake_every_one_or_two_months,3-4,pepper_intake_2_to_4_times_per_month,5-6,pepper_intake_twice_or_more_per_week,7-11,,,FFQ0040,,,,,,,,,,,,,,,,,,,,,,,,,,,,,,,,,,
,,,,,brocolli_intake,daily_servings_fruit,,,,,,,,naive_0_nhanes_explicit,brocolli_intake_less_than_every_2_months,1-2,brocolli_intake_every_one_or_two_months,3-4,brocolli_intake_2_to_4_times_per_month,5-6,brocolli_intake_twice_or_more_per_week,7-11,,,FFQ0036,,,,,,,,,,,,,,,,,,,,,,,,,,,,,,,,,,
,,,,,califlower_or_brusell_sprouts_intake,daily_servings_fruit,,,,,,,,naive_0_nhanes_explicit,califlower_or_brusell_sprouts_intake_less_than_every_2_months,1-2,califlower_or_brusell_sprouts_intake_every_one_or_two_months,3-4,califlower_or_brusell_sprouts_intake_2_to_4_times_per_month,5-6,califlower_or_brusell_sprouts_intake_twice_or_more_per_week,7-11,,,FFQ0037,,,,,,,,,,,,,,,,,,,,,,,,,,,,,,,,,,
,,,,,dark_green_vegetables_per_month,daily_servings_fruit,,,,,,,,naive_0_nhanes_quartile,,0-66665,,,,,,,,,DBD102,,,,,,,,,,,,,,,,,,,,,,,,,,,,,,,,,,
,,,,,daily_servings_fruit,,,,,,,,,discrete_nhanes_explicit,daily_servings_fruit_none,0,daily_servings_fruit_1,1,daily_servings_fruit_2,2,daily_servings_fruit_3_or_more,3-10,,,DBD270C,,,,,,,,,,,,,,,,,,,,,,,,,,,,,,,,,,
,,,,,,,,,,,,,,,,,,,,,,,,,,,,,,,,,,,,,,,,,,,,,,,,,,,,,,,,,,,
,,,,,,,,,,,,,,,,,,,,,,,,,,,,,,,,,,,,,,,,,,,,,,,,,,,,,,,,,,,
,,,,,original_vegetable_intake,carrot_intake,carrot_intake_twice_or_more_per_week,,,,,,,,,,,,,,,,,,,,,,,,,,,,,,,,,,,,,,,,,,,,,,,,,,,,
,,,,,original_vegetable_intake,squash_intake,squash_intake_twice_or_more_per_week,,,,,,,,,,,,,,,,,,,,,,,,,,,,,,,,,,,,,,,,,,,,,,,,,,,,
,,,,,original_vegetable_intake,pepper_intake,pepper_intake_twice_or_more_per_week,,,,,,,,,,,,,,,,,,,,,,,,,,,,,,,,,,,,,,,,,,,,,,,,,,,,
,,,,,original_vegetable_intake,brocolli_intake,brocolli_intake_twice_or_more_per_week,,,,,,,,,,,,,,,,,,,,,,,,,,,,,,,,,,,,,,,,,,,,,,,,,,,,
,,,,,original_vegetable_intake,califlower_or_brusell_sprouts_intake,califlower_or_brusell_sprouts_intake_twice_or_more_per_week,,,,,,,,,,,,,,,,,,,,,,,,,,,,,,,,,,,,,,,,,,,,,,,,,,,,
,,,,,original_vegetable_intake,dark_green_vegetables_per_month,dark_green_vegetables_per_month_quartile_4,,,,,,,,,,,,,,,,,,,,,,,,,,,,,,,,,,,,,,,,,,,,,,,,,,,,
,,,,,original_vegetable_intake,,,,,,,,,any_of,vegetable_intake_high,,vegetable_intake_low,,,,,,,,,1.0,,,,,,,,,,,,,,,,,,,,,,,,,,,,,,,,,
,,,,,,,,,,,,,,,,,,,,,,,,,,,,,,,,,,,,,,,,,,,,,,,,,,,,,,,,,,,
,,,,,diet_fruits_and_vegetables,daily_servings_fruit,"daily_servings_fruit_1,daily_servings_fruit_2,daily_servings_fruit_3_or_more",,,,,,,,,,,,,,,,,,,,,,,,,,,,,,,,,,,,,,,,,,,,,,,,,,,,
,,,,,diet_fruits_and_vegetables,original_vegetable_intake,vegetable_intake_high,,,,,,,,,,,,,,,,,,,,,vegetable_intake was an orphan input (no def row); referenced original chain renamed to original_vegetable_intake. Update consumer to direct ref. Build crash root cause.,,,,,,,,,,,,,,,,,,,,,,,,,,,,,,,
,,,,,diet_fruits_and_vegetables,,,,,,,,,any_of,diet_fruits_and_vegetables_yes,,diet_fruits_and_vegetables_no,,,,,,,,,1.0,,,,,,,,,,,,,,,,,,,,,,,,,,,,,,,,,
,,,,,,,,,,,,,,,,,,,,,,,,,,,,,,,,,,,,,,,,,,,,,,,,,,,,,,,,,,,
,,,,,,,,,,,,,,,,,,,,,,,,,,,,,,,,,,,,,,,,,,,,,,,,,,,,,,,,,,,
,,,,,,,,,,,,,,,,,,,,,,,,,,,,,,,,,,,,,,,,,,,,,,,,,,,,,,,,,,,
,,,,,hysterectomy,,,,,,,,,discrete_nhanes_explicit,hysterectomy_yes,1,hysterectomy_no,2,,,,,,,RHD280,,,,,,,,,,,,,,,,,,,,,,,,,,,,,,,,,,
,,,,,,,,,,,,,,,,,,,,,,,,,,,,,,,,,,,,,,,,,,,,,,,,,,,,,,,,,,,
,,,,,,,,,,,,,,,,,,,,,,,,,,,,,,,,,,,,,,,,,,,,,,,,,,,,,,,,,,,
,,,,,,,,,,,,,,,,,,,,,,,,,,,,,,,,,,,,,,,,,,,,,,,,,,,,,,,,,,,
,,,,,,,,,,,,,,,,,,,,,,,,,,,,,,,,,,,,,,,,,,,,,,,,,,,,,,,,,,,
,,,,,,,,,,,,,,,,,,,,,,,,,,,,,,,,,,,,,,,,,,,,,,,,,,,,,,,,,,,
,,,,,,,,,,,,,,,,,,,,,,,,,,,,,,,,,,,,,,,,,,,,,,,,,,,,,,,,,,,
,,,,,,,,,,,,,,,,,,,,,,,,,,,,,,,,,,,,,,,,,,,,,,,,,,,,,,,,,,,
,,,,,blueberries,,,,,,,,,discrete_priors,blueberries_above_1_oz_per_week,0.5,blueberries_below_1_oz_per_week,0.5,,,,,,,,1.0,,ushbc.blueberry.org,,,,,,,,,,,,,,,,,,,,,,,,,,,,,,,
,,,,,,,,,,,,,,,,,,,,,,,,,,,,,,,,,,,,,,,,,,,,,,,,,,,,,,,,,,,
,,,,,,,,,,,,,,,,,,,,,,,,,,,,,,,,,,,,,,,,,,,,,,,,,,,,,,,,,,,
,,,,,work_limiting_problem,chore_difficulty,,,,,,,,naive_0_nhanes_explicit,work_limiting_problem_yes,1,work_limiting_problem_no,2,,,,,,,PFQ051,,,,,,,,,,,,,,,,,,,,,,,,,,,,,,,,,,
,,,,,stand_from_sit_difficulty,chore_difficulty,,,,,,,,naive_0_nhanes_explicit,stand_from_sit_difficulty_unable,4,stand_from_sit_difficulty_much,3,stand_from_sit_difficulty_some,2,stand_from_sit_difficulty_none,1,,,PFQ061I,,,,,,,,,,,,,,,,,,,,,,,,,,,,,,,,,,
,,,,,walking_difficulty,chore_difficulty,,,,,,,,naive_0_nhanes_explicit,walking_difficulty_unable,4,walking_difficulty_much,3,walking_difficulty_some,2,walking_difficulty_none,1,,,PFQ061H,,,,,,,,,,,,,,,,,,,,,,,,,,,,,,,,,,
,,,,,two_hour_sitting_difficulty,chore_difficulty,,,,,,,,naive_0_nhanes_explicit,two_hour_sitting_difficulty_unable,4,two_hour_sitting_difficulty_much,3,two_hour_sitting_difficulty_some,2,two_hour_sitting_difficulty_none,1,,,PFQ061N,,,,,,,,,,,,,,,,,,,,,,,,,,,,,,,,,,
,,,,,two_hour_standing_difficulty,chore_difficulty,,,,,,,,naive_0_nhanes_explicit,two_hour_standing_difficulty_unable,4,two_hour_standing_difficulty_much,3,two_hour_standing_difficulty_some,2,two_hour_standing_difficulty_none,1,,,PFQ061M,,,,,,,,,,,,,,,,,,,,,,,,,,,,,,,,,,
,,,,,ten_stairs_difficulty,chore_difficulty,,,,,,,,naive_0_nhanes_explicit,ten_stairs_difficulty_unable,4,ten_stairs_difficulty_much,3,ten_stairs_difficulty_some,2,ten_stairs_difficulty_none,1,,,PFQ061C,,,,,,,,,,,,,,,,,,,,,,,,,,,,,,,,,,
,,,,,social_activity_difficulty,chore_difficulty,,,,,,,,naive_0_nhanes_explicit,social_activity_difficulty_unable,4,social_activity_difficulty_much,3,social_activity_difficulty_some,2,social_activity_difficulty_none,1,,,PFQ061R,,,,,,,,,,,,,,,,,,,,,,,,,,,,,,,,,,
,,,,,chore_difficulty,,,,,,,,,discrete_nhanes_explicit,chore_difficulty_unable,4,chore_difficulty_unable_not,1-3,,,,,,,PFQ061F,,,,,,,,,,,,,,,,,,,,,,,,,,,,,,,,,,
,,,,,,,,,,,,,,,,,,,,,,,,,,,,,,,,,,,,,,,,,,,,,,,,,,,,,,,,,,,
,,,,,,,,,,,,,,,,,,,,,,,,,,,,,,,,,,,,,,,,,,,,,,,,,,,,,,,,,,,
,,,,,steps_per_day,,,,,,,,,naive_0_nhanes_explicit_average,steps_per_day_low_under_4400,0-3.055599999999,steps_per_day_normal_4400_to_8000,3.0556-5.5599999999999999,steps_per_day_high_8001_to_12000,5.56-8.3399999999999999,steps_per_day_very_high_over_12000,8.34-1000,,,PAXSTEP,,,"[2026-05-13 naive_0 guard-3 removal cycle] Blanked input column (was 'vo2max_cardiovascular_fitness'). Leaf steps_per_day is the input of an equivalent_to row, so a parent-conditional CPT here would create a triple-constraint conflict with the equivalent_to mapping + the wrapper's dep_nhanes_explicit marginal. The dependency.py guard (3) was silently demoting this to discrete priors anyway; making the CSV honest about that.",,,,,,,,,,,,,,,,,,,,,,,,,,,,,,,
,,,,,cardiovascular_minutes,,,,,,,,,naive_0_nhanes_quartile,,10-840,,,,,,,,,PAD675,,,[2026-05-13 naive_0 guard-2 removal cycle] Blanked input column (was 'vo2max_cardiovascular_fitness'). Leaf cardiovascular_minutes is the input of 2 downstream study row(s) - an empirical P(leaf|parent) CPT would compete with the literature RR. The dependency.py guard (2) was silently demoting this to discrete priors anyway. Making the CSV honest.,,,,,,,,,,,,,,,,,,,,,,,,,,,,,,,
,,,,,daily_walk_or_bicycle_travel,,,,,,,,,naive_0_nhanes_explicit,daily_walk_or_bicycle_travel_less_than_30_minutes,0-29,daily_walk_or_bicycle_travel_30_to_59_minutes,30-59,daily_walk_or_bicycle_travel_60_minutes_or_more,60-1440,,,,,PAD645,,,[2026-05-13 naive_0 guard-2 removal cycle] Blanked input column (was 'vo2max_cardiovascular_fitness'). Leaf daily_walk_or_bicycle_travel is the input of 1 downstream study row(s) - an empirical P(leaf|parent) CPT would compete with the literature RR. The dependency.py guard (2) was silently demoting this to discrete priors anyway. Making the CSV honest.,,,,,,,,,,,,,,,,,,,,,,,,,,,,,,,
,,,,,daily_recreational_minutes,vo2max_cardiovascular_fitness,,,,,,,,naive_0_nhanes_quartile,,0-7776,,,,,,,,,PAD660,,,,,,,,,,,,,,,,,,,,,,,,,,,,,,,,,,
,,,,,moderate_recreational_activities,,,,,,,,,naive_0_nhanes_explicit,moderate_recreational_activities_no,2,moderate_recreational_activities_yes,1,,,,,,,PAQ665,,,[2026-05-13 naive_0 guard-2 removal cycle] Blanked input column (was 'vo2max_cardiovascular_fitness'). Leaf moderate_recreational_activities is the input of 1 downstream study row(s) - an empirical P(leaf|parent) CPT would compete with the literature RR. The dependency.py guard (2) was silently demoting this to discrete priors anyway. Making the CSV honest.,,,,,,,,,,,,,,,,,,,,,,,,,,,,,,,
,,,,,moderate_intensity_sports_minutes,,,,,,,,,naive_0_nhanes_quartile,,0-7776,,,,,,,,,PAD675,,,[2026-05-13 naive_0 guard-2 removal cycle] Blanked input column (was 'vo2max_cardiovascular_fitness'). Leaf moderate_intensity_sports_minutes is the input of 1 downstream study row(s) - an empirical P(leaf|parent) CPT would compete with the literature RR. The dependency.py guard (2) was silently demoting this to discrete priors anyway. Making the CSV honest.,,,,,,,,,,,,,,,,,,,,,,,,,,,,,,,
,,,,,moderate_intesity_work_minutes,vo2max_cardiovascular_fitness,,,,,,,,naive_0_nhanes_quartile,,0-7776,,,,,,,,,PAD630,,,,,,,,,,,,,,,,,,,,,,,,,,,,,,,,,,
,,,,,vigorous_work_activity,,,,,,,,,naive_0_nhanes_explicit,vigorous_work_activity_no,2,vigorous_work_activity_yes,1,,,,,,,PAQ605,,,[2026-05-13 naive_0 guard-2 removal cycle] Blanked input column (was 'vo2max_cardiovascular_fitness'). Leaf vigorous_work_activity is the input of 1 downstream study row(s) - an empirical P(leaf|parent) CPT would compete with the literature RR. The dependency.py guard (2) was silently demoting this to discrete priors anyway. Making the CSV honest.,,,,,,,,,,,,,,,,,,,,,,,,,,,,,,,
,,,,,ten_minutes_daily_workout,,,,,,,,,naive_0_nhanes_explicit,ten_minutes_daily_workout_no,2,ten_minutes_daily_workout_yes,1,,,,,,,PAQ650,,,"[2026-05-13 naive_0 guard-3 removal cycle] Blanked input column (was 'vo2max_cardiovascular_fitness'). Leaf ten_minutes_daily_workout is the input of an equivalent_to row, so a parent-conditional CPT here would create a triple-constraint conflict with the equivalent_to mapping + the wrapper's dep_nhanes_explicit marginal. The dependency.py guard (3) was silently demoting this to discrete priors anyway; making the CSV honest about that.",,,,,,,,,,,,,,,,,,,,,,,,,,,,,,,
,,,,,strengthening_exercises,vo2max_cardiovascular_fitness,,,,,,,,naive_0_nhanes_explicit,strengthening_exercises_no,2,strengthening_exercises_yes,1,,,,,,,PAD440,,,,,,,,,,,,,,,,,,,,,,,,,,,,,,,,,,
,,,,,vo2max_cardiovascular_fitness,,,,,,,,,discrete_nhanes_explicit,vo2max_cardiovascular_fitness_low,1,vo2max_cardiovascular_fitness_moderate,2,vo2max_cardiovascular_fitness_high,3,,,,,CVDFITLV,,,,,,,,,,,,,,,,,,,,,,,,,,,,,,,,,,
,,,,,,,,,,,,,,,,,,,,,,,,,,,,,,,,,,,,,,,,,,,,,,,,,,,,,,,,,,,
,,,,,workout_anomaly,ten_minutes_daily_workout,ten_minutes_daily_workout_no,,,,,,,equivalent_to,,,,,,,,,,,,,,,,,,,,,,,,,,,,,,,,,,,,,,,,,,,,,
,,,,,workout_anomaly,,,,,,,,,dependency_nhanes_explicit,ten_minutes_daily_workout_no,2,ten_minutes_daily_workout_yes,1,,,,,,,PAQ650,,,,,,,,,,,,,,,,,,,,,,,,,,,,,,,,,,
,,,,,,,,,,,,,,,,,,,,,,,,,,,,,,,,,,,,,,,,,,,,,,,,,,,,,,,,,,,
,,,,,steps_anomaly,steps_per_day,steps_per_day_low_under_4400,,,,,,,equivalent_to,,,,,,,,,,,,,,,,,,,,,,,,,,,,,,,,,,,,,,,,,,,,,
,,,,,steps_anomaly,,,,,,,,,dependency_nhanes_explicit_average,steps_per_day_low_under_4400,0-3.055599999999,steps_per_day_low_under_4400_not,3.0556-1000,,,,,,,PAXSTEP,,,,,,,,,,,,,,,,,,,,,,,,,,,,,,,,,,
,,,,,,,,,,,,,,,,,,,,,,,,,,,,,,,,,,,,,,,,,,,,,,,,,,,,,,,,,,,
,,,,,moderate_physical_activity,moderate_recreational_activities,moderate_recreational_activities_yes,,,,,,,,,,,,,,,,,,,,,,,,,,,,,,,,,,,,,,,,,,,,,,,,,,,,
,,,,,moderate_physical_activity,moderate_intensity_sports_minutes,moderate_intensity_sports_minutes_quartile_3,,,,,,,,,,,,,,,,,,,,,,,,,,,,,,,,,,,,,,,,,,,,,,,,,,,,
,,,,,moderate_physical_activity,moderate_intesity_work_minutes,moderate_intesity_work_minutes_quartile_3,,,,,,,,,,,,,,,,,,,,,,,,,,,,,,,,,,,,,,,,,,,,,,,,,,,,
,,,,,moderate_physical_activity,steps_anomaly,steps_per_day_low_under_4400_not,,,,,,,,,,,,,,,,,,,,,,,,,,,,,,,,,,,,,,,,,,,,,,,,,,,,
,,,,,moderate_physical_activity,cardiovascular_minutes,cardiovascular_minutes_quartile_3,,,,,,,,,,,,,,,,,,,,,,,,,,,,,,,,,,,,,,,,,,,,,,,,,,,,
,,,,,moderate_physical_activity,,,,,,,,,any_of,moderate_physical_activity_yes,,moderate_physical_activity_no,,,,,,,,,1.0,,,,,,,,,,,,,,,,,,,,,,,,,,,,,,,,,
,,,,,,,,,,,,,,,,,,,,,,,,,,,,,,,,,,,,,,,,,,,,,,,,,,,,,,,,,,,
,,,,,,,,,,,,,,,,,,,,,,,,,,,,,,,,,,,,,,,,,,,,,,,,,,,,,,,,,,,
,,,,,,,,,,,,,,,,,,,,,,,,,,,,,,,,,,,,,,,,,,,,,,,,,,,,,,,,,,,
0.3,,0.53,0.23,SMD,endothelial_progenitor_cell,cardiovascular_minutes,cardiovascular_minutes_quartile_4,,,,,1.75990433521595,0.3448804247130812,,,,,,,,,,,,,,"<science><title>A Meta-Analysis of the Effects of Aerobic Exercise on the Basal Level of Endothelial Progenitor Cells in Middle-Aged and Older Adults</>Xiaoke Chen, Xinzheng Sun, Di Gao, Dan Qiu, Hui He<source>Lancet</>J Aging Phys Act<link>https://pubmed.ncbi.nlm.nih.gov/34591787/</></>",,,,,,,,,,,,,,,,,,,,,,,,,,,,,327.0,meta-analysis,"9 RCTs, middle-aged/older adults",
,,,,,endothelial_progenitor_cell,,,,,,,,,dependency_priors,endothelial_progenitor_cell_expression_high_above_200,0.3,endothelial_progenitor_cell_expression_high_above_200_not,0.7,,,,,,,,1.0,,https://pubmed.ncbi.nlm.nih.gov/34591787/,,,,,,,,,,,,,,,,,,,,,,,,,,,,,,,
,,,,,,,,,,,,,,,,,,,,,,,,,,,,,,,,,,,,,,,,,,,,,,,,,,,,,,,,,,,
,,,,,watch_tv,daily_time_sitting,,,,,,,,naive_0_nhanes_explicit,watch_tv_four_or_more,"4,5",watch_tv_two_to_three,"2,3",watch_tv_one_or_less,"1,0",watch_tv_none,6,,,PAD590,,,,,,,,,,,,,,,,,,,,,,,,,,,,,,,,,,
,,,,,daily_computer_hours,daily_time_sitting,,,,,,,,naive_0_nhanes_explicit,daily_computer_hours_four_or_more,"4,5",daily_computer_hours_two_to_three,"2,3",daily_computer_hours_one_or_less,"1,0",daily_computer_hours_none,6,,,PAD600,,,,,,,,,,,,,,,,,,,,,,,,,,,,,,,,,,
,,,,,daily_time_sitting,,,,,,,,,discrete_nhanes_explicit,daily_time_sitting_12_or_more_hours,720-10000,daily_time_sitting_over_6_but_less_than_12_hours,360-719,daily_time_sitting_over_2_but_less_than_6_hours,120-359,daily_time_sitting_less_than_2_hours,0-119,,,PAD680,,,,,,,,,,,,,,,,,,,,,,,,,,,,,,,,,,
,,,,,,,,,,,,,,,,,,,,,,,,,,,,,,,,,,,,,,,,,,,,,,,,,,,,,,,,,,,
,,,,,naive_sleep_apnea,inadequate_sleep,,,,,,,,dependency_nhanes_explicit,sleep_apnea_yes,1,sleep_apnea_no,"2-100,missing",,,,,,,SLQ070A,,,changed naive_0_nhanes_explicit -> dependency_nhanes_explicit so the QP solver builds a CPT from the rerouted study inputs (otherwise naive_0 with env_var OFF drops inputs),,,,,,,,,,,,,,,,,,,,,,,,,,,,,,,
,,,,,sleep_disorder,inadequate_sleep,,,,,,,,naive_0_nhanes_explicit,sleep_disorder_yes,1,sleep_disorder_no,2,,,,,,,SLQ060,,,,,,,,,,,,,,,,,,,,,,,,,,,,,,,,,,
,,,,,work_schedule,inadequate_sleep,,,,,,,,naive_0_nhanes_explicit,work_schedule_evenings_or_nights,2,work_schedule_variable,5,work_schedule_early_mornings,3,work_schedule_9_to_5,1,,,OCQ670,,,,,,,,,,,,,,,,,,,,,,,,,,,,,,,,,,
,,,,,daytime_drowsiness,,,,,,,,,naive_0_nhanes_explicit,daytime_drowsiness_almost_always,4,daytime_drowsiness_often,3,daytime_drowsiness_sometimes,2,daytime_drowsiness_rare_or_none,"0,1",,,SLQ120,,,[2026-05-13 naive_0 guard-2 removal cycle] Blanked input column (was 'inadequate_sleep'). Leaf daytime_drowsiness is the input of 2 downstream study row(s) - an empirical P(leaf|parent) CPT would compete with the literature RR. The dependency.py guard (2) was silently demoting this to discrete priors anyway. Making the CSV honest.,,,,,,,,,,,,,,,,,,,,,,,,,,,,,,,
,,,,,daytime_unrestedness,inadequate_sleep,,,,,,,,naive_0_nhanes_explicit,daytime_unrestedness_almost_always,4,daytime_unrestedness_often,3,daytime_unrestedness_sometimes,2,daytime_unrestedness_rarely_or_never,"1,0",,,SLQ110,,,,,,,,,,,,,,,,,,,,,,,,,,,,,,,,,,
,,,,,naive_insomnia,,,,,,,,,naive_0_nhanes_explicit,insomnia_yes,"3,4",insomnia_no,"0,1,2",,,,,,,SLQ080,,,"[2026-05-13 naive_0 guard-3 removal cycle] Blanked input column (was 'inadequate_sleep'). Leaf naive_insomnia is the input of an equivalent_to row, so a parent-conditional CPT here would create a triple-constraint conflict with the equivalent_to mapping + the wrapper's dep_nhanes_explicit marginal. The dependency.py guard (3) was silently demoting this to discrete priors anyway; making the CSV honest about that.",,,,,,,,,,,,,,,,,,,,,,,,,,,,,,,
,,,,,trouble_falling_to_sleep,,,,,,,,,naive_0_nhanes_explicit,trouble_falling_to_sleep_almost_always,4,trouble_falling_to_sleep_often,3,trouble_falling_to_sleep_sometimes,2,trouble_falling_to_sleep_rarely_or_never,"1,0",,,SLQ070B,,,[2026-05-13 naive_0 guard-2 removal cycle] Blanked input column (was 'inadequate_sleep'). Leaf trouble_falling_to_sleep is the input of 1 downstream study row(s) - an empirical P(leaf|parent) CPT would compete with the literature RR. The dependency.py guard (2) was silently demoting this to discrete priors anyway. Making the CSV honest.,,,,,,,,,,,,,,,,,,,,,,,,,,,,,,,
,,,,,snore_how_often_per_week,,,,,,,,,naive_0_nhanes_explicit,snore_5_or_more_nights,3,snore_3_to_4_nights,2,snore_1_or_2_nights,1,snore_no_nights,0,,,SLQ030,,,[2026-05-13 naive_0 guard-2 removal cycle] Blanked input column (was 'inadequate_sleep'). Leaf snore_how_often_per_week is the input of 1 downstream study row(s) - an empirical P(leaf|parent) CPT would compete with the literature RR. The dependency.py guard (2) was silently demoting this to discrete priors anyway. Making the CSV honest.,,,,,,,,,,,,,,,,,,,,,,,,,,,,,,,
,,,,,take_sleeping_pills,inadequate_sleep,,,,,,,,naive_0_nhanes_explicit,take_sleeping_pills_almost_always,4,take_sleeping_pills_often,3,take_sleeping_pills_sometimes,2,take_sleeping_pills_rarely_or_never,"1,0",,,SLQ140,,,,,,,,,,,,,,,,,,,,,,,,,,,,,,,,,,
,,,,,told_inadequate_sleep,inadequate_sleep,,,,,,,,naive_0_nhanes_explicit,told_inadequate_sleep_yes,1,told_inadequate_sleep_no,2,,,,,,,SLQ050,,,,,,,,,,,,,,,,,,,,,,,,,,,,,,,,,,
,,,,,wake_too_early,,,,,,,,,naive_0_nhanes_explicit,wake_too_early_almost_always,4,wake_too_early_often,3,wake_too_early_sometimes,2,wake_too_early_rarely_or_never,"1,0",,,SLQ100,,,[2026-05-13 naive_0 guard-2 removal cycle] Blanked input column (was 'inadequate_sleep'). Leaf wake_too_early is the input of 3 downstream study row(s) - an empirical P(leaf|parent) CPT would compete with the literature RR. The dependency.py guard (2) was silently demoting this to discrete priors anyway. Making the CSV honest.,,,,,,,,,,,,,,,,,,,,,,,,,,,,,,,
,,,,,wake_up_cant_sleep,,,,,,,,,naive_0_nhanes_explicit,wake_up_cant_sleep_almost_always,4,wake_up_cant_sleep_often,3,wake_up_cant_sleep_sometimes,2,wake_up_cant_sleep_rarely_or_never,"1,0",,,SLQ090,,,[2026-05-13 naive_0 guard-2 removal cycle] Blanked input column (was 'inadequate_sleep'). Leaf wake_up_cant_sleep is the input of 1 downstream study row(s) - an empirical P(leaf|parent) CPT would compete with the literature RR. The dependency.py guard (2) was silently demoting this to discrete priors anyway. Making the CSV honest.,,,,,,,,,,,,,,,,,,,,,,,,,,,,,,,
,,,,,workday_sleep_hours_per_night,,,,,,,,,naive_0_nhanes_explicit,workday_sleep_under_5,2-4.9,workday_sleep_5.0_to_6.9,5-6.9,workday_sleep_7.0_to_8.9,7-8.9,workday_sleep_9.0_or_more,9.0-24,,,SLD012,,,[2026-05-13 naive_0 guard-2 removal cycle] Blanked input column (was 'inadequate_sleep'). Leaf workday_sleep_hours_per_night is the input of 1 downstream study row(s) - an empirical P(leaf|parent) CPT would compete with the literature RR. The dependency.py guard (2) was silently demoting this to discrete priors anyway. Making the CSV honest.,,,,,,,,,,,,,,,,,,,,,,,,,,,,,,,
,,,,,weekend_sleep_hours_per_night,inadequate_sleep,,,,,,,,naive_0_nhanes_explicit,weekend_sleep_under_5,2-4.9,weekend_sleep_5.0_to_6.9,5-6.9,weekend_sleep_7.0_to_8.9,7-8.9,weekend_sleep_9.0_or_more,9.0-24,,,SLD013,,,,,,,,,,,,,,,,,,,,,,,,,,,,,,,,,,
,,,,,inadequate_sleep,,,,,,,,,discrete_nhanes_explicit,inadequate_sleep_almost_always,4,inadequate_sleep_often,3,inadequate_sleep_sometimes,2,inadequate_sleep_rarely_or_never,"1,0",,,SLQ130,,,,,,,,,,,,,,,,,,,,,,,,,,,,,,,,,,
,,,,,,,,,,,,,,,,,,,,,,,,,,,,,,,,,,,,,,,,,,,,,,,,,,,,,,,,,,,
,,,,,sleep_anomaly,workday_sleep_hours_per_night,workday_sleep_under_5,,,,,,,equivalent_to,,,,,,,,,,,,,,,,,,,,,,,,,,,,,,,,,,,,,,,,,,,,,
,,,,,sleep_anomaly,,,,,,,,,dependency_nhanes_explicit,workday_sleep_under_5,2-4.9,workday_sleep_under_5_not,5-24,,,,,,,SLD012,,,,,,,,,,,,,,,,,,,,,,,,,,,,,,,,,,
,,,,,,,,,,,,,,,,,,,,,,,,,,,,,,,,,,,,,,,,,,,,,,,,,,,,,,,,,,,
,,,,,sleep_hygiene_1,work_schedule,work_schedule_evenings_or_nights,,,,,,,,,,,,,,,,,,,,,,,,,,,,,,,,,,,,,,,,,,,,,,,,,,,,
,,,,,sleep_hygiene_1,sleep_disorder,sleep_disorder_yes,,,,,,,,,,,,,,,,,,,,,,,,,,,,,,,,,,,,,,,,,,,,,,,,,,,,
,,,,,sleep_hygiene_1,snore_how_often_per_week,snore_5_or_more_nights,,,,,,,,,,,,,,,,,,,,,,,,,,,,,,,,,,,,,,,,,,,,,,,,,,,,
,,,,,sleep_hygiene_1,daytime_drowsiness,daytime_drowsiness_almost_always,,,,,,,,,,,,,,,,,,,,,,,,,,,,,,,,,,,,,,,,,,,,,,,,,,,,
,,,,,sleep_hygiene_1,daytime_unrestedness,daytime_unrestedness_almost_always,,,,,,,,,,,,,,,,,,,,,,,,,,,,,,,,,,,,,,,,,,,,,,,,,,,,
,,,,,sleep_hygiene_1,,,,,,,,,any_of,sleep_hygiene_1_poor,,sleep_hygiene_1_healthy,,,,,,,,,,,,,,,,,,,,,,,,,,,,,,,,,,,,,,,,,,
,,,,,,,,,,,,,,,,,,,,,,,,,,,,,,,,,,,,,,,,,,,,,,,,,,,,,,,,,,,
,,,,,sleep_hygiene_2,naive_insomnia,insomnia_yes,,,,,,,,,,,,,,,,,,,,,,,,,,,,,,,,,,,,,,,,,,,,,,,,,,,,
,,,,,sleep_hygiene_2,trouble_falling_to_sleep,trouble_falling_to_sleep_almost_always,,,,,,,,,,,,,,,,,,,,,,,,,,,,,,,,,,,,,,,,,,,,,,,,,,,,
,,,,,sleep_hygiene_2,inadequate_sleep,inadequate_sleep_almost_always,,,,,,,,,,,,,,,,,,,,,,,,,,,,,,,,,,,,,,,,,,,,,,,,,,,,
,,,,,sleep_hygiene_2,sleep_anomaly,workday_sleep_under_5,,,,,,,,,,,,,,,,,,,,,,,,,,,,,,,,,,,,,,,,,,,,,,,,,,,,
,,,,,sleep_hygiene_2,weekend_sleep_hours_per_night,weekend_sleep_under_5,,,,,,,,,,,,,,,,,,,,,,,,,,,,,,,,,,,,,,,,,,,,,,,,,,,,
,,,,,sleep_hygiene_2,,,,,,,,,any_of,sleep_hygiene_2_poor,,sleep_hygiene_2_healthy,,,,,,,,,,,,,,,,,,,,,,,,,,,,,,,,,,,,,,,,,,
,,,,,,,,,,,,,,,,,,,,,,,,,,,,,,,,,,,,,,,,,,,,,,,,,,,,,,,,,,,
,,,,,,,,,,,,,,,,,,,,,,,,,,,,,,,,,,,,,,,,,,,,,,,,,,,,,,,,,,,
,,,,,sleep_hygiene,sleep_hygiene_1,sleep_hygiene_1_poor,,,,,,,,,,,,,,,,,,,,,,,,,,,,,,,,,,,,,,,,,,,,,,,,,,,,
,,,,,sleep_hygiene,sleep_hygiene_2,sleep_hygiene_2_poor,,,,,,,,,,,,,,,,,,,,,,,,,,,,,,,,,,,,,,,,,,,,,,,,,,,,
,,,,,sleep_hygiene,,,,,,,,,all_of,sleep_hygiene_poor,,sleep_hygiene_healthy,,,,,,,,,,,,,,,,,,,,,,,,,,,,,,,,,,,,,,,,,,
,,,,,,,,,,,,,,,,,,,,,,,,,,,,,,,,,,,,,,,,,,,,,,,,,,,,,,,,,,,
,,,,,,,,,,,,,,,,,,,,,,,,,,,,,,,,,,,,,,,,,,,,,,,,,,,,,,,,,,,
0.16,,0.76,0.06,OR,sarcopenia,inadequate_sleep,inadequate_sleep_rarely_or_never,,,,,0.7903494176372712,0.0550552999902124,,,,,,,,,,,,,,"<science><title>Effect of Sleep Quality on the Prevalence of Sarcopenia in Older Adults: A Systematic Review with Meta-Analysis</>Jacobo Á Rubio-Arias, Raquel Rodríguez-Fernández, Luis Andreu, Luis M Martínez-Aranda, Alejandro Martínez-Rodriguez, Domingo J Ramos-Campo<source>J Clin Med</>2019 Dec 6;8(12):2156<link>https://pubmed.ncbi.nlm.nih.gov/31817603/</></>",,,,,,,,,,,,,,,,,,,,,,,,,,,,,19677.0,meta-analysis,older adults,
,,,,,sarcopenia,,,,,,,,,dependency_priors,sarcopenia_yes,0.16,sarcopenia_no,0.84,,,,,,,,,,"https://pubmed.ncbi.nlm.nih.gov/36907247/#:~:text=The%20prevalence%20of%20sarcopenia%20varied,16%20%25%20of%20the%20elderly%20worldwide.",,,,,,,,,,,,,,,,,,,,,,,,,,,,,,,
,,,,,,,,,,,,,,,,,,,,,,,,,,,,,,,,,,,,,,,,,,,,,,,,,,,,,,,,,,,
,,,,,milk_alergy,vitamin_d_nmol_per_liter_naive,,,,,,,,naive_0_nhanes_explicit,milk_alergy_yes,11,milk_alergy_no,missing,,,,,,,DBQ925B,,,,,,,,,,,,,,,,,,,,,,,,,,,,,,,,,,
,,,,,dietary_calcium_mg,vitamin_d_nmol_per_liter_naive,,,,,,,,naive_0_nhanes_quartile,,,,,,,,,,,DR1TCALC,,,,,,,,,,,,,,,,,,,,,,,,,,,,,,,,,,
,,,,,daily_servings_milk,,,,,,,,,naive_0_nhanes_explicit,daily_servings_milk_none,0,daily_servings_milk_1,1,daily_servings_milk_2,2,daily_servings_milk_3_or_more,3-10,,,DBD270B,,,[2026-05-13 naive_0 guard-2 removal cycle] Blanked input column (was 'vitamin_d_nmol_per_liter_naive'). Leaf daily_servings_milk is the input of 1 downstream study row(s) - an empirical P(leaf|parent) CPT would compete with the literature RR. The dependency.py guard (2) was silently demoting this to discrete priors anyway. Making the CSV honest.,,,,,,,,,,,,,,,,,,,,,,,,,,,,,,,
,,,,,calcium_mg_per_dl,vitamin_d_nmol_per_liter_naive,,,,,,,,naive_0_nhanes_explicit,calcium_mg_per_dl_low_under8.5,0-8.4,calcium_mg_per_dl_normal_8.5_to_10.5,8.5-10.5,calcium_mg_per_dl_high_above_10.5,10.6-100,,,,,LBXSCA,2.0,,"https://www.ncbi.nlm.nih.gov/books/NBK250/#:~:text=Calcium%20is%20maintained%20within%20a,much%20as%200.5%20mg%2Fdl.",,,,,,,,,,,,,,,,,,,,,,,,,,,,,,,
,,,,,vitamin_d_supplementation_mcg,,,,,,,,,naive_0_nhanes_quartile,,,,,,,,,,,DS2TVD,,,[2026-05-13 naive_0 guard-2 removal cycle] Blanked input column (was 'vitamin_d_nmol_per_liter_naive'). Leaf vitamin_d_supplementation_mcg is the input of 4 downstream study row(s) - an empirical P(leaf|parent) CPT would compete with the literature RR. The dependency.py guard (2) was silently demoting this to discrete priors anyway. Making the CSV honest. | ORIGINAL: vitamin_d,,,,,,,,,,,,,,,,,,,,,,,,,,,,,,,
,,,,,vitamin_d_nmol_per_liter_naive,,,,,,,,,discrete_nhanes_explicit,vitamin_d_nmol_per_liter_deficiency_under_30,0-29.999,vitamin_d_nmol_per_liter_insufficiency_30_to_49,30-49.999,vitamin_d_nmol_per_liter_normal_50_to_124,50-124.999,vitamin_d_nmol_per_liter_toxic_over_124,125-1000,,,LBXVIDMS,3.0,,"https://ods.od.nih.gov/factsheets/VitaminD-HealthProfessional/#:~:text=Levels%20of%2050%20nmol%2FL,metabolism%20%5B11%2C12%5D.","https://www.uth.edu/news/story.htm?id=0520d178-ab7a-49af-858e-a7adeec0b30e#:~:text=Vitamin%20D%20deficiency%20is%20already,National%20Institutes%20of%20Health%20database.",,,,,,,,,,,,,,,,,,,,,,,,,,,,,,
,,,,,,,,,,,,,,,,,,,,,,,,,,,,,,,,,,,,,,,,,,,,,,,,,,,,,,,,,,,
,,,,,vitamin_d_nmol_per_liter,vitamin_d_nmol_per_liter_naive,vitamin_d_nmol_per_liter_deficiency_under_30,,,,,,,equivalent_to,,,,,,,,,,,,,,,,,,,,,,,,,,,,,,,,,,,,,,,,,,,,,
0.38,,1.163,0.65,SMD,vitamin_d_nmol_per_liter,sarcopenia,sarcopenia_yes,,,,,2.195187022044631,0.5951439133371426,,,,,,,,,,,,,,"<science><title>Does vitamin D affect sarcopenia with insulin resistance in aging?</>Yang Du, Chorong Oh, Jaekyung No<source>Asia Pac J Clin Nutr</>2020;29(3):648-656<link>https://pubmed.ncbi.nlm.nih.gov/32990626/</></>","[autofill Apr-20] col A updated to NHANES P0 per , 2026 convention",,,,,,,,,,,,,,,,,,,,,,,,,,,,19528.0,unknown,"review, elderly",
,,,,,vitamin_d_nmol_per_liter,,,,,,,,,dependency_nhanes_explicit,vitamin_d_nmol_per_liter_deficiency_under_30,0-29.999,vitamin_d_nmol_per_liter_deficiency_under_30_not,30-1000,,,,,,,LBXVIDMS,,,"https://ods.od.nih.gov/factsheets/VitaminD-HealthProfessional/#:~:text=Levels%20of%2050%20nmol%2FL,metabolism%20%5B11%2C12%5D.","https://www.uth.edu/news/story.htm?id=0520d178-ab7a-49af-858e-a7adeec0b30e#:~:text=Vitamin%20D%20deficiency%20is%20already,National%20Institutes%20of%20Health%20database.",,,,,,,,,,,,,,,,,,,,,,,,,,,,,,
,,,,,,,,,,,,,,,,,,,,,,,,,,,,,,,,,,,,,,,,,,,,,,,,,,,,,,,,,,,
0.15,,2.17,0.79,OR,walking_speed,vitamin_d_nmol_per_liter,vitamin_d_nmol_per_liter_deficiency_under_30,,,,,1.8460229689493832,0.5404411335662234,,,,,,,,,,,,,,"<science><title>Vitamin D and walking speed in older adults: Systematic review and meta-analysis</>Cedric Annweiler, Samir Henni, Stéphane Walrand, Manuel Montero-Odasso, Gustavo Duque, Guillaume T Duval <source>Maturitas</>2017 Dec;106:8-25<link>https://pubmed.ncbi.nlm.nih.gov/29150169/</></>","FIXED: D was 0.65 (lower CI distance). Correct: VitD_severe_deficiency->slow_walk OR=2.17 (1.52-3.10), pm=0.79. PMID:29150169",,,,,,,,,,,,,,,,,,,,,,,,,,,,22.0,meta-analysis,22 observational studies,"FIXED P0: was 0.486, corrected to 0.1500 (output NHANES prior)"
0.15,,1.38,0.44,OR,walking_speed,vitamin_d_nmol_per_liter_naive,vitamin_d_nmol_per_liter_insufficiency_30_to_49,,,,,1.30558183538316,0.3570450038998097,,,,,,,,,,,,,,"<science><title>Vitamin D and walking speed in older adults: Systematic review and meta-analysis</>Cedric Annweiler, Samir Henni, Stéphane Walrand, Manuel Montero-Odasso, Gustavo Duque, Guillaume T Duval <source>Maturitas</>2017 Dec;106:8-25<link>https://pubmed.ncbi.nlm.nih.gov/29150169/</></>","FIXED: D was 0.34 (lower CI distance). Correct: VitD_deficiency->slow_walk OR=1.38 (1.01-1.89), pm=0.44. PMID:29150169",,,,,,,,,,,,,,,,,,,,,,,,,,,,22.0,meta-analysis,22 observational studies,"FIXED P0: was 0.486, corrected to 0.1500 (output NHANES prior)"
,,,,,walking_speed,,,,,,,,,dependency_priors,walking_speed_slow_below_.8_mps,0.15,walking_speed_normal_.8_mps_or_above,0.85,,,,,,,,,,https://www.mdpi.com/2308-3417/8/5/95,"https://www.mdpi.com/2308-3417/8/5/95#:~:text=The%20overall%20estimated%20prevalence%20of,significant%20(p%20%3D%200.06).",,,,,,,,,,,,,,,,,,,,,,,,,,,,,,
,,,,,,,,,,,,,,,,,,,,,,,,,,,,,,,,,,,,,,,,,,,,,,,,,,,,,,,,,,,
,,,,,walking_speed_anomaly,walking_speed,walking_speed_slow_below_.8_mps,,,,,,,equivalent_to,,,,,,,,,,,,,,,,,,,,,,,,,,,,,,,,,,,,,,,,,,,,,
,,,,,walking_speed_anomaly,,,,,,,,,dependency_priors,walking_speed_slow_below_.8_mps,0.15,walking_speed_slow_below_.8_mps_not,0.85,,,,,,,,,,,,,,,,,,,,,,,,,,,,,,,,,,,,,,,,,
,,,,,,,,,,,,,,,,,,,,,,,,,,,,,,,,,,,,,,,,,,,,,,,,,,,,,,,,,,,
,,,,,exercise,original_aerobic_volume_concept,aerobic_volume_concept_yes,,,,,,,,,,,,,,,,,,,,,"redirected 13:55: was wrapper, now unwrapped chain",,,,,,,,,,,,,,,,,,,,,,,,,,,,,,,
,,,,,exercise,strength_concept,strength_concept_yes,,,,,,,,,,,,,,,,,,,,,[debug ] consumer ref _wrapped_yes -> _yes after wrapper value1/value2 normalization,,,,,,,,,,,,,,,,,,,,,,,,,,,,,,,
,,,,,exercise,fitness_concept,fitness_concept_yes,,,,,,,,,,,,,,,,,,,,,[debug ] consumer ref _wrapped_yes -> _yes after wrapper value1/value2 normalization,,,,,,,,,,,,,,,,,,,,,,,,,,,,,,,
,,,,,,,,,,,,,,,,,,,,,,,,,,,,"OBSOLETE: was exercise input, replaced by concept wrappers. Row intentionally blanked (not deleted) to preserve formula row refs.",,,,,,,,,,,,,,,,,,,,,,,,,,,,,,,
,,,,,exercise,,,,,,,,,any_of,exercise_high_not,,exercise_high,,,,,,,,,,,,,,,,,,,,,,,,,,,,,,,,,,,,,,,,,,
,,,,,,,,,,,,,,,,,,,,,,,,,,,,,,,,,,,,,,,,,,,,,,,,,,,,,,,,,,,
,,,,,sedentariness,walking_speed_anomaly,walking_speed_slow_below_.8_mps_not,,,,,,,,,,,,,,,,,,,,,,,,,,,,,,,,,,,,,,,,,,,,,,,,,,,,
,,,,,sedentariness,chore_difficulty,chore_difficulty_unable_not,,,,,,,,,,,,,,,,,,,,,,,,,,,,,,,,,,,,,,,,,,,,,,,,,,,,
,,,,,sedentariness,daily_time_sitting,"daily_time_sitting_less_than_2_hours,daily_time_sitting_over_2_but_less_than_6_hours",,,,,,,,,,,,,,,,,,,,,,,,,,,,,,,,,,,,,,,,,,,,,,,,,,,,
,,,,,sedentariness,,,,,,,,,any_of,sedentariness_low,,sedentariness_high,,,,,,,,,1.0,,,,,,,,,,,,,,,,,,,,,,,,,,,,,,,,,
,,,,,,,,,,,,,,,,,,,,,,,,,,,,,,,,,,,,,,,,,,,,,,,,,,,,,,,,,,,
,,,,,physical_activity,sedentariness,sedentariness_low,,,,,,,,,,,,,,,,,,,,,,,,,,,,,,,,,,,,,,,,,,,,,,,,,,,,
,,,,,physical_activity,exercise,exercise_high,,,,,,,,,,,,,,,,,,,,,,,,,,,,,,,,,,,,,,,,,,,,,,,,,,,,
,,,,,physical_activity,,,,,,,,,any_of,physical_activity_high,,physical_activity_low,,,,,,,,,1.0,,,,,,,,,,,,,,,,,,,,,,,,,,,,,,,,,
,,,,,,,,,,,,,,,,,,,,,,,,,,,,,,,,,,,,,,,,,,,,,,,,,,,,,,,,,,,
,,,,,iron_ug_dL,anemia,,,,,,,,naive_0_nhanes_quartile,,,,,,,,,,,LBXSIR,,,,,,,,,,,,,,,,,,,,,,,,,,,,,,,,,,
,,,,,ferritin_ng_mL,anemia,,,,,,,,naive_0_nhanes_explicit,ferritin_ng_mL_low_below_11,0-10.999,ferritin_ng_mL_normal_11_to_335,11-335.999,ferritin_ng_mL_high_above_336,336-10000,,,,,LBXFER,2.0,,"https://www.ncbi.nlm.nih.gov/pmc/articles/PMC3093720/#:~:text=Many%20laboratories%20consider%20serum%20ferritin,in%20men%20to%20be%20abnormal.",,,,,,,,,,,,,,,,,,,,,,,,,,,,,,,
,,,,,hemoglobin_g_dL_naive,,,,,,,,,naive_0_nhanes_explicit,hemoglobin_g_dL_severe_anemia_below_8,0-7.9,hemoglobin_g_dL_moderate_anemia_8_to_10,8-10,hemoglobin_g_dL_slight_anemia_above_10_to_12,10.1-12,hemoglobin_g_dL_normal_above_12,12.1-10000,,,LBXHGB,,,"[2026-05-13 naive_0 guard-3 removal cycle] Blanked input column (was 'anemia'). Leaf hemoglobin_g_dL_naive is the input of an equivalent_to row, so a parent-conditional CPT here would create a triple-constraint conflict with the equivalent_to mapping + the wrapper's dep_nhanes_explicit marginal. The dependency.py guard (3) was silently demoting this to discrete priors anyway; making the CSV honest about that.",,,,,,,,,,,,,,,,,,,,,,,,,,,,,,,
,,,,,mean_cell_volume_fL,anemia,,,,,,,,naive_0_nhanes_quartile,,,,,,,,,,,LBXMCVSI,,,,,,,,,,,,,,,,,,,,,,,,,,,,,,,,,,
,,,,,nucleated_red_blood_cells,anemia,,,,,,,,naive_0_nhanes_explicit,nucleated_red_blood_cells_high_0.2,.2-10000,nucleated_red_blood_cells_high_normal_0.1,.1-.19,nucleated_red_blood_cells_low_normal_0.0,0-.09,,,,,LBXNRBC,,,,,,,,,,,,,,,,,,,,,,,,,,,,,,,,,,
,,,,,red_cell_distribution_width,anemia,,,,,,,,naive_0_nhanes_quartile,,,,,,,,,,,LBXRDW,1.0,,,,,,,,,,,,,,,,,,,,,,,,,,,,,,,,,
,,,,,serum_iron_ug_dL,anemia,,,,,,,,naive_0_nhanes_quartile,,,,,,,,,,,LBXIRN,,,,,,,,,,,,,,,,,,,,,,,,,,,,,,,,,,
,,,,,anemia,,,,,,,,,discrete_nhanes_explicit,anemia_yes,1,anemia_no,2,,,,,,,MCQ053,,,,,,,,,,,,,,,,,,,,,,,,,,,,,,,,,,
,,,,,,,,,,,,,,,,,,,,,,,,,,,,,,,,,,,,,,,,,,,,,,,,,,,,,,,,,,,
,,,,,hemoglobin_g_dL,hemoglobin_g_dL_naive,hemoglobin_g_dL_severe_anemia_below_8,,,,,,,equivalent_to,,,,,,,,,,,,,,,,,,,,,,,,,,,,,,,,,,,,,,,,,,,,,
0.022,,0.297393232726934,0.1274119309191867,SMD,hemoglobin_g_dL,frailty,frailty_yes,,,,,1.6866025609506796,0.3370515294750793,,,,,,,,,,,,,,"<science><title>Circulating biomarkers characterizing physical frailty: CRP, hemoglobin, albumin, 25OHD and free testosterone as best biomarkers. Results of a meta-analysis</>Aurélie Mailliez, Axel Guilbaud, François Puisieux, Luc Dauchet, Éric Boulanger<source>Exp Gerontol</>2020 Oct 1;139:111014.<link>https://pubmed.ncbi.nlm.nih.gov/32599147/</></>","[autofill Apr-20] col A updated to NHANES P0 per , 2026 convention",,,,,,,,,,,,,,,,,,,,,,,,,,,,39798.0,meta-analysis,"67 studies, elderly",
,,,,,hemoglobin_g_dL,,,,,,,,,dependency_nhanes_explicit,hemoglobin_g_dL_severe_anemia_below_8,0-7.9,hemoglobin_g_dL_severe_anemia_below_8_not,8.0-10000,,,,,,,LBXHGB,,,,,,,,,,,,,,,,,,,,,,,,,,,,,,,,,,
,,,,,,,,,,,,,,,,,,,,,,,,,,,,,,,,,,,,,,,,,,,,,,,,,,,,,,,,,,,
,,,,,insomnia,naive_insomnia,insomnia_yes,,,,,,,equivalent_to,,,,,,,,,,,,,,,,,,,,,,,,,,,,,,,,,,,,,,,,,,,,,
,,,,,,,,,,,,,,,,,,,,,,,,,,,,,,,,,,,,,,,,,,,,,,,,,,,,,,,,,,,
0.25,,1.39,0.17,OR,insomnia,anemia,anemia_yes,,,,,1.2665148063781322,0.1101167021127293,,,,,,,,,,,,,,"<science><title>Anemia and insomnia: a cross-sectional study and meta-analysi</>Samantha N Neumann, Jun-Juan Li, Xiao-Dong Yuan, Shuo-Hua Chen, Chao-Ran Ma, Laura E Murray-Kolb, Yun Shen, Shou-Ling Wu, Xiang Gao<source>Chin Med J (Engl)</>2020 Dec 21;134(6):675-681<link>https://pubmed.ncbi.nlm.nih.gov/33725707/</></>","[autofill Apr-20] col A updated to NHANES P0 per , 2026 convention",,,,,,,,,,,,,,,,,,,,,,,,,,,,22134.0,meta-analysis,"4 cross-sectional studies, Chinese/mixed adults",
,,,,,,,,,,,,,,,,,,,,,,,,,,,,"[BLANKED 2026-05-12 cycle 9] Row 228 mis-encoded Baglioni 2011 (OR=2.60 for insomnia→depression direction per citation text) as output=insomnia, input=depression - that reads as 'depression CAUSES insomnia' in BN convention, opposite of what Baglioni measured. Row 2520 (Li 2016 PMID 27816065, RR=2.27 prospective meta of 34 cohorts) correctly encodes insomnia→depression. Removing row 228 to break the 2-cycle that crashes parse_dependency. Original: [2026-05-10 quorum-verified A+B; replaces deleted iter#1-4 fake-cite row]",,,,,,,,,,,,,,,,,,,,,,,,,,,,,,,
,,2.02,0.23,OR,insomnia,pain,pain_yes,,,,,,,,,,,,,,,,,,,,"https://pubmed.ncbi.nlm.nih.gov/37104741/ - Santos et al 2023 Rheumatology (Oxford) - chronic musculoskeletal pain → sleep-related problems incidence OR=2.02 (95%CI 1.62-2.53); meta-analysis of 17 prospective cohort studies, N=208,190 adults aged 34-71y.",[2026-05-10 quorum-verified A+B; both agents agree on Santos 2023 PMID 37104741 + OR=2.02],,,,,,,,,,,,,,,,,,,,,,,,,,,,,,,
,,,,,insomnia,,,,,,,,,dependency_nhanes_explicit,insomnia_yes,"3,4",insomnia_no,"0,1,2",,,,,,,SLQ080,,,,,,,,,,,,,,,,,,,,,,,,,,,,,,,,,,
,,,,,,,,,,,,,,,,,,,,,,,,,,,,,,,,,,,,,,,,,,,,,,,,,,,,,,,,,,,
,,,,,mediterranean_diet,,,,,,,,,discrete_priors,mediterranean_diet_no,0.95,mediterranean_diet_yes,0.05,,,,,,,,,,https://www.statista.com/statistics/993725/consumer-diet-share-us/,,,,,,,,,,,,,,,,,,,,,,,,,,,,,,,
,,,,,,,,,,,,,,,,,,,,,,,,,,,,,,,,,,,,,,,,,,,,,,,,,,,,,,,,,,,
,,,,,birth_weight_lbs,annual_household_income,,,,,,,,naive_0_nhanes_explicit,birth_weight_lbs_under_5,0-4,birth_weight_lbs_5_to_6,5-6,birth_weight_lbs_7_to_8,7-8,birth_weight_lbs_9_to_11_lbs,9-11,birth_weight_lbs_above_11,11-10000,ECD070A,,,,,,,,,,,,,,,,,,,,,,,,,,,,,,,,,,
,,,,,us_born,annual_household_income,,,,,,,,naive_0_nhanes_explicit,us_born_no,2,us_born_yes,1,,,,,,,DMDBORN4,,,,,,,,,,,,,,,,,,,,,,,,,,,,,,,,,,
,,,,,race,annual_household_income,,,,,,,,naive_0_nhanes_explicit,race_black,4,race_hispanic,"1,2",race_other,5,race_white,3,,,RIDRETH1,,,,,,,,,,,,,,,,,,,,,,,,,,,,,,,,,,
,,,,,age_at_first_live_birth,annual_household_income,,,,,,,,naive_0_nhanes_quartile,,14-45,,,,,,,,,RHD180,,,,,,,,,,,,,,,,,,,,,,,,,,,,,,,,,,
,,,,,age_at_menarche,,,,,,,,,naive_0_nhanes_explicit,age_at_menarche_younger_than_10,1,age_at_menarche_10_to_12,2,age_at_menarche_13_to_15,3,age_at_menarche_16_or_older,4,,,RHQ020,,,[2026-05-13 naive_0 guard-1 removal cycle] Blanked input column (was 'annual_household_income'). Heavy study-parent: leaf age_at_menarche is the input of 8 downstream study rows. Empirical P(leaf|parent) CPT collides with all those study constraints and saturates downstream marginals (cycle 18 case). Guard 1 was silently demoting; making the CSV honest.,,,,,,,,,,,,,,,,,,,,,,,,,,,,,,,
,,,,,how_long_since_saw_doctor,annual_household_income,,,,,,,,naive_0_nhanes_explicit,never_saw_a_doctor,6,saw_doctor_more_than_5_years_ago,5,saw_doctor_2_to_5_years_ago,4,saw_doctor_1_to_2_years_ago,3,saw_doctor_6_to_12_months_ago,2,HUQ061,,,,,,,,,,,,,,,,,,,,,,,,,,,,,,,,,,
,,,,,how_many_times_saw_doctor_last_year,annual_household_income,,,,,,,,naive_0_nhanes_explicit,saw_doctor_none_last_year,0,saw_doctor_1_time_last_year,1,saw_doctor_2_or_3_times_last_year,2,saw_doctor_4_or_5_times_last_year,3,saw_doctor_over_5_times_last_year,4-8,HUQ051,,,,,,,,,,,,,,,,,,,,,,,,,,,,,,,,,,
,,,,,prescription_health_insurance,annual_household_income,,,,,,,,naive_0_nhanes_explicit,prescription_health_insurance_no,2,prescription_health_insurance_yes,1,,,,,,,HIQ270,,,,,,,,,,,,,,,,,,,,,,,,,,,,,,,,,,
,,,,,employment,annual_household_income,,,,,,,,naive_0_nhanes_explicit,employment_unemployed,3,employment_associated,2,employment_not_working,4,employment_working,1,,,OCD150,,,,,,,,,,,,,,,,,,,,,,,,,,,,,,,,,,
,,,,,cant_afford_healthy_diet,,,,,,,,,naive_0_nhanes_explicit,cant_afford_healthy_diet_often_true,1,cant_afford_healthy_diet_sometimes_true,2,cant_afford_healthy_diet_never_true,3,,,,,FSD032C,,,"[2026-05-13 naive_0 guard-3 removal cycle] Blanked input column (was 'annual_household_income'). Leaf cant_afford_healthy_diet is the input of an equivalent_to row, so a parent-conditional CPT here would create a triple-constraint conflict with the equivalent_to mapping + the wrapper's dep_nhanes_explicit marginal. The dependency.py guard (3) was silently demoting this to discrete priors anyway; making the CSV honest about that.",,,,,,,,,,,,,,,,,,,,,,,,,,,,,,,
,,,,,education_level,,,,,,,,,naive_0_nhanes_explicit,education_level_less_than_9th_grade,1,education_level_9th_to_11th_grade,2,education_level_high_school_GED,3,education_level_at_least_some_college,"4,5",,,DMDEDUC2,,,[2026-05-13 naive_0 guard-2 removal cycle] Blanked input column (was 'annual_household_income'). Leaf education_level is the input of 2 downstream study row(s) - an empirical P(leaf|parent) CPT would compete with the literature RR. The dependency.py guard (2) was silently demoting this to discrete priors anyway. Making the CSV honest.,,,,,,,,,,,,,,,,,,,,,,,,,,,,,,,
,,,,,have_health_insurance,annual_household_income,,,,,,,,naive_0_nhanes_explicit,have_health_insurance_no,2,have_health_insurance_yes,1,,,,,,,HIQ011,,,,,,,,,,,,,,,,,,,,,,,,,,,,,,,,,,
,,,,,annual_household_income,,,,,,,,,discrete_nhanes_explicit,annual_household_income_under_20K,1-4,annual_household_income_20K_to_55K,5-8,annual_household_income_56K_to_100K,9-14,annual_household_income_over_100K,15,,,INDHHIN2,,,,,,,,,,,,,,,,,,,,,,,,,,,,,,,,,,
,,,,,,,,,,,,,,,,,,,,,,,,,,,,,,,,,,,,,,,,,,,,,,,,,,,,,,,,,,,
,,,,,,,,,,,,,,,,,,,,,,,,,,,,,,,,,,,,,,,,,,,,,,,,,,,,,,,,,,,
,,,,,dietary_alpha_carotene_mcg,how_healthy_diet,,,,,,,,naive_0_nhanes_quartile,,,,,,,,,,,DR1TACAR,,,,,,,,,,,,,,,,,,,,,,,,,,,,,,,,,,
,,,,,dietary_alpha_tocopherol_mg,,,,,,,,,naive_0_nhanes_quartile,,,,,,,,,,,DR1TATOC,,,[2026-05-13 naive_0 guard-2 removal cycle] Blanked input column (was 'how_healthy_diet'). Leaf dietary_alpha_tocopherol_mg is the input of 1 downstream study row(s) - an empirical P(leaf|parent) CPT would compete with the literature RR. The dependency.py guard (2) was silently demoting this to discrete priors anyway. Making the CSV honest.,,,,,,,,,,,,,,,,,,,,,,,,,,,,,,,
,,,,,dietary_b12_mcg,,,,,,,,,naive_0_nhanes_quartile,,,,,,,,,,,DR1TVB12,,,[2026-05-13 naive_0 guard-2 removal cycle] Blanked input column (was 'how_healthy_diet'). Leaf dietary_b12_mcg is the input of 1 downstream study row(s) - an empirical P(leaf|parent) CPT would compete with the literature RR. The dependency.py guard (2) was silently demoting this to discrete priors anyway. Making the CSV honest.,,,,,,,,,,,,,,,,,,,,,,,,,,,,,,,
,,,,,dietary_b6_mg,how_healthy_diet,,,,,,,,naive_0_nhanes_quartile,,,,,,,,,,,DR1TVB6,,,,,,,,,,,,,,,,,,,,,,,,,,,,,,,,,,
,,,,,dietary_beta_carotene_mcg,how_healthy_diet,,,,,,,,naive_0_nhanes_quartile,,,,,,,,,,,DR1TBCAR,3.0,,,,,,,,,,,,,,,,,,,,,,,,,,,,,,,,,
,,,,,dietary_caffeine_mg,how_healthy_diet,,,,,,,,naive_0_nhanes_quartile,,,,,,,,,,,DR1TCAFF,,,,,,,,,,,,,,,,,,,,,,,,,,,,,,,,,,
,,,,,dietary_carbohydrate_gm,how_healthy_diet,,,,,,,,naive_0_nhanes_quartile,,,,,,,,,,,DR1TCARB,3.0,,,,,,,,,,,,,,,,,,,,,,,,,,,,,,,,,
,,,,,dietary_cholesterol_mg,how_healthy_diet,,,,,,,,naive_0_nhanes_quartile,,,,,,,,,,,DR1TCHOL,,,,,,,,,,,,,,,,,,,,,,,,,,,,,,,,,,
,,,,,dietary_choline_mg,how_healthy_diet,,,,,,,,naive_0_nhanes_quartile,,,,,,,,,,,DR1TCHL,,,,,,,,,,,,,,,,,,,,,,,,,,,,,,,,,,
,,,,,dietary_copper_mg,how_healthy_diet,,,,,,,,naive_0_nhanes_quartile,,,,,,,,,,,DR1TCOPP,3.0,,,,,,,,,,,,,,,,,,,,,,,,,,,,,,,,,
,,,,,dietary_fat_gm,how_healthy_diet,,,,,,,,naive_0_nhanes_quartile,,,,,,,,,,,DR1TTFAT,3.0,,,,,,,,,,,,,,,,,,,,,,,,,,,,,,,,,
,,,,,dietary_fiber_gm,,,,,,,,,naive_0_nhanes_quartile,,,,,,,,,,,DR1TFIBE,,,[2026-05-13 naive_0 guard-1 removal cycle] Blanked input column (was 'how_healthy_diet'). Heavy study-parent: leaf dietary_fiber_gm is the input of 6 downstream study rows. Empirical P(leaf|parent) CPT collides with all those study constraints and saturates downstream marginals (cycle 18 case). Guard 1 was silently demoting; making the CSV honest.,,,,,,,,,,,,,,,,,,,,,,,,,,,,,,,
,,,,,dietary_iron_mg,how_healthy_diet,,,,,,,,naive_0_nhanes_quartile,,,,,,,,,,,DR1TIRON,3.0,,,,,,,,,,,,,,,,,,,,,,,,,,,,,,,,,
,,,,,dietary_lutein_mcg,how_healthy_diet,,,,,,,,naive_0_nhanes_quartile,,,,,,,,,,,DR1TLZ,,,,,,,,,,,,,,,,,,,,,,,,,,,,,,,,,,
,,,,,dietary_lycopene_mcg,how_healthy_diet,,,,,,,,naive_0_nhanes_quartile,,,,,,,,,,,DR1TLYCO,,,,,,,,,,,,,,,,,,,,,,,,,,,,,,,,,,
,,,,,dietary_magnesium_mg,,,,,,,,,naive_0_nhanes_quartile,,,,,,,,,,,DR1TMAGN,,,[2026-05-13 naive_0 guard-2 removal cycle] Blanked input column (was 'how_healthy_diet'). Leaf dietary_magnesium_mg is the input of 2 downstream study row(s) - an empirical P(leaf|parent) CPT would compete with the literature RR. The dependency.py guard (2) was silently demoting this to discrete priors anyway. Making the CSV honest.,,,,,,,,,,,,,,,,,,,,,,,,,,,,,,,
,,,,,dietary_potassium_mg,how_healthy_diet,,,,,,,,naive_0_nhanes_quartile,,,,,,,,,,,DR1TPOTA,,,,,,,,,,,,,,,,,,,,,,,,,,,,,,,,,,
,,,,,dietary_retinol_mcg,how_healthy_diet,,,,,,,,naive_0_nhanes_quartile,,,,,,,,,,,DR1TRET,3.0,,,,,,,,,,,,,,,,,,,,,,,,,,,,,,,,,
,,,,,dietary_riboflavin_mg,how_healthy_diet,,,,,,,,naive_0_nhanes_quartile,,,,,,,,,,,DR1TVB2,,,,,,,,,,,,,,,,,,,,,,,,,,,,,,,,,,
,,,,,dietary_selenium_mcg,how_healthy_diet,,,,,,,,naive_0_nhanes_quartile,,,,,,,,,,,DR1TSELE,,,,,,,,,,,,,,,,,,,,,,,,,,,,,,,,,,
,,,,,dietary_sodium_mg,how_healthy_diet,,,,,,,,naive_0_nhanes_quartile,,,,,,,,,,,DR1TSODI,3.0,,,,,,,,,,,,,,,,,,,,,,,,,,,,,,,,,
,,,,,dietary_thiamin_mg,how_healthy_diet,,,,,,,,naive_0_nhanes_quartile,,,,,,,,,,,DR1TVB1,,,,,,,,,,,,,,,,,,,,,,,,,,,,,,,,,,
,,,,,dietary_vitamin_C_mg,how_healthy_diet,,,,,,,,naive_0_nhanes_quartile,,,,,,,,,,,DR1TVC,,,,,,,,,,,,,,,,,,,,,,,,,,,,,,,,,,
,,,,,dietary_zinc_mg,,,,,,,,,naive_0_nhanes_quartile,,,,,,,,,,,DR1TZINC,,,[2026-05-13 naive_0 guard-2 removal cycle] Blanked input column (was 'how_healthy_diet'). Leaf dietary_zinc_mg is the input of 1 downstream study row(s) - an empirical P(leaf|parent) CPT would compete with the literature RR. The dependency.py guard (2) was silently demoting this to discrete priors anyway. Making the CSV honest.,,,,,,,,,,,,,,,,,,,,,,,,,,,,,,,
,,,,,manganese_ug_L,how_healthy_diet,,,,,,,,naive_0_nhanes_explicit,manganese_ug_L_low_below_4.7,0-4.699,manganese_ug_L_normal_4.7_to_below_18.3,4.7-18.299,manganese_ug_L_normal_high_18.3_to_36.6,18.3-36.699,manganese_ug_L_high_above_36.6,36.7-1000,,,LBXBMN,,,,,,,,,,,,,,,,,,,,,,,,,,,,,,,,,,
,,,,,selenium_ug_L,how_healthy_diet,,,,,,,,naive_0_nhanes_quartile,,,,,,,,,,,LBXBSE,,,,,,,,,,,,,,,,,,,,,,,,,,,,,,,,,,
,,,,,chloride_mmol_L,how_healthy_diet,,,,,,,,naive_0_nhanes_explicit,chloride_mmol_L_low_below_96.0,0-95.999,chloride_mmol_L_normal_low_96.0_to_99.0,96-99.999,chloride_mmol_L_normal_medium_100.0_to_103.0,100-103.999,chloride_mmol_L_normal_high_104.0_to_106.0,104-106.999,chloride_mmol_L_high_above_106.0,106-119,LBXSCLSI,,,,,,,,,,,,,,,,,,,,,,,,,,,,,,,,,,
,,,,,cobalt_ug_L,how_healthy_diet,,,,,,,,naive_0_nhanes_explicit,cobalt_ug_L_normal_below_0.12,0-.11,cobalt_ug_L_high_normal_0.12_to_0.3,.12-.3,cobalt_ug_L_high_above_0.3,.31-18,,,,,LBXBCO,,,,,,,,,,,,,,,,,,,,,,,,,,,,,,,,,,
,,,,,how_healthy_diet,,,,,,,,,discrete_nhanes_explicit,how_healthy_diet_poor,5,how_healthy_diet_fair,4,how_healthy_diet_good,3,how_healthy_diet_very_good,2,how_healthy_diet_excellent,1,DBQ700,,,,,,,,,,,,,,,,,,,,,,,,,,,,,,,,,,
,,,,,,,,,,,,,,,,,,,,,,,,,,,,,,,,,,,,,,,,,,,,,,,,,,,,,,,,,,,
,,,,,folate_nmol_L,,,,,,,,,naive_0_nhanes_quartile,,,,,,,,,,,LBXSF5SI,,,[2026-05-13 naive_0 guard-2 removal cycle] Blanked input column (was 'dietary_folate_mcg'). Leaf folate_nmol_L is the input of 1 downstream study row(s) - an empirical P(leaf|parent) CPT would compete with the literature RR. The dependency.py guard (2) was silently demoting this to discrete priors anyway. Making the CSV honest.,,,,,,,,,,,,,,,,,,,,,,,,,,,,,,,
,,,,,folate_mefox_nmol_L,dietary_folate_mcg,,,,,,,,naive_0_nhanes_quartile,,,,,,,,,,,LBXSF6SI,,,,,,,,,,,,,,,,,,,,,,,,,,,,,,,,,,
,,,,,folic_acid_nmol_L,dietary_folate_mcg,,,,,,,,naive_0_nhanes_explicit,folic_acid_nmol_L_low_below_4.5,0-4.4999,folic_acid_nmol_L_normal_4.5_to_45.3,4.5-45.3999,folic_acid_nmol_L_high_above_45.3,45.4-1000,,,,,LBXSF2SI,,,,,,,,,,,,,,,,,,,,,,,,,,,,,,,,,,
,,,,,dietary_folate_mcg,,,,,,,,,discrete_nhanes_quartile,,,,,,,,,,,DR1TFDFE,,,,,,,,,,,,,,,,,,,,,,,,,,,,,,,,,,
,,,,,,,,,,,,,,,,,,,,,,,,,,,,,,,,,,,,,,,,,,,,,,,,,,,,,,,,,,,
,,,,,,,,,,,,,,,,,,,,,,,,,,,,,,,,,,,,,,,,,,,,,,,,,,,,,,,,,,,
,,,,,,,,,,,,,,,,,,,,,,,,,,,,,,,,,,,,,,,,,,,,,,,,,,,,,,,,,,,
,,,,,,,,,,,,,,,,,,,,,,,,,,,,,,,,,,,,,,,,,,,,,,,,,,,,,,,,,,,
,,,,,,,,,,,,,,,,,,,,,,,,,,,,,,,,,,,,,,,,,,,,,,,,,,,,,,,,,,,
,,,,,,,,,,,,,,,,,,,,,,,,,,,,,,,,,,,,,,,,,,,,,,,,,,,,,,,,,,,
,,,,,nut_intake,dietary_protein_gm,,,,,,,,naive_0_nhanes_explicit,nut_intake_less_than_every_2_months,1-2,nut_intake_every_one_or_two_months,3-4,nut_intake_2_to_4_times_per_month,5-6,nut_intake_twice_or_more_per_week,7-11,,,FFQ0106,,,,,,,,,,,,,,,,,,,,,,,,,,,,,,,,,,
,,,,,eat_poultry,dietary_protein_gm,,,,,,,,naive_0_nhanes_explicit,eat_poultry_no,2,eat_poultry_yes,1,,,,,,,DBQ110,,,,,,,,,,,,,,,,,,,,,,,,,,,,,,,,,,
,,,,,eat_red_meat,,,,,,,,,naive_0_nhanes_explicit,eat_red_meat_yes,1,eat_red_meat_no,2,,,,,,,DBQ130,,,[2026-05-13 naive_0 guard-2 removal cycle] Blanked input column (was 'dietary_protein_gm'). Leaf eat_red_meat is the input of 1 downstream study row(s) - an empirical P(leaf|parent) CPT would compete with the literature RR. The dependency.py guard (2) was silently demoting this to discrete priors anyway. Making the CSV honest.,,,,,,,,,,,,,,,,,,,,,,,,,,,,,,,
,,,,,peas_and_beans_times_per_month,dietary_protein_gm,,,,,,,,naive_0_nhanes_quartile,,0-66665,,,,,,,,,DBD103,,,,,,,,,,,,,,,,,,,,,,,,,,,,,,,,,,
,,,,,dietary_protein_gm,,,,,,,,,discrete_nhanes_quartile,,,,,,,,,,,DR1TPROT,,,,,,,,,,,,,,,,,,,,,,,,,,,,,,,,,,
,,,,,,,,,,,,,,,,,,,,,,,,,,,,,,,,,,,,,,,,,,,,,,,,,,,,,,,,,,,
,,,,,,,,,,,,,,,,,,,,,,,,,,,,,,,,,,,,,,,,,,,,,,,,,,,,,,,,,,,
,,,,,,,,,,,,,,,,,,,,,,,,,,,,,,,,,,,,,,,,,,,,,,,,,,,,,,,,,,,
,,,,,,,,,,,,,,,,,,,,,,,,,,,,,,,,,,,,,,,,,,,,,,,,,,,,,,,,,,,
,,,,,,,,,,,,,,,,,,,,,,,,,,,,,,,,,,,,,,,,,,,,,,,,,,,,,,,,,,,
,,,,,,,,,,,,,,,,,,,,,,,,,,,,,,,,,,,,,,,,,,,,,,,,,,,,,,,,,,,
,,,,,,,,,,,,,,,,,,,,,,,,,,,,,,,,,,,,,,,,,,,,,,,,,,,,,,,,,,,
,,,,,,,,,,,,,,,,,,,,,,,,,,,,,,,,,,,,,,,,,,,,,,,,,,,,,,,,,,,
,,,,,,,,,,,,,,,,,,,,,,,,,,,,,,,,,,,,,,,,,,,,,,,,,,,,,,,,,,,
,,,,,,,,,,,,,,,,,,,,,,,,,,,,,,,,,,,,,,,,,,,,,,,,,,,,,,,,,,,
,,,,,,,,,,,,,,,,,,,,,,,,,,,,,,,,,,,,,,,,,,,,,,,,,,,,,,,,,,,
,,,,,probiotic_supplementation,,,,,,,,,discrete_priors,probiotic_supplementation_no,0.984,probiotic_supplementation_yes,0.01600000000000001,,,,,,,,,,,,,,,,,,,,,,,,,,,,,,,,,,,,,,,,,
,,,,,,,,,,,,,,,,,,,,,,,,,,,,,,,,,,,,,,,,,,,,,,,,,,,,,,,,,,,
,,,,,digestive_supplements,dietary_fiber_gm,dietary_fiber_gm_quartile_4,,,,,,,,,,,,,,,,,,,,,,,,,,,,,,,,,,,,,,,,,,,,,,,,,,,,
,,,,,digestive_supplements,probiotic_supplementation,probiotic_supplementation_no,,,,,,,,,,,,,,,,,,,,,,,,,,,,,,,,,,,,,,,,,,,,,,,,,,,,
,,,,,digestive_supplements,,,,,,,,,any_of,digestive_supplements_no,,digestive_supplements_yes,,,,,,,,,,,,,,,,,,,,,,,,,,,,,,,,,,,,,,,,,,
,,,,,,,,,,,,,,,,,,,,,,,,,,,,,,,,,,,,,,,,,,,,,,,,,,,,,,,,,,,
,,,,,vitamin_c_d_e,vitamin_d_supplementation_mcg,vitamin_d_supplementation_mcg_quartile_1,,,,,,,,,,,,,,,,,,,,,,,,,,,,,,,,,,,,,,,,,,,,,,,,,,,,
,,,,,vitamin_c_d_e,dietary_alpha_tocopherol_mg,dietary_alpha_tocopherol_mg_quartile_1,,,,,,,,,,,,,,,,,,,,,,,,,,,,,,,,,,,,,,,,,,,,,,,,,,,,
,,,,,vitamin_c_d_e,dietary_vitamin_C_mg,dietary_vitamin_C_mg_quartile_1,,,,,,,,,,,,,,,,,,,,,,,,,,,,,,,,,,,,,,,,,,,,,,,,,,,,
,,,,,vitamin_c_d_e,,,,,,,,,any_of,vitamin_c_d_e_no,,vitamin_c_d_e_yes,,,,,,,,,,,,,,,,,,,,,,,,,,,,,,,,,,,,,,,,,,
,,,,,,,,,,,,,,,,,,,,,,,,,,,,,,,,,,,,,,,,,,,,,,,,,,,,,,,,,,,
,,,,,vitamin_b,dietary_riboflavin_mg,dietary_riboflavin_mg_quartile_1,,,,,,,,,,,,,,,,,,,,,,,,,,,,,,,,,,,,,,,,,,,,,,,,,,,,
,,,,,vitamin_b,dietary_b12_mcg,dietary_b12_mcg_quartile_1,,,,,,,,,,,,,,,,,,,,,,,,,,,,,,,,,,,,,,,,,,,,,,,,,,,,
,,,,,vitamin_b,dietary_b6_mg,dietary_b6_mg_quartile_1,,,,,,,,,,,,,,,,,,,,,,,,,,,,,,,,,,,,,,,,,,,,,,,,,,,,
,,,,,vitamin_b,dietary_folate_mcg,dietary_folate_mcg_quartile_1,,,,,,,,,,,,,,,,,,,,,,,,,,,,,,,,,,,,,,,,,,,,,,,,,,,,
,,,,,vitamin_b,dietary_thiamin_mg,dietary_thiamin_mg_quartile_1,,,,,,,,,,,,,,,,,,,,,,,,,,,,,,,,,,,,,,,,,,,,,,,,,,,,
,,,,,vitamin_b,,,,,,,,,any_of,vitamin_b_no,,vitamin_b_yes,,,,,,,,,,,,,,,,,,,,,,,,,,,,,,,,,,,,,,,,,,
,,,,,,,,,,,,,,,,,,,,,,,,,,,,,,,,,,,,,,,,,,,,,,,,,,,,,,,,,,,
,,,,,vitamin_a,dietary_retinol_mcg,dietary_retinol_mcg_quartile_1,,,,,,,,,,,,,,,,,,,,,,,,,,,,,,,,,,,,,,,,,,,,,,,,,,,,
,,,,,vitamin_a,dietary_beta_carotene_mcg,dietary_beta_carotene_mcg_quartile_1,,,,,,,,,,,,,,,,,,,,,,,,,,,,,,,,,,,,,,,,,,,,,,,,,,,,
,,,,,vitamin_a,dietary_alpha_carotene_mcg,dietary_alpha_carotene_mcg_quartile_1,,,,,,,,,,,,,,,,,,,,,,,,,,,,,,,,,,,,,,,,,,,,,,,,,,,,
,,,,,vitamin_a,,,,,,,,,any_of,vitamin_a_no,,vitamin_a_yes,,,,,,,,,,,,,,,,,,,,,,,,,,,,,,,,,,,,,,,,,,
,,,,,,,,,,,,,,,,,,,,,,,,,,,,,,,,,,,,,,,,,,,,,,,,,,,,,,,,,,,
,,,,,essential_nutrients,dietary_choline_mg,dietary_choline_mg_quartile_1,,,,,,,,,,,,,,,,,,,,,,,,,,,,,,,,,,,,,,,,,,,,,,,,,,,,
,,,,,essential_nutrients,dietary_selenium_mcg,dietary_selenium_mcg_quartile_1,,,,,,,,,,,,,,,,,,,,,,,,,,,,,,,,,,,,,,,,,,,,,,,,,,,,
,,,,,essential_nutrients,dietary_lutein_mcg,dietary_lutein_mcg_quartile_1,,,,,,,,,,,,,,,,,,,,,,,,,,,,,,,,,,,,,,,,,,,,,,,,,,,,
,,,,,essential_nutrients,dietary_lycopene_mcg,dietary_lycopene_mcg_quartile_1,,,,,,,,,,,,,,,,,,,,,,,,,,,,,,,,,,,,,,,,,,,,,,,,,,,,
,,,,,essential_nutrients,,,,,,,,,any_of,essential_nutrients_no,,essential_nutrients_yes,,,,,,,,,,,,,,,,,,,,,,,,,,,,,,,,,,,,,,,,,,
,,,,,,,,,,,,,,,,,,,,,,,,,,,,,,,,,,,,,,,,,,,,,,,,,,,,,,,,,,,
,,,,,minerals,dietary_iron_mg,dietary_iron_mg_quartile_1,,,,,,,,,,,,,,,,,,,,,,,,,,,,,,,,,,,,,,,,,,,,,,,,,,,,
,,,,,minerals,dietary_magnesium_mg,dietary_magnesium_mg_quartile_1,,,,,,,,,,,,,,,,,,,,,,,,,,,,,,,,,,,,,,,,,,,,,,,,,,,,
,,,,,minerals,dietary_potassium_mg,dietary_potassium_mg_quartile_1,,,,,,,,,,,,,,,,,,,,,,,,,,,,,,,,,,,,,,,,,,,,,,,,,,,,
,,,,,minerals,dietary_zinc_mg,dietary_zinc_mg_quartile_1,,,,,,,,,,,,,,,,,,,,,,,,,,,,,,,,,,,,,,,,,,,,,,,,,,,,
,,,,,minerals,dietary_copper_mg,dietary_copper_mg_quartile_1,,,,,,,,,,,,,,,,,,,,,,,,,,,,,,,,,,,,,,,,,,,,,,,,,,,,
,,,,,minerals,,,,,,,,,any_of,minerals_no,,minerals_yes,,,,,,,,,,,,,,,,,,,,,,,,,,,,,,,,,,,,,,,,,,
,,,,,,,,,,,,,,,,,,,,,,,,,,,,,,,,,,,,,,,,,,,,,,,,,,,,,,,,,,,
,,,,,,,,,,,,,,,,,,,,,,,,,,,,,,,,,,,,,,,,,,,,,,,,,,,,,,,,,,,
,,,,,vitamin_supplements,vitamin_c_d_e,vitamin_c_d_e_no,,,,,,,,,,,,,,,,,,,,,,,,,,,,,,,,,,,,,,,,,,,,,,,,,,,,
,,,,,vitamin_supplements,vitamin_b,vitamin_b_no,,,,,,,,,,,,,,,,,,,,,,,,,,,,,,,,,,,,,,,,,,,,,,,,,,,,
,,,,,vitamin_supplements,vitamin_a,vitamin_a_no,,,,,,,,,,,,,,,,,,,,,,,,,,,,,,,,,,,,,,,,,,,,,,,,,,,,
,,,,,vitamin_supplements,,,,,,,,,all_of,vitamin_supplements_no,,vitamin_supplements_yes,,,,,,,,,,,,,,,,,,,,,,,,,,,,,,,,,,,,,,,,,,
,,,,,,,,,,,,,,,,,,,,,,,,,,,,,,,,,,,,,,,,,,,,,,,,,,,,,,,,,,,
,,,,,nonvitamin_supplements,digestive_supplements,digestive_supplements_no,,,,,,,,,,,,,,,,,,,,,,,,,,,,,,,,,,,,,,,,,,,,,,,,,,,,
,,,,,nonvitamin_supplements,minerals,minerals_no,,,,,,,,,,,,,,,,,,,,,,,,,,,,,,,,,,,,,,,,,,,,,,,,,,,,
,,,,,nonvitamin_supplements,essential_nutrients,essential_nutrients_no,,,,,,,,,,,,,,,,,,,,,,,,,,,,,,,,,,,,,,,,,,,,,,,,,,,,
,,,,,nonvitamin_supplements,,,,,,,,,all_of,nonvitamin_supplements_no,,nonvitamin_supplements_yes,,,,,,,,,,,,,,,,,,,,,,,,,,,,,,,,,,,,,,,,,,
,,,,,,,,,,,,,,,,,,,,,,,,,,,,,,,,,,,,,,,,,,,,,,,,,,,,,,,,,,,
,,,,,supplements,vitamin_supplements,vitamin_supplements_no,,,,,,,,,,,,,,,,,,,,,,,,,,,,,,,,,,,,,,,,,,,,,,,,,,,,
,,,,,supplements,nonvitamin_supplements,nonvitamin_supplements_no,,,,,,,,,,,,,,,,,,,,,,,,,,,,,,,,,,,,,,,,,,,,,,,,,,,,
,,,,,supplements,,,,,,,,,all_of,supplements_no,,supplements_yes,,,,,,,,,,,,,,,,,,,,,,,,,,,,,,,,,,,,,,,,,,
,,,,,,,,,,,,,,,,,,,,,,,,,,,,,,,,,,,,,,,,,,,,,,,,,,,,,,,,,,,
,,,,,,,,,,,,,,,,,,,,,,,,,,,,,,,,,,,,,,,,,,,,,,,,,,,,,,,,,,,
,,,,,,,,,,,,,,,,,,,,,,,,,,,,,,,,,,,,,,,,,,,,,,,,,,,,,,,,,,,
,,,,,,,,,,,,,,,,,,,,,,,,,,,,,,,,,,,,,,,,,,,,,,,,,,,,,,,,,,,
,,,,,vitamin_C_mg_dL,,,,,,,,,discrete_nhanes_explicit,vitamin_C_mg_dL_low_below_0.6,0-0.5999,vitamin_C_mg_dL_normal_0.6_to_2,.6-2.9999,vitamin_C_mg_dL_high_above_2,2.1-1000,,,,,LBXVIC,,,,,,,,,,,,,,,,,,,,,,,,,,,,,,,,,,
,,,,,,,,,,,,,,,,,,,,,,,,,,,,,,,,,,,,,,,,,,,,,,,,,,,,,,,,,,,
,,,,,naive_dietary_restriction,low_calorie_diet,,,,,,,,naive_0_nhanes_explicit,no_dietary_restriction,2,dietary_restriction,1,,,,,,,DRQSDIET,,,,,,,,,,,,,,,,,,,,,,,,,,,,,,,,,,
,,,,,carbohydrate_intake_gm,low_calorie_diet,,,,,,,,naive_0_nhanes_quartile_average,,,,,,,,,,,DRXICARB,,,,,,,,,,,,,,,,,,,,,,,,,,,,,,,,,,
,,,,,dietary_energy_kcal_naive,,,,,,,,,naive_0_nhanes_explicit,dietary_energy_kcal_3000_and_over_high,3000-100000,dietary_energy_kcal_2400_to_2999_high_normal,2400-2999,dietary_energy_kcal_1600_to_2399_normal,1600-2399,dietary_energy_kcal_1201_to_1599_low_normal,1201-1599,dietary_energy_kcal_under_1200_low,0-1200,DR1TKCAL,3.0,,"[2026-05-13 naive_0 guard-3 removal cycle] Blanked input column (was 'low_calorie_diet'). Leaf dietary_energy_kcal_naive is the input of an equivalent_to row, so a parent-conditional CPT here would create a triple-constraint conflict with the equivalent_to mapping + the wrapper's dep_nhanes_explicit marginal. The dependency.py guard (3) was silently demoting this to discrete priors anyway; making the CSV honest about that.",,,,,,,,,,,,,,,,,,,,,,,,,,,,,,,
,,,,,low_calorie_diet,,,,,,,,,discrete_nhanes_explicit,low_calorie_diet_no,"2-12,91,missing",low_calorie_diet_yes,1,,,,,,,DRQSDT1,,,,,,,,,,,,,,,,,,,,,,,,,,,,,,,,,,
,,,,,,,,,,,,,,,,,,,,,,,,,,,,,,,,,,,,,,,,,,,,,,,,,,,,,,,,,,,
0.181818182,,1.953651137371635,0.5737190502016236,SMD,dietary_energy_kcal,inadequate_sleep,inadequate_sleep_almost_always,,,,,4.237541834853949,0.223650966780875,,,,,,,,,,,,,,"<science><title>The influence of sleep health on dietary intake: a systematic review and meta-analysis of intervention studies</>S Fenton, T L Burrows, J A Skinner, M J Duncan<source>J Hum Nutr Diet</>2021 Apr;34(2):273-285<link>https://pubmed.ncbi.nlm.nih.gov/33001515/</></>","[autofill Apr-20] col A updated to NHANES P0 per , 2026 convention",,,,,,,,,,,,,,,,,,,,,,,,,,,,24.0,meta-analysis,"24 intervention studies, adults",
,,,,,dietary_energy_kcal,dietary_energy_kcal_naive,dietary_energy_kcal_3000_and_over_high,,,,,,,equivalent_to,,,,,,,,,,,,,,,,,,,,,,,,,,,,,,,,,,,,,,,,,,,,,
,,,,,dietary_energy_kcal,,,,,,,,,dependency_nhanes_explicit,dietary_energy_kcal_3000_and_over_high,3000-100000,dietary_energy_kcal_3000_and_over_high_not,0-2999,,,,,,,DR1TKCAL,,,,,,,,,,,,,,,,,,,,,,,,,,,,,,,,,,
,,,,,,,,,,,,,,,,,,,,,,,,,,,,,,,,,,,,,,,,,,,,,,,,,,,,,,,,,,,
,,,,,,,,,,,,,,,,,,,,,,,,,,,,,,,,,,,,,,,,,,,,,,,,,,,,,,,,,,,
,,,,,intermittent_fasting,,,,,,,,,discrete_priors,intermittent_fasting_no,0.88,intermittent_fasting_yes,0.12,,,,,,,,,,https://www.statista.com/statistics/993725/consumer-diet-share-us/,,,,,,,,,,,,,,,,,,,,,,,,,,,,,,,
,,,,,,,,,,,,,,,,,,,,,,,,,,,,,,,,,,,,,,,,,,,,,,,,,,,,,,,,,,,
,,,,,dietary_restriction,naive_dietary_restriction,dietary_restriction,,,,,,,,,,,,,,,,,,,,,,,,,,,,,,,,,,,,,,,,,,,,,,,,,,,,
,,,,,dietary_restriction,low_calorie_diet,low_calorie_diet_yes,,,,,,,,,,,,,,,,,,,,,,,,,,,,,,,,,,,,,,,,,,,,,,,,,,,,
,,,,,dietary_restriction,intermittent_fasting,intermittent_fasting_yes,,,,,,,,,,,,,,,,,,,,,,,,,,,,,,,,,,,,,,,,,,,,,,,,,,,,
,,,,,dietary_restriction,,,,,,,,,any_of,dietary_restriction_yes,,dietary_restriction_no,,,,,,,,,1.0,,,,,,,,,,,,,,,,,,,,,,,,,,,,,,,,,
,,,,,,,,,,,,,,,,,,,,,,,,,,,,,,,,,,,,,,,,,,,,,,,,,,,,,,,,,,,
0.25,,2.165973686338159,0.7347649664214114,SMD,adiponectin_ug_ml,dietary_restriction,dietary_restriction_yes,,,,,3.3371853935353104,0.0717469648894844,,,,,,,,,,,,,,"<science><title>Effects of dietary restriction on adipose mass and biomarkers of healthy aging in human</>Daniele Lettieri-Barbato,Esmeralda Giovannetti,and Katia Aquilano<source>Aging</>2016 Dec; 8(12): 3341-3355<link>https://www.ncbi.nlm.nih.gov/pmc/articles/PMC5270672/</></>",,,,,,,,,,,,,,,,,,,,,,,,,,,,,2094.0,unknown,"43 studies, mixed weight/healthy adults","FIXED P0: was 0.171, corrected to 0.2500 (output NHANES prior)"
0.25,34.75,1.69,0.4,WMD,adiponectin_ug_ml,mediterranean_diet,mediterranean_diet_yes,,,,,1.0674604363821514,0.0162255499985275,,,,,,,,,,,,,,"<science><title>Dietary patterns and associations with biomarkers of inflammation in adults: a systematic review of observational studies</>Michael J. Hart,Susan J. Torres, Sarah A. McNaughton, and Catherine M. Milte<source>Nutr J</>2021; 20: 24<link>https://www.ncbi.nlm.nih.gov/pmc/articles/PMC7955619/</></>",,,,,,,,,,,,,,,,,,,,,,,,,,,,,69.0,meta-analysis,observational studies,"FIXED P0: was 0.0671319797, corrected to 0.2500 (output NHANES prior)"
,,,,,adiponectin_ug_ml,,,,,,,,,dependency_priors,adiponectin_ug_ml_quartile_4_over_11.70,0.25,adiponectin_ug_ml_quartile_4_over_11.70_not,0.75,,,,,,,,1.0,,https://diabetesjournals.org/diabetes/article/53/9/2473/14734/Adiponectin-and-the-Development-of-Type-2,,,,,,,,,,,,,,,,,,,,,,,,,,,,,,,
,,,,,,,,,,,,,,,,,,,,,,,,,,,,,,,,,,,,,,,,,,,,,,,,,,,,,,,,,,,
,,,,,bmi_naive,,,,,,,,,naive_0_nhanes_explicit,bmi_40_and_over_severe_obesity,40-1000,bmi_30_to_39_obesity,30-39.999,bmi_25_to_29_overweight,25-29.999,bmi_19_to_24_normal,19-24.999,bmi_under_19_underweight,0-18.999,BMXBMI,4.0,,[2026-05-13 naive_0 guard-1 removal cycle] Blanked input column (was 'weight_kg'). Heavy study-parent: leaf bmi_naive is the input of 28 downstream study rows. Empirical P(leaf|parent) CPT collides with all those study constraints and saturates downstream marginals (cycle 18 case). Guard 1 was silently demoting; making the CSV honest.,,,,,,,,,,,,,,,,,,,,,,,,,,,,,,,
,,,,,hip_cm,weight_kg,,,,,,,,naive_0_nhanes_quartile,,,,,,,,,,,BMXHIP,1.0,,,,,,,,,,,,,,,,,,,,,,,,,,,,,,,,,
,,,,,greatest_weight_lbs,weight_kg,,,,,,,,naive_0_nhanes_quartile,,0-7776,,,,,,,,,WHD140,1.0,,,,,,,,,,,,,,,,,,,,,,,,,,,,,,,,,
,,,,,height_cm,weight_kg,,,,,,,,naive_0_nhanes_quartile,,,,,,,,,,,BMXHT,,,,,,,,,,,,,,,,,,,,,,,,,,,,,,,,,,
,,,,,waist_cm_naive,weight_kg,,,,,,,,naive_0_nhanes_explicit,waist_cm_very_high_102_and_above,102-1000,waist_cm_very_high_women_high_men_95_to_below_102,95-101.99,waist_cm_very_high_women_normal_men_88_to_below_95,88-94.99,waist_cm_high_women_normal_men_81_to_below_88,81-87.99,waist_cm_normal_below_81,0-80.99,BMXWAIST,,,,,,,,,,,,,,,,,,,,,,,,,,,,,,,,,,
,,,,,weight_at_25_lbs,weight_kg,,,,,,,,naive_0_nhanes_quartile,,0-7776,,,,,,,,,WHD120,1.0,,,,,,,,,,,,,,,,,,,,,,,,,,,,,,,,,
,,,,,prescribed_weight_loss,weight_kg,,,,,,,,naive_0_nhanes_explicit,prescribed_weight_loss_yes,1,prescribed_weight_loss_no,2,,,,,,,MCQ365A,,,,,,,,,,,,,,,,,,,,,,,,,,,,,,,,,,
0.36,,-0.6,0.71,SMD,weight_kg,probiotic_supplementation,probiotic_supplementation_yes,,,,,0.4432748936200006,0.3046529707152981,,,,,,,,,,,,,,https://pubmed.ncbi.nlm.nih.gov/31263284/ - Depommier 2019: Supplementation with Akkermansia muciniphila in overweight and obese human volunteers: a proof-of-co,"[autofill Apr-20] col A updated to NHANES P0 per , 2026 convention [2026-05-10 PMID extracted from <science><title> wrapper via quorum agent; both A+B agree]",,,,,,,,,,,,,,,,,,,,,,,,,,,,40.0,unknown,"overweight/obese, RCT",
,,,,,weight_kg,,,,,,,,,dependency_nhanes_explicit,weight_kg_high_above_77,77.0001-1000,weight_kg_high_above_77_not,0-77,,,,,,,BMXWT,,,,,,,,,,,,,,,,,,,,,,,,,,,,,,,,,,
,,,,,,,,,,,,,,,,,,,,,,,,,,,,,,,,,,,,,,,,,,,,,,,,,,,,,,,,,,,
0.27,,3.82,1.98,SMD,bmi,dietary_energy_kcal,dietary_energy_kcal_3000_and_over_high,,,,,3.1413979431860737,1.628263855368698,,,,,,,,,,,,,,https://pubmed.ncbi.nlm.nih.gov/39327619/ - Huang 2024: Comparing caloric restriction regimens for effective weight management in adults: a systematic revie,"CHECK: SMD=3.82 is very high for BMI/weight change. Typical caloric restriction SMDs for weight are <1.0. Verify against original paper.; [autofill Apr-20] col A updated to NHANES P0 per , 2026 convention [2026-05-10 PMID extracted from <science><title> wrapper via quorum agent; both A+B agree]",,,,,,,,,,,,,,,,,,,,,,,,,,,,,meta-analysis,meta-analysis,
,,,,,bmi,bmi_naive,"bmi_40_and_over_severe_obesity,bmi_30_to_39_obesity",,,,,,,equivalent_to,,,,,,,,,,,,,,,,,,,,,,,,,,,,,,,,,,,,,,,,,,,,,
0.171,,0.1915646364800498,0.3928494744426153,SMD,bmi,dietary_restriction,dietary_restriction_no,,,,,1.3208317921600616,0.5878986749214488,,,,,,,,,,,,,,"<science><title>Effects of dietary restriction on adipose mass and biomarkers of healthy aging in human</>Daniele Lettieri-Barbato,Esmeralda Giovannetti,and Katia Aquilano<source>Aging</>2016 Dec; 8(12): 3341-3355<link>https://www.ncbi.nlm.nih.gov/pmc/articles/PMC5270672/</></>","[autofill Apr-20] col A updated to NHANES P0 per , 2026 convention",,,,,,,,,,,,,,,,,,,,,,,,,,,,2094.0,unknown,"43 studies, mixed weight/healthy adults",
,,,,,bmi,,,,,,,,,dependency_nhanes_explicit,bmi_over_30_obesity,30-1000,bmi_over_30_obesity_not,0-29.999,,,,,,,BMXBMI,,,,,,,,,,,,,,,,,,,,,,,,,,,,,,,,,,
,,,,,,,,,,,,,,,,,,,,,,,,,,,,,,,,,,,,,,,,,,,,,,,,,,,,,,,,,,,
,,,,,mens_waist_cm,gender,male,,,,,,,,,,,,,,,,,,,,,,,,,,,,,,,,,,,,,,,,,,,,,,,,,,,,
,,,,,mens_waist_cm,waist_cm_naive,waist_cm_very_high_102_and_above,,,,,,,,,,,,,,,,,,,,,,,,,,,,,,,,,,,,,,,,,,,,,,,,,,,,
,,,,,mens_waist_cm,,,,,,,,,all_of,mens_waist_cm_very_high_102_and_above,,mens_waist_cm_very_high_102_and_above_not,,,,,,,,,,,,,,,,,,,,,,,,,,,,,,,,,,,,,,,,,,
,,,,,,,,,,,,,,,,,,,,,,,,,,,,,,,,,,,,,,,,,,,,,,,,,,,,,,,,,,,
,,,,,womens_waist_cm,gender,female,,,,,,,,,,,,,,,,,,,,,,,,,,,,,,,,,,,,,,,,,,,,,,,,,,,,
,,,,,womens_waist_cm,waist_cm_naive,"waist_cm_very_high_102_and_above, waist_cm_very_high_women_high_men_95_to_below_102,waist_cm_very_high_women_normal_men_88_to_below_95",,,,,,,,,,,,,,,,,,,,,,,,,,,,,,,,,,,,,,,,,,,,,,,,,,,,
,,,,,womens_waist_cm,,,,,,,,,all_of,womens_waist_cm_high_above_88,,womens_waist_cm_high_above_88_not,,,,,,,,,,,,,,,,,,,,,,,,,,,,,,,,,,,,,,,,,,
,,,,,,,,,,,,,,,,,,,,,,,,,,,,,,,,,,,,,,,,,,,,,,,,,,,,,,,,,,,
,,,,,unhealthy_waist_by_gender,mens_waist_cm,mens_waist_cm_very_high_102_and_above,,,,,,,,,,,,,,,,,,,,,,,,,,,,,,,,,,,,,,,,,,,,,,,,,,,,
,,,,,unhealthy_waist_by_gender,womens_waist_cm,womens_waist_cm_high_above_88,,,,,,,,,,,,,,,,,,,,,,,,,,,,,,,,,,,,,,,,,,,,,,,,,,,,
,,,,,unhealthy_waist_by_gender,,,,,,,,,any_of,unhealthy_waist_by_gender,,unhealthy_waist_by_gender_not,,,,,,,,,,,,,,,,,,,,,,,,,,,,,,,,,,,,,,,,,,
,,,,,,,,,,,,,,,,,,,,,,,,,,,,,,,,,,,,,,,,,,,,,,,,,,,,,,,,,,,
0.01625,,0.1,0.09,SMD,unhealthy_waist,intermittent_fasting,intermittent_fasting_no,,,,,1.19456361155429,0.1766009481115211,,,,,,,,,,,,,,"<science><title>Effects of Intermittent Fasting in Human Compared to a Non-intervention Diet and Caloric Restriction: A Meta-Analysis of Randomized Controlled Trials</>Lihu Gu, Rongrong Fu, Jiaze Hong, Haixiang Ni, Kepin Yu, Haiying Lou<source>Front Nutr</>2022 May 2;9:871682<link>https://pubmed.ncbi.nlm.nih.gov/35586738/</></>","NEEDS FIX: Missing control probability (P0) for conversion. Formula returns empty. P0 should be the prior of the output variable.; [autofill Apr-20] col A updated to NHANES P0 per , 2026 convention",,,,,,,,,,,,,,,,,,,,,,,,,,,,2483.0,meta-analysis,"RCT, adults",
0.679,,0.1811119374356188,0.0826119174378152,SMD,unhealthy_waist,dietary_restriction,dietary_restriction_no,,,,,1.0985632417535818,0.0432455476277922,,,,,,,,,,,,,,"<science><title>Effects of dietary restriction on adipose mass and biomarkers of healthy aging in human</>Daniele Lettieri-Barbato,Esmeralda Giovannetti,and Katia Aquilano<source>Aging</>2016 Dec; 8(12): 3341-3355<link>https://www.ncbi.nlm.nih.gov/pmc/articles/PMC5270672/</></>",,,,,,,,,,,,,,,,,,,,,,,,,,,,,2094.0,unknown,"43 studies, mixed weight/healthy adults","FIXED P0: was 0.171, corrected to 0.6790 (output NHANES prior)"
,,,,,unhealthy_waist,unhealthy_waist_by_gender,unhealthy_waist_by_gender,,,,,,,equivalent_to,,,,,,,,,,,,,,,,,,,,,,,,,,,,,,,,,,,,,,,,,,,,,
,,,,,unhealthy_waist,,,,,,,,,dependency_priors,unhealthy_waist,0.679,unhealthy_waist_not,0.321,,,,,,,,,,,,,,,,,,,,,,,,,,,,,,,,,,,,,,,,,
,,,,,,,,,,,,,,,,,,,,,,,,,,,,,,,,,,,,,,,,,,,,,,,,,,,,,,,,,,,
,,,,,body_weight,weight_kg,weight_kg_high_above_77,,,,,,,,,,,,,,,,,,,,,,,,,,,,,,,,,,,,,,,,,,,,,,,,,,,,
,,,,,body_weight,bmi,bmi_over_30_obesity,,,,,,,,,,,,,,,,,,,,,,,,,,,,,,,,,,,,,,,,,,,,,,,,,,,,
,,,,,body_weight,unhealthy_waist,unhealthy_waist,,,,,,,,,,,,,,,,,,,,,,,,,,,,,,,,,,,,,,,,,,,,,,,,,,,,
,,,,,body_weight,,,,,,,,,any_of,body_weight_poor,,body_weight_healthy,,,,,,,,,,,,,,,,,,,,,,,,,,,,,,,,,,,,,,,,,,
,,,,,,,,,,,,,,,,,,,,,,,,,,,,,,,,,,,,,,,,,,,,,,,,,,,,,,,,,,,
,,,,,,,,,,,,,,,,,,,,,,,,,,,,,,,,,,,,,,,,,,,,,,,,,,,,,,,,,,,
,,,,,,,,,,,,,,,,,,,,,,,,,,,,,,,,,,,,,,,,,,,,,,,,,,,,,,,,,,,
,,,,,,,,,,,,,,,,,,,,,,,,,,,,,,,,,,,,,,,,,,,,,,,,,,,,,,,,,,,
,,,,,,,,,,,,,,,,,,,,,,,,,,,,,,,,,,,,,,,,,,,,,,,,,,,,,,,,,,,
,,,,,,,,,,,,,,,,,,,,,,,,,,,,,,,,,,,,,,,,,,,,,,,,,,,,,,,,,,,
,,,,,fasting_glucose_mg_dL,,,,,,,,,naive_0_nhanes_explicit,fasting_glucose_mg_dL_high_above_100,101-1000,fasting_glucose_mg_dL_normal_70_to_100,70-100.999,fasting_glucose_mg_dL_low_below_70,0-69.999,,,,,LBXGLU,2.0,,[2026-05-13 naive_0 guard-2 removal cycle] Blanked input column (was 'a1c'). Leaf fasting_glucose_mg_dL is the input of 3 downstream study row(s) - an empirical P(leaf|parent) CPT would compete with the literature RR. The dependency.py guard (2) was silently demoting this to discrete priors anyway. Making the CSV honest.,,,,,,,,,,,,,,,,,,,,,,,,,,,,,,,
,,,,,naive_insulin_uU_mL,,,,,,,,,naive_0_nhanes_explicit,insulin_uU_mL_high_25_and_above,25-1000,insulin_uU_mL_normal_above_2.6_below_25,2.6-24.999,insulin_uU_mL_low_below_2.6,0-2.599,,,,,LBXIN,2.0,,"[2026-05-13 naive_0 guard-3 removal cycle] Blanked input column (was 'a1c'). Leaf naive_insulin_uU_mL is the input of an equivalent_to row, so a parent-conditional CPT here would create a triple-constraint conflict with the equivalent_to mapping + the wrapper's dep_nhanes_explicit marginal. The dependency.py guard (3) was silently demoting this to discrete priors anyway; making the CSV honest about that.",,,,,,,,,,,,,,,,,,,,,,,,,,,,,,,
,,,,,glucose_serum_mg_dL,a1c,,,,,,,,naive_0_nhanes_quartile,,,,,,,,,,,LBXSGL,1.0,,,,,,,,,,,,,,,,,,,,,,,,,,,,,,,,,
,,,,,a1c,,,,,,,,,discrete_nhanes_explicit,a1c_diabetes_6.5_and_above,6.5-1000,a1c_prediabetes_5.7_to_6.4,5.7-6.4,a1c_diabetes_5.6_and_below,0-5.6,,,,,LBXGH,,,,,,,,,,,,,,,,,,,,,,,,,,,,,,,,,,
,,,,,,,,,,,,,,,,,,,,,,,,,,,,,,,,,,,,,,,,,,,,,,,,,,,,,,,,,,,
0.09,,0.185,0.08,SMD,insulin_uU_mL,probiotic_supplementation,probiotic_supplementation_no,,,,,1.3494269416986535,0.1624765396150014,,,,,,,,,,,,,,"Meta-analysis pooled SMD=0.185 (30 RCTs, PMC7656736). Original SMD=1.96 from single study was unreliable at P0<0.1.","[autofill Apr-20] col A updated to NHANES P0 per , 2026 convention",,,,,,,,,,,,,,,,,,,,,,,,,,,,1827.0,meta-analysis,T2DM patients,
,,,,,insulin_uU_mL,naive_insulin_uU_mL,insulin_uU_mL_high_25_and_above,,,,,,,equivalent_to,,,,,,,,,,,,,,,,,,,,,,,,,,,,,,,,,,,,,,,,,,,,,
0.1152,,0.13,0.04,SMD,insulin_uU_mL,age_at_menarche,age_at_menarche_younger_than_10,,,,,1.2277662729804957,0.0743550338203511,,,,,,,,,,,,,,"<science><title>Early age at menarche is associated with insulin resistance: a systemic review and meta-analysis</>Zhipeng Zhang, Xianjin Hu, Changqiang Yang, Xiaoping Chen<source>Postgrad Med</>2019 Mar;131(2):144-150<link>https://pubmed.ncbi.nlm.nih.gov/30560708/</></>","FIXED: Original SMD=10.14 was ~100x too high. Zhang 2019 meta-analysis (8 studies, 5504 subjects) reports WMD=1.28 μIU/mL (95%CI 0.92-1.63) for early vs late menarche insulin. With typical insulin SD~10, SMD≈0.13. PMID:30560708.; [autofill Apr-20] col A updated to NHANES P0 per , 2026 convention",,,,,,,,,,,,,,,,,,,,,,,,,,,,5504.0,meta-analysis,mixed,
0.171,,0.1581217457419805,0.1045954368213934,SMD,insulin_uU_mL,dietary_restriction,dietary_restriction_no,,,,,1.259966432601269,0.1770734050209395,,,,,,,,,,,,,,"<science><title>Effects of dietary restriction on adipose mass and biomarkers of healthy aging in human</>Daniele Lettieri-Barbato,Esmeralda Giovannetti,and Katia Aquilano<source>Aging</>2016 Dec; 8(12): 3341-3355<link>https://www.ncbi.nlm.nih.gov/pmc/articles/PMC5270672/</></>","[autofill Apr-20] col A updated to NHANES P0 per , 2026 convention",,,,,,,,,,,,,,,,,,,,,,,,,,,,2094.0,unknown,"43 studies, mixed weight/healthy adults",
,,,,,insulin_uU_mL,,,,,,,,,dependency_nhanes_explicit,insulin_uU_mL_high_25_and_above,25-1000,insulin_uU_mL_normal_below_25,0-24.999,,,,,,,LBXIN,,,,,,,,,,,,,,,,,,,,,,,,,,,,,,,,,,
,,,,,,,,,,,,,,,,,,,,,,,,,,,,,,,,,,,,,,,,,,,,,,,,,,,,,,,,,,,
,,,,,,,,,,,,,,,,,,,,,,,,,,,,,,,,,,,,,,,,,,,,,,,,,,,,,,,,,,,
,,,,,cruciferous_vegetables,brocolli_intake,brocolli_intake_twice_or_more_per_week,,,,,,,,,,,,,,,,,,,,,,,,,,,,,,,,,,,,,,,,,,,,,,,,,,,,
,,,,,cruciferous_vegetables,califlower_or_brusell_sprouts_intake,califlower_or_brusell_sprouts_intake_twice_or_more_per_week,,,,,,,,,,,,,,,,,,,,,,,,,,,,,,,,,,,,,,,,,,,,,,,,,,,,
,,,,,cruciferous_vegetables,,,,,,,,,any_of,cruciferous_vegetables_yes,,cruciferous_vegetables_no,,,,,,,,,1.0,,,,,,,,,,,,,,,,,,,,,,,,,,,,,,,,,
,,,,,,,,,,,,,,,,,,,,,,,,,,,,,,,,,,,,,,,,,,,,,,,,,,,,,,,,,,,
,,,,,yellow_vegetables,carrot_intake,carrot_intake_twice_or_more_per_week,,,,,,,,,,,,,,,,,,,,"<science><title>The impact of sleep amount and sleep quality on glycemic control in type 2 diabetes: A systematic review and meta-analysis</>Shaun Wen Huey Lee, Khuen Yen Ng, Weng Khong Chin<source>Sleep Med Rev
</>2017 Feb;31:91-101<link>https://pubmed.ncbi.nlm.nih.gov/26944909/</></>",,,,,,,,,,,,,,,,,,,,,,,,,,,,,20.0,meta-analysis,"20 studies, T2DM patients",
,,,,,yellow_vegetables,pepper_intake,pepper_intake_twice_or_more_per_week,,,,,,,,,,,,,,,,,,,,"<science><title>The impact of sleep amount and sleep quality on glycemic control in type 2 diabetes: A systematic review and meta-analysis</>Shaun Wen Huey Lee, Khuen Yen Ng, Weng Khong Chin<source>Sleep Med Rev
</>2017 Feb;31:91-101<link>https://pubmed.ncbi.nlm.nih.gov/26944909/</></>",,,,,,,,,,,,,,,,,,,,,,,,,,,,,20.0,meta-analysis,"20 studies, T2DM patients",
,,,,,yellow_vegetables,squash_intake,squash_intake_twice_or_more_per_week,,,,,,,,,,,,,,,,,,,,"<science><title>The impact of sleep amount and sleep quality on glycemic control in type 2 diabetes: A systematic review and meta-analysis</>Shaun Wen Huey Lee, Khuen Yen Ng, Weng Khong Chin<source>Sleep Med Rev
</>2017 Feb;31:91-101<link>https://pubmed.ncbi.nlm.nih.gov/26944909/</></>",,,,,,,,,,,,,,,,,,,,,,,,,,,,,20.0,meta-analysis,"20 studies, T2DM patients",
,,,,,yellow_vegetables,,,,,,,,,any_of,yellow_vegetables_yes,,yellow_vegetables_no,,,,,,,,,1.0,,,,,,,,,,,,,,,,,,,,,,,,,,,,,,,,,
,,,,,,,,,,,,,,,,,,,,,,,,,,,,,,,,,,,,,,,,,,,,,,,,,,,,,,,,,,,
,,,,,long_sleep,workday_sleep_hours_per_night,workday_sleep_9.0_or_more,,,,,,,,,,,,,,,,,,,,,,,,,,,,,,,,,,,,,,,,,,,,,,,,,,,,
,,,,,long_sleep,weekend_sleep_hours_per_night,weekend_sleep_9.0_or_more,,,,,,,,,,,,,,,,,,,,,,,,,,,,,,,,,,,,,,,,,,,,,,,,,,,,
,,,,,long_sleep,,,,,,,,,all_of,long_sleep_yes,,long_sleep_no,,,,,,,,,,,,,,,,,,,,,,,,,,,,,,,,,,,,,,,,,,
,,,,,,,,,,,,,,,,,,,,,,,,,,,,,,,,,,,,,,,,,,,,,,,,,,,,,,,,,,,
,,,,,salt_how_often,hypertension,,,,,,,,naive_0_nhanes_explicit,salt_very_often,3,no_salt_very_often,"1,2",,,,,,,DBD100,,,,,,,,,,,,,,,,,,,,,,,,,,,,,,,,,,
,,,,,diastolic,hypertension,,,,,,,,naive_0_nhanes_explicit,diastolic_120_or_higher_crisis,120-1000,diastolic_90_to_119_high_stage_2,90-119,diastolic_80_to_89_high_stage_1,80-89,diastolic_less_than_80_normal,0-80,,,BPXDI2,,,,,,,,,,,,,,,,,,,,,,,,,,,,,,,,,,
,,,,,high_blood_pressure_medication_compliance,hypertension,,,,,,,,naive_0_nhanes_explicit,high_blood_pressure_medication_compliance_no,2,high_blood_pressure_medication_compliance_yes,1,,,,,,,BPQ050A,,,,,,,,,,,,,,,,,,,,,,,,,,,,,,,,,,
,,,,,high_blood_pressure_patient_prescription,hypertension,,,,,,,,naive_0_nhanes_explicit,high_blood_pressure_patient_prescription_yes,1,high_blood_pressure_patient_prescription_no,2,,,,,,,BPQ040A,,,,,,,,,,,,,,,,,,,,,,,,,,,,,,,,,,
,,,,,systolic,hypertension,,,,,,,,naive_0_nhanes_explicit,systolic_180_over_crisis,180-1000,systolic_140_to_179_high_stage_2,140-179,ystolic_130_to_139_high_stage_1,130-139,systolic_120_to_129_elevated,120-129,systolic_less_than_120_normal,0-119,BPXSY3,,,,,,,,,,,,,,,,,,,,,,,,,,,,,,,,,,
0.1152,,1.27,0.08,OR,hypertension,age_at_menarche,age_at_menarche_younger_than_10,,,,,1.2316895288933027,0.0671783495859816,,,,,,,,,,,,,,"<science><title>Early menarche and blood pressure in adulthood: systematic review and meta-analysis</>S Bubach, C Loret De Mola, R Hardy, J Dreyfus, A C Santos, B L Horta<source>J Public Health (Oxf)</>2018 Sep 1;40(3):476-484<link>https://pubmed.ncbi.nlm.nih.gov/28977577/</></>","[autofill Apr-20] col A updated to NHANES P0 per , 2026 convention",,,,,,,,,,,,,,,,,,,,,,,,,,,,1500.0,meta-analysis,"meta-analysis, women",
,,1.14,0.07,RR,hypertension,wake_too_early,wake_too_early_almost_always,,,,,1.14,0.07,,,,,,,,,,,,,,"<science><title>The relationship of sleep duration and insomnia to risk of hypertension incidence: a meta-analysis of prospective cohort studies</>Lin Meng, Yang Zheng, Rutai Hui<source>JAMA</>2013 Nov;36(11):985-95<link>https://pubmed.ncbi.nlm.nih.gov/24005775/</></>",,,,,,,,,,,,,,,,,,,,,,,,,,,,,58924.0,meta-analysis,"11 studies, 17 cohorts",
,,1.21,0.16,RR,hypertension,insomnia,insomnia_yes,,,,,1.21,0.1599999999999999,,,,,,,,,,,,,,"<science><title>The relationship of sleep duration and insomnia to risk of hypertension incidence: a meta-analysis of prospective cohort studies</>Lin Meng, Yang Zheng, Rutai Hui<source>JAMA</>2013 Nov;36(11):985-95<link>https://pubmed.ncbi.nlm.nih.gov/24005775/</></>",,,,,,,,,,,,,,,,,,,,,,,,,,,,,58924.0,meta-analysis,"11 studies, 17 cohorts",
,,1.2,0.14,RR,hypertension,wake_up_cant_sleep,wake_up_cant_sleep_almost_always,,,,,1.2,0.1399999999999999,,,,,,,,,,,,,,"<science><title>The relationship of sleep duration and insomnia to risk of hypertension incidence: a meta-analysis of prospective cohort studies</>Lin Meng, Yang Zheng, Rutai Hui<source>JAMA</>2013 Nov;36(11):985-95<link>https://pubmed.ncbi.nlm.nih.gov/24005775/</></>",,,,,,,,,,,,,,,,,,,,,,,,,,,,,58924.0,meta-analysis,"11 studies, 17 cohorts",
,,,,,hypertension,,,,,,,,,dependency_nhanes_explicit,hypertension_yes,1,hypertension_no,2,,,,,,,BPQ020,,,,,,,,,,,,,,,,,,,,,,,,,,,,,,,,,,
,,,,,,,,,,,,,,,,,,,,,,,,,,,,,,,,,,,,,,,,,,,,,,,,,,,,,,,,,,,
,,,,,,,,,,,,,,,,,,,,,,,,,,,,,,,,,,,,,,,,,,,,,,,,,,,,,,,,,,,
,,,,,,,,,,,,,,,,,,,,,,,,,,,,,,,,,,,,,,,,,,,,,,,,,,,,,,,,,,,
,,1.62,0.22,RR,metabolic_syndrome,age_at_menarche,age_at_menarche_younger_than_10,,,,,1.62,0.2199999999999999,,,,,,,,,,,,,,"<science><title>Early Menarche and Risk of Metabolic Syndrome: A Systematic Review and Meta-Analysis</>Youngyo Kim, Youjin Je<source>J Womens Health (Larchmt)</>2019 Jan;28(1):77-86<link>https://pubmed.ncbi.nlm.nih.gov/30285527/</></>",,,,,,,,,,,,,,,,,,,,,,,,,,,,,51453.0,meta-analysis,"meta-analysis, women",
,,1.26,0.16,RR,metabolic_syndrome,five_days_smoke_cigarettes,five_days_smoke_cigarettes_yes,,,,,1.26,0.1599999999999999,,,,,,,,,,,,,,"<science><title>Active Smoking and Risk of Metabolic Syndrome: A Meta-Analysis of Prospective Studies</>Kan Sun, Jianmin Liu,and Guang Ning<source>PLoS One</>2012; 7(10): e47791<link>https://www.ncbi.nlm.nih.gov/pmc/articles/PMC3474781/</></>",,,,,,,,,,,,,,,,,,,,,,,,,,,,,56691.0,meta-analysis,meta-analysis,
,,,,,metabolic_syndrome,,,,,,,,,dependency_priors,metabolic_syndrome_yes,0.416,metabolic_syndrome_no,0.5840000000000001,,,,,,,,,,,,,,,,,,,,,,,,,,,,,,,,,,,,,,,,,
,,,,,,,,,,,,,,,,,,,,,,,,,,,,,,,,,,,,,,,,,,,,,,,,,,,,,,,,,,,
,,,,,,,,,,,,,,,,,,,,,,,,,,,,,,,,,,,,,,,,,,,,,,,,,,,,,,,,,,,
0.332,3.18,0.23,0.13,WMD,original_diabetes_poor_sleep,insomnia,insomnia_yes,,,,,1.0892853766756116,0.0509073729154399,diabetes,,,,,,,,,,,,,"<science><title>The impact of sleep amount and sleep quality on glycemic control in type 2 diabetes: A systematic review and meta-analysis</>Shaun Wen Huey Lee, Khuen Yen Ng, Weng Khong Chin<source>Sleep Med Rev
</>2017 Feb;31:91-101<link>https://pubmed.ncbi.nlm.nih.gov/26944909/</></>",,,,,,,,,,,,,,,,,,,,,,,,,,,,,20.0,meta-analysis,"20 studies, T2DM patients",
0.652,2.57,0.13,0.11,WMD,original_diabetes_poor_sleep,long_sleep,long_sleep_yes,,,,,1.0314026831949683,0.026511446376723,diabetes,,,,,,,,,,,,,"<science><title>The impact of sleep amount and sleep quality on glycemic control in type 2 diabetes: A systematic review and meta-analysis</>Shaun Wen Huey Lee, Khuen Yen Ng, Weng Khong Chin<source>Sleep Med Rev
</>2017 Feb;31:91-101<link>https://pubmed.ncbi.nlm.nih.gov/26944909/</></>",,,,,,,,,,,,,,,,,,,,,,,,,,,,,20.0,meta-analysis,"20 studies, T2DM patients",
0.1818181818,4.04,0.35,0.23,WMD,original_diabetes_poor_sleep,inadequate_sleep,inadequate_sleep_almost_always,,,,,1.1347433650574783,0.0900013767497192,diabetes,,,,,,,,,,,,,"<science><title>The impact of sleep amount and sleep quality on glycemic control in type 2 diabetes: A systematic review and meta-analysis</>Shaun Wen Huey Lee, Khuen Yen Ng, Weng Khong Chin<source>Sleep Med Rev
</>2017 Feb;31:91-101<link>https://pubmed.ncbi.nlm.nih.gov/26944909/</></>",,,,,,,,,,,,,,,,,,,,,,,,,,,,,20.0,meta-analysis,"20 studies, T2DM patients",
,,1.65,0.22,OR,original_diabetes_poor_sleep,diabetes_physical_activity,physical_activity_low,,,,,1.65,0.2199999999999999,diabetes,,,,,,,,,,,,,UK Biobank bidirectional study. Poor sleep -> physical inactivity OR=1.65 (1.45-1.88) [PMID 33171179; added 2026-04-18 via audit],CONNECTING STUDY: physical inactivity and poor sleep cluster.,,,,,,,,,,,,,,,,,,,,,,,,,,,,,,,"VERIFIED 2026-04-18: Huang 2021 PMID 33171179 (UK Biobank n=38,601, 6.9yr longitudinal). Abstract explicitly reports 'poor sleep pattern: adjusted OR 1.65 [1.45, 1.88]' for physical inactivity at follow-up. Value matches paper. Bidirectional design so the reverse OR (inactivity → poor sleep) is also supported."
,,1.16,0.13,OR,original_diabetes_poor_sleep,diabetes_healthy_diet,healthy_diet_no,,,,,1.16,0.1300000000000001,diabetes,,,,,,,,,,,,,Guo 2025. HEI -> sleep disorder OR=0.86. Inverse=1.16 [PMID 40635363; added 2026-04-18 via audit],CONNECTING STUDY: poor diet and poor sleep cluster.,,,,,,,,,,,,,,,,,,,,,,,,,,,,,,,"VERIFIED 2026-04-18: Guo 2025 PMID 40635363 (meta-analysis, 5 studies) reports OR 0.860 (0.743-0.997) for higher HEI → lower poor sleep risk. Row 469 OR=1.16 = 1/0.86 is the WITHIN-OUTCOME inversion (flipping reference group from high-HEI to low-HEI; same outcome = poor sleep). Mathematically valid - reciprocal of OR is the OR from the other reference group for the same endpoint."
,,,,,original_diabetes_poor_sleep,,,,,,,,,any_of,poor_sleep_yes,,poor_sleep_no,,,,,,,,,,,,,,,,,,,,,,,,,,,,,,,,,,,,,,,,,,
,,,,,,,,,,,,,,,,,,,,,,,,,,,,,,,,,,,,,,,,,,,,,,,,,,,,,,,,,,,
,,0.74,0.04,RR,diabetes_physical_intensity,moderate_recreational_activities,moderate_recreational_activities_yes,,,,,0.74,0.04,diabetes,,,,,,,,,,,,,"<science><title>Physical activity and the risk of type 2 diabetes: a systematic review and dose-response meta-analysis</>Dagfinn Aune, Teresa Norat, Michael Leitzmann, Serena Tonstad, Lars Johan Vatten<source>Eur J Epidemiol</>2015 Jul;30(7):529-42<link>https://pubmed.ncbi.nlm.nih.gov/26092138/</></>",,,,,,,,,,,,,,,,,,,,,,,,,,,,,55.0,meta-analysis,prospective cohort studies,
,,0.61,0.1,RR,diabetes_physical_intensity,vigorous_work_activity,vigorous_work_activity_yes,,,,,0.61,0.0999999999999999,diabetes,,,,,,,,,,,,,"<science><title>Physical activity and the risk of type 2 diabetes: a systematic review and dose-response meta-analysis</>Dagfinn Aune, Teresa Norat, Michael Leitzmann, Serena Tonstad, Lars Johan Vatten<source>Eur J Epidemiol</>2015 Jul;30(7):529-42<link>https://pubmed.ncbi.nlm.nih.gov/26092138/</></>",,,,,,,,,,,,,,,,,,,,,,,,,,,,,55.0,meta-analysis,prospective cohort studies,
,,0.68,0.16,RR,diabetes_physical_intensity,moderate_intensity_sports_minutes,moderate_intensity_sports_minutes_quartile_4,,,,,0.68,0.16,diabetes,,,,,,,,,,,,,"<science><title>Physical activity and the risk of type 2 diabetes: a systematic review and dose-response meta-analysis</>Dagfinn Aune, Teresa Norat, Michael Leitzmann, Serena Tonstad, Lars Johan Vatten<source>Eur J Epidemiol</>2015 Jul;30(7):529-42<link>https://pubmed.ncbi.nlm.nih.gov/26092138/</></>",,,,,,,,,,,,,,,,,,,,,,,,,,,,,55.0,meta-analysis,prospective cohort studies,
,,,,,diabetes_physical_intensity,,,,,,,,,any_of,physical_intensity_yes,,physical_intensity_no,,,,,,,,,1.0,,,,,,,,,,,,,,,,,,,,,,,,,,,,,,,,,
,,,,,,,,,,,,,,,,,,,,,,,,,,,,,,,,,,,,,,,,,,,,,,,,,,,,,,,,,,,
,,,,,,,,,,,,,,,,,,,,,,,,,,,,,,,,,,,,,,,,,,,,,,,,,,,,,,,,,,,
,,0.66,0.19,RR,diabetes_physical_regularity,workout_anomaly,ten_minutes_daily_workout_yes,,,,,0.66,0.19,diabetes,,,,,,,,,,,,,"<science><title>Physical activity and the risk of type 2 diabetes: a systematic review and dose-response meta-analysis</>Dagfinn Aune, Teresa Norat, Michael Leitzmann, Serena Tonstad, Lars Johan Vatten<source>Eur J Epidemiol</>2015 Jul;30(7):529-42<link>https://pubmed.ncbi.nlm.nih.gov/26092138/</></>",,,,,,,,,,,,,,,,,,,,,,,,,,,,,55.0,meta-analysis,prospective cohort studies,"VERIFIED OK: RR=0.68(0.52-0.90), D=0.19 matches hw. PMID:26092138"
,,0.85,0.06,RR,diabetes_physical_regularity,daily_walk_or_bicycle_travel,"daily_walk_or_bicycle_travel_60_minutes_or_more, daily_walk_or_bicycle_travel_30_to_59_minutes",,,,,0.85,0.0599999999999999,diabetes,,,,,,,,,,,,,"<science><title>Physical activity and the risk of type 2 diabetes: a systematic review and dose-response meta-analysis</>Dagfinn Aune, Teresa Norat, Michael Leitzmann, Serena Tonstad, Lars Johan Vatten<source>Eur J Epidemiol</>2015 Jul;30(7):529-42<link>https://pubmed.ncbi.nlm.nih.gov/26092138/</></>",,,,,,,,,,,,,,,,,,,,,,,,,,,,,55.0,meta-analysis,prospective cohort studies,
0.31,,0.5235602094240838,0.27,HR,diabetes_physical_regularity,daily_time_sitting,"daily_time_sitting_less_than_2_hours, daily_time_sitting_over_2_but_less_than_6_hours",,,,,0.5695738524538927,0.2799079974666992,diabetes,,,,,,,,,,,,,"<science><title>Sedentary time and its association with risk for disease incidence, mortality, and hospitalization in adults: a systematic review and meta-analysis</>Aviroop Biswas, Paul I Oh, Guy E Faulkner, Ravi R Bajaj, Michael A Silver, Marc S Mitchell, David A Alter<source>Ann Intern Med</>2015 Jan 20;162(2):123-32<link>https://pubmed.ncbi.nlm.nih.gov/25599350/</></>",,,,,,,,,,,,,,,,,,,,,,,,,,,,,14.0,meta-analysis,prospective cohort studies,
,,0.65,0.06,RR,diabetes_physical_regularity,cardiovascular_minutes,cardiovascular_minutes_quartile_4,,,,,0.65,0.0599999999999999,diabetes,,,,,,,,,,,,,"<science><title>Physical activity and the risk of type 2 diabetes: a systematic review and dose-response meta-analysis</>Dagfinn Aune, Teresa Norat, Michael Leitzmann, Serena Tonstad, Lars Johan Vatten<source>Eur J Epidemiol</>2015 Jul;30(7):529-42<link>https://pubmed.ncbi.nlm.nih.gov/26092138/</></>",,,,,,,,,,,,,,,,,,,,,,,,,,,,,55.0,meta-analysis,prospective cohort studies,
,,,,,diabetes_physical_regularity,,,,,,,,,any_of,physical_regularity_yes,,physical_regularity_no,,,,,,,,,1.0,,,,,,,,,,,,,,,,,,,,,,,,,,,,,,,,,
,,,,,,,,,,,,,,,,,,,,,,,,,,,,,,,,,,,,,,,,,,,,,,,,,,,,,,,,,,,
,,,,,diabetes_physical_activity,diabetes_physical_intensity,physical_intensity_yes,,,,,,,diabetes,,,,,,,,,,,,,,,,,,,,,,,,,,,,,,,,,,,,,,,,,,,,,
,,,,,diabetes_physical_activity,diabetes_physical_regularity,physical_regularity_yes,,,,,,,diabetes,,,,,,,,,,,,,,,,,,,,,,,,,,,,,,,,,,,,,,,,,,,,,
,,,,,diabetes_physical_activity,,,,,,,,,any_of,physical_activity_high,,physical_activity_low,,,,,,,,,1.0,,,,,,,,,,,,,,,,,,,,,,,,,,,,,,,,,
,,,,,,,,,,,,,,,,,,,,,,,,,,,,,,,,,,,,,,,,,,,,,,,,,,,,,,,,,,,
,,0.75,0.09,RR,original_diabetes_diet_fruits_and_vegetables,blueberries,blueberries_above_1_oz_per_week,,,,,0.75,0.0899999999999999,diabetes,,,,,,,,,,,,,"<science><title>Higher intake of fruits, vegetables or their fiber reduces the risk of type 2 diabetes: A meta-analysis</>Ping-Yu Wang, Jun-Chao Fang, Zong-Hua Gao, Can Zhang, Shu-Yang Xie<source>J Diabetes Investig</>2016 Jan;7(1):56-69<link>https://pubmed.ncbi.nlm.nih.gov/26816602/</></>",,,,,,,,,,,,,,,,,,,,,,,,,,,,,23.0,meta-analysis,prospective studies,
,,0.82,0.17,RR,original_diabetes_diet_fruits_and_vegetables,cruciferous_vegetables,cruciferous_vegetables_yes,,,,,0.82,0.17,diabetes,,,,,,,,,,,,,"<science><title>Higher intake of fruits, vegetables or their fiber reduces the risk of type 2 diabetes: A meta-analysis</>Ping-Yu Wang, Jun-Chao Fang, Zong-Hua Gao, Can Zhang, Shu-Yang Xie<source>J Diabetes Investig</>2016 Jan;7(1):56-69<link>https://pubmed.ncbi.nlm.nih.gov/26816602/</></>",,,,,,,,,,,,,,,,,,,,,,,,,,,,,23.0,meta-analysis,prospective studies,
,,0.72,0.15,RR,original_diabetes_diet_fruits_and_vegetables,yellow_vegetables,yellow_vegetables_yes,,,,,0.72,0.15,diabetes,,,,,,,,,,,,,"<science><title>Higher intake of fruits, vegetables or their fiber reduces the risk of type 2 diabetes: A meta-analysis</>Ping-Yu Wang, Jun-Chao Fang, Zong-Hua Gao, Can Zhang, Shu-Yang Xie<source>J Diabetes Investig</>2016 Jan;7(1):56-69<link>https://pubmed.ncbi.nlm.nih.gov/26816602/</></>",,,,,,,,,,,,,,,,,,,,,,,,,,,,,23.0,meta-analysis,prospective studies,
,,,,,original_diabetes_diet_fruits_and_vegetables,,,,,,,,,any_of,diet_fruits_and_vegetables_yes,,diet_fruits_and_vegetables_no,,,,,,,,,1.0,,,,,,,,,,,,,,,,,,,,,,,,,,,,,,,,,
,,,,,,,,,,,,,,,,,,,,,,,,,,,,,,,,,,,,,,,,,,,,,,,,,,,,,,,,,,,
,,0.91,0.04,RR,original_diabetes_dietary_fiber_gm,daily_servings_fruit,daily_servings_fruit_3_or_more,,,,,0.91,0.04,diabetes,,,,,,,,,,,,,"<science><title>Higher intake of fruits, vegetables or their fiber reduces the risk of type 2 diabetes: A meta-analysis</>Ping-Yu Wang, Jun-Chao Fang, Zong-Hua Gao, Can Zhang, Shu-Yang Xie<source>J Diabetes Investig</>2016 Jan;7(1):56-69<link>https://pubmed.ncbi.nlm.nih.gov/26816602/</></>",,,,,,,,,,,,,,,,,,,,,,,,,,,,,23.0,meta-analysis,prospective studies,
,,0.87,0.06,RR,original_diabetes_dietary_fiber_gm,original_vegetable_intake,vegetable_intake_high,,,,,0.87,0.0599999999999999,diabetes,,,,,,,,,,,,,"<science><title>Higher intake of fruits, vegetables or their fiber reduces the risk of type 2 diabetes: A meta-analysis</>Ping-Yu Wang, Jun-Chao Fang, Zong-Hua Gao, Can Zhang, Shu-Yang Xie<source>J Diabetes Investig</>2016 Jan;7(1):56-69<link>https://pubmed.ncbi.nlm.nih.gov/26816602/</></>",vegetable_intake orphan fix; direct ref to original_vegetable_intake chain,,,,,,,,,,,,,,,,,,,,,,,,,,,,23.0,meta-analysis,prospective studies,FIXED: pm 0.8->0.06. veg->diabetes RR=0.87(0.81-0.93). Verified vs PMID:26816602
,,0.89,0.095,RR,original_diabetes_dietary_fiber_gm,dietary_fiber_gm,dietary_fiber_gm_quartile_4,,,,,0.89,0.0949999999999999,diabetes,,,,,,,,,,,,,"<science><title>Dietary fiber intake and risk of type 2 diabetes: a dose-response analysis of prospective studies</><>Yao B, Fang H, Xu W, Yan Y, Xu H, Liu Y, Mo M, Zhang H, Zhao Y<source>Eur J Epidemiol</>2014;29:79-88<link>https://pubmed.ncbi.nlm.nih.gov/24389767/</></>","FIXED: pm was 0.8 (entered CI bound instead of half-width). Correct: RR~0.89 for dietary fiber->T2D risk. Estimated pm=0.07 from typical CI width. Citation added: Yao 2014 (17 cohorts, n=488293). RR=0.89 (0.80-0.99) at 25g/day fiber intake.",,,,,,,,,,,,,,,,,,,,,,,,,,,,,,,FIXED: pm 0.8->0.07. fiber->diabetes RR=0.89. Verified vs PMID:26816602
,,,,,original_diabetes_dietary_fiber_gm,,,,,,,,,any_of,dietary_fiber_gm_yes,,dietary_fiber_gm_no,,,,,,,,,1.0,,,,,,,,,,,,,,,,,,,,,,,,,,,,,,,,,
,,,,,,,,,,,,,,,,,,,,,,,,,,,,,,,,,,,,,,,,,,,,,,,,,,,,,,,,,,,
,,,,,,,,,,,,,,,,,,,,,,,,,,,,,,,,,,,,,,,,,,,,,,,,,,,,,,,,,,,
,,0.72,0.05,RR,diabetes_sirt1_activity,adiponectin_ug_ml,adiponectin_ug_ml_quartile_4_over_11.70,,,,,0.72,0.05,diabetes,,,,,,,,,,,,,"<science><title>Adiponectin levels and risk of type 2 diabetes: a systematic review and meta-analysis</>Shanshan Li, Hyun Joon Shin, Eric L Ding, Rob M van Dam<source>JAMA</>2009 Jul 8;302(2):179-88<link>https://pubmed.ncbi.nlm.nih.gov/19584347/</></>",,,,,,,,,,,,,,,,,,,,,,,,,,,,,598.0,meta-analysis,meta-analysis,
0.01625,,0.4,0.24,OR,diabetes_sirt1_activity,intermittent_fasting,intermittent_fasting_yes,,,,,0.4039383993940924,0.2417241752343114,diabetes,,,,,,,,,,,,,https://pubmed.ncbi.nlm.nih.gov/26135345/ - Horne 2015: Health effects of intermittent fasting: hormesis or harm? A systematic review,NEEDS FIX: Missing control probability (P0) for conversion. Formula returns empty. P0 should be the prior of the output variable. [2026-05-10 PMID extracted from <science><title> wrapper via quorum agent; both A+B agree],,,,,,,,,,,,,,,,,,,,,,,,,,,,5.0,meta-analysis,systematic review,
,,,,,diabetes_sirt1_activity,,,,,,,,,any_of,sirt1_activity_yes,,sirt1_activity_no,,,,,,,,,1.0,,,,,,,,,,,,,,,,,,,,,,,,,,,,,,,,,
,,,,,,,,,,,,,,,,,,,,,,,,,,,,,,,,,,,,,,,,,,,,,,,,,,,,,,,,,,,
,,,,,IGF1_ng_ml,,,,,,,,,discrete_priors,IGF1_ng_ml_quartile_4_above_210,.25,IGF1_ng_ml_quartile_3_above_170_to_210_and_below,.25,IGF1_ng_ml_quartile_2_above_130_to_170_and_below,.25,IGF1_ng_ml_quartile_1_130_and_below,.25,,,,,,https://wwwn.cdc.gov/nchs/data/nhanes3/23a/SSIGF.pdf,IGF-I,,,,,,,,,,,,,,,,,,,,,,,,,,,,,,
,,,,,,,,,,,,,,,,,,,,,,,,,,,,,,,,,,,,,,,,,,,,,,,,,,,,,,,,,,,
,,1.27,0.205,RR,sirt1_ng_uL,IGF1_ng_ml,IGF1_ng_ml_quartile_4_above_210,,,,,1.27,0.205,,,,,,,,,,,,,,https://pubmed.ncbi.nlm.nih.gov/21795450/ - Burgers 2011 IGF-I and mortality meta,"FIXED: was RR=3.2 from in vitro cell culture (Wang 2014). Replaced with Burgers 2011 meta-analysis (12 studies, n=14,906). Low IGF-1 and all-cause mortality HR=1.27 (1.08-1.49). No direct human IGF1→SIRT1 population study exists; mortality used as downstream proxy for SIRT1 pathway activity. U-shaped: high IGF-1 also harmful (HR=1.18). Limitation documented in paper. [2026-05-10 fake PMID 21795450 removed; row kept for network structure; needs real citation]",,,,,,,,,,,,,,,,,,,,,,,,,,,,,unknown,cell biology study,
,,,,,sirt1_ng_uL,,,,,,,,,dependency_priors,sirt1_ng_uL_low_below_4.29,0.21,sirt1_ng_uL_low_below_4.29_not,0.79,,,,,,,,,,,,,,,,,,,,,,,,,,,,,,,,,,,,,,,,,
,,,,,,,,,,,,,,,,,,,,,,,,,,,,,,,,,,,,,,,,,,,,,,,,,,,,,,,,,,,
,,,,,hallmark_6_deregulated_nutrient_sensing,sirt1_ng_uL,sirt1_ng_uL_low_below_4.29,,,,,,,,,,,,,,,,,,,,,,,,,,,,,,,,,,,,,,,,,,,,,,,,,,,,
,,,,,hallmark_6_deregulated_nutrient_sensing,diabetes_sirt1_activity,sirt1_activity_no,,,,,,,,,,,,,,,,,,,,,,,,,,,,,,,,,,,,,,,,,,,,,,,,,,,,
,,,,,hallmark_6_deregulated_nutrient_sensing,,,,,,,,,all_of,hallmark_6_deregulated_nutrient_sensing_yes,,hallmark_6_deregulated_nutrient_sensing_no,,,,,,,,,,,,,,,,,,,,,,,,,,,,,,,,,,,,,,,,,,
,,,,,,,,,,,,,,,,,,,,,,,,,,,,,,,,,,,,,,,,,,,,,,,,,,,,,,,,,,,
,,,,,circulating_osteogenic_progenitor_cells_percent,,,,,,,,,discrete_priors,circulating_osteogenic_progenitor_cells_percent_tertile_1_under_5.34,0.33,circulating_osteogenic_progenitor_cells_percent_tertile_1_under_5.34_not,0.67,,,,,,,,,,,,,,,,,,,,,,,,,,,,,,,,,,,,,,,,,
,,,,,,,,,,,,,,,,,,,,,,,,,,,,,,,,,,,,,,,,,,,,,,,,,,,,,,,,,,,
,,,,,hallmark_9_stem_cell_exhaustion,circulating_osteogenic_progenitor_cells_percent,circulating_osteogenic_progenitor_cells_percent_tertile_1_under_5.34,,,,,,,,,,,,,,,,,,,,,,,,,,,,,,,,,,,,,,,,,,,,,,,,,,,,
,,,,,hallmark_9_stem_cell_exhaustion,endothelial_progenitor_cell,endothelial_progenitor_cell_expression_high_above_200_not,,,,,,,,,,,,,,,,,,,,,,,,,,,,,,,,,,,,,,,,,,,,,,,,,,,,
,,,,,hallmark_9_stem_cell_exhaustion,,,,,,,,,all_of,hallmark_9_stem_cell_exhaustion_yes,,hallmark_9_stem_cell_exhaustion_no,,,,,,,,,,,,,,,,,,,,,,,,,,,,,,,,,,,,,,,,,,
,,,,,,,,,,,,,,,,,,,,,,,,,,,,,,,,,,,,,,,,,,,,,,,,,,,,,,,,,,,
,,,,,,,,,,,,,,,,,,,,,,,,,,,,,,,,,,,,,,,,,,,,,,,,,,,,,,,,,,,
,,,,,,,,,,,,,,,,,,,,,,,,,,,,,,,,,,,,,,,,,,,,,,,,,,,,,,,,,,,
0.06,,0.88,0.58,SMD,telomere_vitamins,folate_nmol_L,folate_nmol_L_quartile_1,,,,,3.9816193552246095,2.331842198941548,hallmark_2_telomere_attrition_telomere_length_rtl,,,,,,,,,,,,,https://pubmed.ncbi.nlm.nih.gov/31687079/ - Tucker 2019: Serum and Dietary Folate and Vitamin B12 Levels Account for Differences in Cellular Aging: Evidence,[2026-05-10 PMID extracted from <science><title> wrapper via quorum agent; both A+B agree],,,,,,,,,,,,,,,,,,,,,,,,,,,,5581.0,unknown,observational,
0.101,,0.6,0.57,SMD,telomere_vitamins,dietary_folate_mcg,dietary_folate_mcg_quartile_1,,,,,2.4723707399461743,1.422486519720797,hallmark_2_telomere_attrition_telomere_length_rtl,,,,,,,,,,,,,https://pubmed.ncbi.nlm.nih.gov/31687079/ - Tucker 2019: Serum and Dietary Folate and Vitamin B12 Levels Account for Differences in Cellular Aging: Evidence,[2026-05-10 PMID extracted from <science><title> wrapper via quorum agent; both A+B agree],,,,,,,,,,,,,,,,,,,,,,,,,,,,5581.0,unknown,observational,
0.108,,0.57,0.63,SMD,telomere_vitamins,dietary_b12_mcg,dietary_b12_mcg_quartile_1,,,,,2.347917718822918,1.4407458955571215,hallmark_2_telomere_attrition_telomere_length_rtl,,,,,,,,,,,,,https://pubmed.ncbi.nlm.nih.gov/31687079/ - Tucker 2019: Serum and Dietary Folate and Vitamin B12 Levels Account for Differences in Cellular Aging: Evidence,[2026-05-10 PMID extracted from <science><title> wrapper via quorum agent; both A+B agree],,,,,,,,,,,,,,,,,,,,,,,,,,,,5581.0,unknown,observational,
,,,,,telomere_vitamins,,,,,,,,,any_of,telomere_vitamins_no,,telomere_vitamins_yes,,,,,,,,,,,,,,,,,,,,,,,,,,,,,,,,,,,,,,,,,,
,,,,,,,,,,,,,,,,,,,,,,,,,,,,,,,,,,,,,,,,,,,,,,,,,,,,,,,,,,,
0.25,,0.6,1.1,SMD,hallmark_2_telomere_attrition_telomere_length_rtl,gender,male,,,,,1.987387878515444,1.512091173401443,,,,,,,,,,,,,,https://pubmed.ncbi.nlm.nih.gov/31687079/ - Tucker 2019: Serum and Dietary Folate and Vitamin B12 Levels Account for Differences in Cellular Aging: Evidence,[2026-05-10 PMID extracted from <science><title> wrapper via quorum agent; both A+B agree],,,,,,,,,,,,,,,,,,,,,,,,,,,,5581.0,unknown,observational,"FIXED P0: was 0.102, corrected to 0.2500 (output NHANES prior)"
0.25,,4.73,0.47,SMD,hallmark_2_telomere_attrition_telomere_length_rtl,age,elderly,,,,,3.3371853935353104,0.3316019312815212,,,,,,,,,,,,,,https://pubmed.ncbi.nlm.nih.gov/31687079/ - Tucker 2019: Serum and Dietary Folate and Vitamin B12 Levels Account for Differences in Cellular Aging: Evidence,CHECK: SMD=4.73 for age->telomere is very high but may be correct if comparing elderly (70+) vs young (20s) in NHANES. Telomere length decreases ~1kb over lifespan with SD~0.2kb. Tucker 2019 used NHANES 1999-2002 (n=5581). Plausible but verify exact computation. [2026-05-10 PMID extracted from <science><title> wrapper via quorum agent; both A+B agree],,,,,,,,,,,,,,,,,,,,,,,,,,,,5581.0,unknown,observational,
,,,,,hallmark_2_telomere_attrition_telomere_length_rtl,telomere_vitamins,telomere_vitamins_no,,,,,,,distal,,,,,,,,,,,,,,,,,,,,,,,,,,,,,,,,,,,,,,,,,,,,,
,,,,,hallmark_2_telomere_attrition_telomere_length_rtl,,,,,,,,,dependency_priors,hallmark_2_telomere_attrition_telomere_length_rtl_below_.93,0.25,hallmark_2_telomere_attrition_telomere_length_rtl_below_.93_not,0.75,,,,,,,,,"<science><title>Serum and Dietary Folate and Vitamin B12 Levels Account for Differences in Cellular Aging: Evidence Based on Telomere Findings in 5581 U.S. Adults</>Larry A. Tucker et al<source>Oxidative Medicine and Cellular Longevity</>Volume 2019, Article ID 4358717, 10 pages<link>https://doi.org/10.1155/2019/4358717</></>",Threshold RTL<0.93: set at ~25th percentile. Prior=0.25 (bottom quartile). RTL varies by assay; studies use quartiles for risk stratification. Citation: Serum and Dietary Folate and Vitamin B12 Levels Account for Differences in Cellular Aging (see citation col).,,,,,,,,,,,,,,,,,,,,,,,,,,,,5581.0,unknown,observational,
,,,,,,,,,,,,,,,,,,,,,,,,,,,,,,,,,,,,,,,,,,,,,,,,,,,,,,,,,,,
0.16,,1.45,0.52,OR,hallmark_3_epigenetic_alterations_epigenetic_age,dietary_zinc_mg,dietary_zinc_mg_quartile_1,,,,,1.3526119402985073,0.4120779597159829,,,,,,,,,,,,,,"OR=0.69 (95%CI 0.66-0.74) adequate zinc protective, inverted to 1.45 risk. Zinc biobank study (ScienceDirect S0261561425001232) [PMID 40359759; added 2026-04-18 via audit]",,,,,,,,,,,,,,,,,,,,,,,,,,,,,2474.0,cohort,Taiwan Biobank,"FIXED P0: was 0.092, corrected to 0.1600 (output NHANES prior)"
0.16,,2.1,1.14,OR,hallmark_3_epigenetic_alterations_epigenetic_age,bmi,bmi_over_30_obesity,,,,,1.7857142857142858,0.8195307108350586,,,,,,,,,,,,,,"OR=2.099 (95%CI 1.248-3.531) WC->PhenoAge acceleration. Mendelian randomization (Lipids Health Dis 2024, s12944-024-02042-y) [PMID 38475782; added 2026-04-18 via audit]",,,,,,,,,,,,,,,,,,,,,,,,,,,,,,Mendelian randomization,mixed,"FIXED P0: was 0.067, corrected to 0.1600 (output NHANES prior)"
0.16,,2.1,1.14,OR,hallmark_3_epigenetic_alterations_epigenetic_age,unhealthy_waist,unhealthy_waist,,,,,1.7857142857142858,0.8195307108350586,,,,,,,,,,,,,,"OR=2.099 (95%CI 1.248-3.531) WC->PhenoAge acceleration. Mendelian randomization (Lipids Health Dis 2024, s12944-024-02042-y) [PMID 38475782; added 2026-04-18 via audit]",,,,,,,,,,,,,,,,,,,,,,,,,,,,,,Mendelian randomization,mixed,"FIXED P0: was 0.076, corrected to 0.1600 (output NHANES prior)"
,,,,,hallmark_3_epigenetic_alterations_epigenetic_age,,,,,,,,,dependency_priors,hallmark_3_epigenetic_alterations_epigenetic_age_older_5_or_more_years,0.16,hallmark_3_epigenetic_alterations_epigenetic_age_older_5_or_more_years_not,0.84,,,,,,,,,"<science><title>Novel Zinc-Related Differentially Methylated Regions in Leukocytes of Women With and Without Obesity</>Noronha NY, et al<source>Front Nutr</>2022; 9: 785281<link>https://www.frontiersin.org/articles/10.3389/fnut.2022.785281/pdf</></>","Threshold >5yr epigenetic age acceleration. Prior=0.16. Project Baseline Health Study (Circ Genom Precis Med 2022) found 11.3% with EAA>=5yr. Prior of 16% is slightly higher, possibly reflecting older target population. Citation: Novel Zinc-Related Differentially Methylated Regions (see citation col).",,,,,,,,,,,,,,,,,,,,,,,,,,,,,unknown,epigenome-wide association,
,,,,,,,,,,,,,,,,,,,,,,,,,,,,,,,,,,,,,,,,,,,,,,,,,,,,,,,,,,,
,,,,,,,,,,,,,,,,,,,,,,,,,,,,,,,,,,,,,,,,,,,,,,,,,,,,,,,,,,,
,,,,,,,,,,,,,,,,,,,,,,,,,,,,,,,,,,,,,,,,,,,,,,,,,,,,,,,,,,,
,,,,,,,,,,,,,,,,,,,,,,,,,,,,,,,,,,,,,,,,,,,,,,,,,,,,,,,,,,,
,,,,,original_diabetes_healthy_diet,,,,,,,,,,,,,,,,,,,,,,,"BLANKED : Claude-inserted RR 0.93 came from inverting Imamura 2015 BMJ's ASB→T2D risk RR (~1.08). Imamura measures disease risk, not behavior clustering. The inversion is not a valid clustering estimate.",,,,,,,,,,,,,,,,,,,,,,,,,,,,,,,
,,,,,original_diabetes_healthy_diet,,,,,,,,,,,,,,,,,,,,,,,"BLANKED : Claude-inserted RR 0.787 = 1/1.27 is the inverse of Li 2023 PMID 37006931's SSB→T2D risk RR. Li measures disease risk, not behavior clustering. The inversion is not a valid clustering estimate.",,,,,,,,,,,,,,,,,,,,,,,,,,,,,,,
,,,,,original_diabetes_healthy_diet,original_diabetes_dietary_fiber_gm,dietary_fiber_gm_yes,,,,,,,diabetes,,,,,,,,,,,,,,redirected 13:55: was input=diabetes_dietary_fiber_gm (wrapper retired); now original chain,,,,,,,,,,,,,,,,,,,,,,,,,,,,,,,
,,,,,original_diabetes_healthy_diet,diabetes_diet_fruits_and_vegetables,diet_fruits_and_vegetables_yes,,,,,,,diabetes,,,,,,,,,,,,,https://pubmed.ncbi.nlm.nih.gov/35028521/ - Halvorsen 2021: Fruit and vegetable consumption and the risk of type 2 diabetes: a systematic review and dose-respon,[2026-05-10 PMID extracted from <science><title> wrapper via quorum agent; both A+B agree],,,,,,,,,,,,,,,,,,,,,,,,,,,,23.0,meta-analysis,"meta-analysis, prospective cohorts",
,,1.36,0.12,OR,diabetes_healthy_diet,diabetes_physical_activity,physical_activity_low,,,,,1.36,0.1199999999999998,diabetes,,,,,,,,,,,,,"<science><title>Associations between lifestyle factors and an unhealthy diet</>Fransen HP, Boer JMA, Beulens JWJ, de Wit GA, Bueno-de-Mesquita HB, Hoekstra J, May AM, Peeters PHM<source>European Journal of Public Health</>2017;27(1):81-87<link>https://pubmed.ncbi.nlm.nih.gov/27744349/</></> [PMID 27744349; connecting study added 2026-04-18 via literature search]",Restored with verified replacement study (see verification_status for audit).,,,,,,,,,,,,,,,,,,,,,,,,,,,,39393.0,prospective cohort (baseline cross-sectional analysis),"EPIC-NL Dutch adults 20-70, general population","VERIFIED 2026-04-18: Fransen 2017 PMID 27744349. Direct OR 1.36 (1.25-1.48) for inactive-vs-active predicting low Mediterranean adherence. Outcome is diet quality (not a disease), so not a cross-outcome inversion. Direction match: PA=low -> healthy_diet=no, OR>1 correct."
,,,,,original_diabetes_healthy_diet,diabetes_sirt1_activity,sirt1_activity_yes,,,,,,,diabetes,,,,,,,,,,,,,,,,,,,,,,,,,,,,,,,,,,,,,,,,,,,,,
,,,,,original_diabetes_healthy_diet,,,,,,,,,any_of,healthy_diet_yes,,healthy_diet_no,,,,,,,,,1.0,,,,,,,,,,,,,,,,,,,,,,,,,,,,,,,,,
,,,,,,,,,,,,,,,,,,,,,,,,,,,,,,,,,,,,,,,,,,,,,,,,,,,,,,,,,,,
,,2.24,0.26,RR,diabetes_bmi,bmi_naive,bmi_25_to_29_overweight,,,,,2.24,0.26,diabetes,,,,,,,,,,,,,"<science><title>Dose-response association between body mass index and the risk of type 2 diabetes: a systematic review and meta-analysis of prospective studies</><>Yu Y, Ye J, Chen M, Jiang C, Lin W, Lu Y, Ye H, Li Y, Liao C, Yan F, Ye G<source>Int J Obes</>2022;46(10):1803-1813<link>https://pubmed.ncbi.nlm.nih.gov/35197569/</></>","FIXED: was RR=2.9 (older single meta-analysis). Updated to Yu 2022 (84 articles, n=2.69M, 20 countries). Overweight (BMI 25-29.9) RR=2.24 for T2D.",,,,,,,,,,,,,,,,,,,,,,,,,,,,400.0,meta-analysis,"meta-analysis, prospective",
,,4.56,1.0,RR,diabetes_bmi,bmi,bmi_over_30_obesity,,,,,4.56,1.0,diabetes,,,,,,,,,,,,,"<science><title>Dose-response association between body mass index and the risk of type 2 diabetes: a systematic review and meta-analysis of prospective studies</><>Yu Y, Ye J, Chen M, Jiang C, Lin W, Lu Y, Ye H, Li Y, Liao C, Yan F, Ye G<source>Int J Obes</>2022;46(10):1803-1813<link>https://pubmed.ncbi.nlm.nih.gov/35197569/</></>","FIXED: was RR=7.28 (older study, likely overestimate or different cutoff). Updated to Yu 2022 (84 articles, n=2.69M). Obesity (BMI ≥30) RR=4.56. Note: severe obesity (BMI ≥35-40) RR=22.97.",,,,,,,,,,,,,,,,,,,,,,,,,,,,400.0,meta-analysis,prospective studies,
,,,,,diabetes_bmi,,,,,,,,,any_of,diabetes_bmi_yes,,diabetes_bmi_no,,,,,,,,,,,,,,,,,,,,,,,,,,,,,,,,,,,,,,,,,,
,,,,,,,,,,,,,,,,,,,,,,,,,,,,,,,,,,,,,,,,,,,,,,,,,,,,,,,,,,,
,,,,,diabetes_belly_fat,diabetes_bmi,diabetes_bmi_yes,,,,,,,diabetes,,,,,,,,,,,,,,,,,,,,,,,,,,,,,,,,,,,,,,,,,,,,,
,,1.87,0.33,RR,diabetes_belly_fat,unhealthy_waist,unhealthy_waist,,,,,1.87,0.33,diabetes,,,,,,,,,,,,,"<science><title>Comparison of body mass index, waist circumference, and waist/hip ratio in predicting incident diabetes: a meta-analysis</>Gabriela Vazquez, Sue Duval, David R Jacobs Jr, Karri Silventoinen<source>Epidemiol Rev</>2007;29:115-28<link>https://pubmed.ncbi.nlm.nih.gov/17494056/</></>",,,,,,,,,,,,,,,,,,,,,,,,,,,,,32.0,meta-analysis,meta-analysis,
,,,,,diabetes_belly_fat,,,,,,,,,all_of,belly_fat_yes,,belly_fat_no,,,,,,,,,,,,,,,,,,,,,,,,,,,,,,,,,,,,,,,,,,
,,,,,,,,,,,,,,,,,,,,,,,,,,,,,,,,,,,,,,,,,,,,,,,,,,,,,,,,,,,
,,2.77,1.56,RR,diabetes_signs,hallmark_2_telomere_attrition_telomere_length_rtl,hallmark_2_telomere_attrition_telomere_length_rtl_below_.93,,,,,2.77,1.56,diabetes,,,,,,,,,,,,,"<science><title>Leucocyte Telomere Length and Risk of Type 2 Diabetes Mellitus: New Prospective Cohort Study and Literature-Based Meta-Analysis</>Peter Willeit  ,Julia Raschenberger ,Emma E. Heydon,Sotirios Tsimikas,Margot Haun,Agnes Mayr,Siegfried Weger,Joseph L. Witztum,Adam S. Butterworth,Johann Willeit,Florian Kronenberg,Stefan Kiechl<source>PLOS ONE</>November 12, 2014<link>https://pubmed.ncbi.nlm.nih.gov/34591787/</></>",,,,,,,,,,,,,,,,,,,,,,,,,,,,,165.0,meta-analysis,meta-analysis,
,,1.22,0.05,RR,diabetes_signs,age_at_menarche,age_at_menarche_younger_than_10,,,,,1.22,0.05,diabetes,,,,,,,,,,,,,https://pubmed.ncbi.nlm.nih.gov/24671509/ - Janghorbani 2014: Systematic review and meta-analysis of age at menarche and risk of type 2 diabetes,https://www.ncbi.nlm.nih.gov/pmc/articles/PMC7806408/ [2026-05-10 PMID extracted from <science><title> wrapper via quorum agent; both A+B agree],,,,,,,,,,,,,,,,,,,,,,,,,,,,315428.0,meta-analysis,meta-analysis,
,,,,,diabetes_signs,diabetes_belly_fat,belly_fat_yes,,,,,,,diabetes,,,,,,,,,,,,,,,,,,,,,,,,,,,,,,,,,,,,,,,,,,,,,
,,,,,diabetes_signs,,,,,,,,,any_of,diabetes_signs_yes,,diabetes_signs_no,,,,,,,,,,,,,,,,,,,,,,,,,,,,,,,,,,,,,,,,,,
,,,,,,,,,,,,,,,,,,,,,,,,,,,,,,,,,,,,,,,,,,,,,,,,,,,,,,,,,,,
,,,,,diabetes_behaviors,diabetes_physical_activity,physical_activity_low,,,,,,,diabetes,,,,,,,,,,,,,"<science><title>Physical activity and the risk of type 2 diabetes: a systematic review and dose-response meta-analysis</>Dagfinn Aune, Teresa Norat, Michael Leitzmann, Serena Tonstad, Lars Johan Vatten<source>Eur J Epidemiol</>2015 Jul;30(7):529-42<link>https://pubmed.ncbi.nlm.nih.gov/26092138/</></>",,,,,,,,,,,,,,,,,,,,,,,,,,,,,55.0,meta-analysis,prospective cohort studies,
,,,,,diabetes_behaviors,diabetes_poor_sleep,poor_sleep_yes,,,,,,,diabetes,,,,,,,,,,,,,"<science><title>The impact of sleep amount and sleep quality on glycemic control in type 2 diabetes: A systematic review and meta-analysis</>Shaun Wen Huey Lee, Khuen Yen Ng, Weng Khong Chin<source>Sleep Med Rev
</>2017 Feb;31:91-101<link>https://pubmed.ncbi.nlm.nih.gov/26944909/</></>",,,,,,,,,,,,,,,,,,,,,,,,,,,,,20.0,meta-analysis,"20 studies, T2DM patients",
,,,,,diabetes_behaviors,diabetes_healthy_diet,healthy_diet_no,,,,,,,diabetes,,,,,,,,,,,,,,,,,,,,,,,,,,,,,,,,,,,,,,,,,,,,,
,,,,,diabetes_behaviors,,,,,,,,,any_of,diabetes_behaviors_yes,,diabetes_behaviors_no,,,,,,,,,,,,,,,,,,,,,,,,,,,,,,,,,,,,,,,,,,
,,,,,,,,,,,,,,,,,,,,,,,,,,,,,,,,,,,,,,,,,,,,,,,,,,,,,,,,,,,
,,,,,diabetes,a1c,a1c_diabetes_6.5_and_above,,,0.94,0.02,,,,,,,,,,,,,,,,,"https://bmcendocrdisord.biomedcentral.com/articles/10.1186/s12902-019-0339-6#:~:text=The%20sensitivity%20of%20recommended%20cut,%25%20(Youden's%20index%200.391), https://bmcendocrdisord.biomedcentral.com/articles/10.1186/s12902-019-0339-6#:~:text=The%20sensitivity%20of%20recommended%20cut,%25%20(Youden's%20index%200.391).",,,,,,,,,,,,,,,,,,,,,,,,,,,,,,,
,,,,,diabetes,diabetes_signs,diabetes_signs_yes,,,,,,,distal,,,,,,,,,,,,,,,,,,,,,,,,,,,,,,,,,,,,,,,,,,,,,
,,,,,diabetes,diabetes_behaviors,diabetes_behaviors_yes,,,,,,,distal,,,,,,,,,,,,,,,,,,,,,,,,,,,,,,,,,,,,,,,,,,,,,
,,1.44,0.14,RR,diabetes,smoked_100_cigarettes,smoked_100_cigarettes_yes,,,,,,,,,,,,,,,,,,,,"https://pubmed.ncbi.nlm.nih.gov/18073361/ - Willi et al 2007 JAMA - active smoking → T2D incidence meta, RR 1.44 (95%CI 1.31-1.58); 1.2M participants across 25 prospective studies. 2-of-2 quorum (A a9874909 + B a17ad591).",[2026-05-10 cycle 4: 2-of-2 quorum applied],,,,,,,,,,,,,,,,,,,,,,,,,,,,,,,
,,,,,diabetes,,,,,,,,,dependency_nhanes_explicit,diabetes_yes,1,diabetes_no,2,,,,,,,DIQ010,,,,,,,,,,,,,,,,,,,,,,,,,,,,,,,,,,
,,,,,,,,,,,,,,,,,,,,,,,,,,,,,,,,,,,,,,,,,,,,,,,,,,,,,,,,,,,
,,,,,,,,,,,,,,,,,,,,,,,,,,,,,,,,,,,,,,,,,,,,,,,,,,,,,,,,,,,
,,,,,mtDNA_copy_number,,,,,,,,,discrete_priors,mtDNA_copy_number_quartile_1_below_120,0.25,mtDNA_copy_number_quartile_2_121_to_135,0.25,mtDNA_copy_number_quartile_3_136_to_150,0.25,mtDNA_copy_number_quartile_4_above_150,0.25,,,,,,,,,,,,,,,,,,,,,,,,,,,,,,,,,,,,,
,,,,,,,,,,,,,,,,,,,,,,,,,,,,,,,,,,,,,,,,,,,,,,,,,,,,,,,,,,,
,,,,,heavy_smoking,,,,,,,,,naive_0_nhanes_explicit,heavy_smoking_yes,40-95,heavy_smoking_no,1-39,,,,,,,SMD650,,,[2026-05-13 naive_0 guard-2 removal cycle] Blanked input column (was 'five_days_smoke_cigarettes'). Leaf heavy_smoking is the input of 2 downstream study row(s) - an empirical P(leaf|parent) CPT would compete with the literature RR. The dependency.py guard (2) was silently demoting this to discrete priors anyway. Making the CSV honest.,,,,,,,,,,,,,,,,,,,,,,,,,,,,,,,
,,,,,ever_vaped,five_days_smoke_cigarettes,,,,,,,,naive_0_nhanes_explicit,ever_vaped_yes,1,ever_vaped_no,2,,,,,,,SMQ900,,,,,,,,,,,,,,,,,,,,,,,,,,,,,,,,,,
,,,,,cotinine_ng_mL,five_days_smoke_cigarettes,,,,,,,,naive_0_nhanes_quartile,,,,,,,,,,,LBXCOT,1.0,,,,,,,,,,,,,,,,,,,,,,,,,,,,,,,,,
,,,,,quit_smoking_how_many_months,five_days_smoke_cigarettes,,,,,,,,naive_0_nhanes_quartile,,1-66665,,,,,,,,,SMQ050Q,,,,,,,,,,,,,,,,,,,,,,,,,,,,,,,,,,
,,,,,smoked_100_cigarettes,,,,,,,,,naive_0_nhanes_explicit,smoked_100_cigarettes_yes,1,smoked_100_cigarettes_no,2,,,,,,,SMQ020,,,[2026-05-13 naive_0 guard-2 removal cycle] Blanked input column (was 'five_days_smoke_cigarettes'). Leaf smoked_100_cigarettes is the input of 5 downstream study row(s) - an empirical P(leaf|parent) CPT would compete with the literature RR. The dependency.py guard (2) was silently demoting this to discrete priors anyway. Making the CSV honest.,,,,,,,,,,,,,,,,,,,,,,,,,,,,,,,
,,,,,second_hand_smoke,five_days_smoke_cigarettes,,,,,,,,naive_0_nhanes_explicit,second_hand_smoke_yes,"1,2,3",second_hand_smoke_no,0,,,,,,,SMD460,,,,,,,,,,,,,,,,,,,,,,,,,,,,,,,,,,
,,,,,oral_cancer_exam,five_days_smoke_cigarettes,,,,,,,,naive_0_nhanes_explicit,oral_cancer_exam_yes,1,oral_cancer_exam_no,2,,,,,,,OHQ880,,,,,,,,,,,,,,,,,,,,,,,,,,,,,,,,,,
,,,,,five_days_smoke_cigarettes,,,,,,,,,discrete_nhanes_explicit,five_days_smoke_cigarettes_yes,1,five_days_smoke_cigarettes_no,2,,,,,,,SMQ681,,,,,,,,,,,,,,,,,,,,,,,,,,,,,,,,,,
,,,,,,,,,,,,,,,,,,,,,,,,,,,,,,,,,,,,,,,,,,,,,,,,,,,,,,,,,,,
,,,,,,,,,,,,,,,,,,,,,,,,,,,,,,,,,,,,,,,,,,,,,,,,,,,,,,,,,,,
,,,,,,,,,,,,,,,,,,,,,,,,,,,,,,,,,,,,,,,,,,,,,,,,,,,,,,,,,,,
,,,,,,,,,,,,,,,,,,,,,,,,,,,,,,,,,,,,,,,,,,,,,,,,,,,,,,,,,,,
,,,,,,,,,,,,,,,,,,,,,,,,,,,,,,,,,,,,,,,,,,,,,,,,,,,,,,,,,,,
,,,,,,,,,,,,,,,,,,,,,,,,,,,,,,,,,,,,,,,,,,,,,,,,,,,,,,,,,,,
,,,,,,,,,,,,,,,,,,,,,,,,,,,,,,,,,,,,,,,,,,,,,,,,,,,,,,,,,,,
,,,,,,,,,,,,,,,,,,,,,,,,,,,,,,,,,,,,,,,,,,,,,,,,,,,,,,,,,,,
,,,,,,,,,,,,,,,,,,,,,,,,,,,,,,,,,,,,,,,,,,,,,,,,,,,,,,,,,,,
,,,,,,,,,,,,,,,,,,,,,,,,,,,,,,,,,,,,,,,,,,,,,,,,,,,,,,,,,,,
,,,,,,,,,,,,,,,,,,,,,,,,,,,,,,,,,,,,,,,,,,,,,,,,,,,,,,,,,,,
,,,,,,,,,,,,,,,,,,,,,,,,,,,,,,,,,,,,,,,,,,,,,,,,,,,,,,,,,,,
,,,,,ldl_mg_dL_naive,,,,,,,,,naive_0_nhanes_explicit,ldl_mg_dL_very_high_190_and_over,190-1000,ldl_mg_dL_high_160_to_189,160-189,ldl_mg_dL_borderline_130_to_159,130-159,ldl_mg_dL_near_optimaal_99_to_129,99-129,ldl_mg_dL_optimal_less_than_99,0-98,LBDLDL,,,"[2026-05-13 naive_0 guard-3 removal cycle] Blanked input column (was 'total_cholesterol_mg_dL_naive'). Leaf ldl_mg_dL_naive is the input of an equivalent_to row, so a parent-conditional CPT here would create a triple-constraint conflict with the equivalent_to mapping + the wrapper's dep_nhanes_explicit marginal. The dependency.py guard (3) was silently demoting this to discrete priors anyway; making the CSV honest about that.",,,,,,,,,,,,,,,,,,,,,,,,,,,,,,,
,,,,,direct_HDL_mg_dL_naive,,,,,,,,,naive_0_nhanes_explicit,direct_HDL_mg_dL_low_below_40,0-39,direct_HDL_mg_dL_normal_40_to_60,40-60,direct_HDL_mg_dL_high_above_60,61-1000,,,,,LBDHDD,,,"[2026-05-13 naive_0 guard-3 removal cycle] Blanked input column (was 'total_cholesterol_mg_dL_naive'). Leaf direct_HDL_mg_dL_naive is the input of an equivalent_to row, so a parent-conditional CPT here would create a triple-constraint conflict with the equivalent_to mapping + the wrapper's dep_nhanes_explicit marginal. The dependency.py guard (3) was silently demoting this to discrete priors anyway; making the CSV honest about that.",,,,,,,,,,,,,,,,,,,,,,,,,,,,,,,
,,,,,triglycerides_mg_dL_naive,,,,,,,,,naive_0_nhanes_explicit,triglycerides_mg_dL_high_above_199,200-1000,triglycerides_mg_dL_medium_199_to_150,150-199,triglycerides_mg_dL_low_below_150,0-149,,,,,LBXSTR,,,"[2026-05-13 naive_0 guard-3 removal cycle] Blanked input column (was 'total_cholesterol_mg_dL_naive'). Leaf triglycerides_mg_dL_naive is the input of an equivalent_to row, so a parent-conditional CPT here would create a triple-constraint conflict with the equivalent_to mapping + the wrapper's dep_nhanes_explicit marginal. The dependency.py guard (3) was silently demoting this to discrete priors anyway; making the CSV honest about that.",,,,,,,,,,,,,,,,,,,,,,,,,,,,,,,
,,,,,total_cholesterol_mg_dL_naive,,,,,,,,,discrete_nhanes_explicit,total_cholesterol_mg_dL_high_240_and_above,240-1000,total_cholesterol_mg_dL_elevated_200-239,200-239,total_cholesterol_mg_dL_normal_125_to_199,125-199,total_cholesterol_mg_dL_low_below_125,0-124,,,LBXTC,,,,,,,,,,,,,,,,,,,,,,,,,,,,,,,,,,
,,,,,,,,,,,,,,,,,,,,,,,,,,,,,,,,,,,,,,,,,,,,,,,,,,,,,,,,,,,
,,,,,total_cholesterol_mg_dL,total_cholesterol_mg_dL_naive,total_cholesterol_mg_dL_high_240_and_above,,,,,,,equivalent_to,,,,,,,,,,,,,,,,,,,,,,,,,,,,,,,,,,,,,,,,,,,,,
0.094612767052165,,-0.39,0.45,SMD,total_cholesterol_mg_dL,low_calorie_diet,low_calorie_diet_yes,,,,,0.5185034199036113,0.2824262632035331,,,,,,,,,,,,,,https://pubmed.ncbi.nlm.nih.gov/31303390/ - Kraus 2019: 2 years of calorie restriction and cardiometabolic risk (CALERIE): exploratory outcomes of a multice,"[autofill Apr-20] col A updated to NHANES P0 per , 2026 convention [2026-05-10 PMID extracted from <science><title> wrapper via quorum agent; both A+B agree]",,,,,,,,,,,,,,,,,,,,,,,,,,,,218.0,RCT,"CALERIE trial, healthy non-obese 20-50y",
0.094612767052165,,,,,total_cholesterol_mg_dL,probiotic_supplementation,probiotic_supplementation_yes,,,,,,,,,,,,,,,,,,,,https://pubmed.ncbi.nlm.nih.gov/31263284/ - Depommier 2019: Supplementation with Akkermansia muciniphila in overweight and obese human volunteers: a proof-of-co,"[c12→c13 SUBNET-FIX total_cholesterol M7] Blanked. Same Akkermansia trial as rows 964/968/1290 (Depommier 2019 n=32 RCT, NOT meta-analysis). SMD=-0.89→RR=0.22 is implausibly large for a single underpowered trial. Original {'Stat': 'SMD', 'Stat Value': -0.89, 'Plus minus': 0.74, 'RR Stat Value': 0.2160680029169711, 'RR plus minus': 0.1585904279420408}. Direction (probiotic_yes → cholesterol down) plausible per broader literature, but this row's magnitude isn't replicable. [2026-05-10 PMID extracted from <science><title> wrapper via quorum agent; both A+B agree]",,,,,,,,,,,,,,,,,,,,,,,,,,,,40.0,unknown,"overweight/obese, RCT",
,,,,,total_cholesterol_mg_dL,,,,,,,,,dependency_nhanes_explicit,total_cholesterol_mg_dL_high_240_and_above,240-1000,total_cholesterol_mg_dL_high_240_and_above_not,0-239,,,,,,,LBXTC,,,,,,,,,,,,,,,,,,,,,,,,,,,,,,,,,,
,,,,,,,,,,,,,,,,,,,,,,,,,,,,,,,,,,,,,,,,,,,,,,,,,,,,,,,,,,,
0.2718772167408267,,0.45,0.51,SMD,direct_HDL_mg_dL,low_calorie_diet,low_calorie_diet_yes,,,,,1.6825550793104271,0.7596436606270337,,,,,,,,,,,,,,https://pubmed.ncbi.nlm.nih.gov/31303390/ - Kraus 2019: 2 years of calorie restriction and cardiometabolic risk (CALERIE): exploratory outcomes of a multice,"[autofill Apr-20] col A updated to NHANES P0 per , 2026 convention [2026-05-10 PMID extracted from <science><title> wrapper via quorum agent; both A+B agree]",,,,,,,,,,,,,,,,,,,,,,,,,,,,218.0,RCT,"CALERIE trial, healthy non-obese 20-50y",
,,,,,direct_HDL_mg_dL,direct_HDL_mg_dL_naive,direct_HDL_mg_dL_high_above_60,,,,,,,equivalent_to,,,,,,,,,,,,,,,,,,,,,,,,,,,,,,,,,,,,,,,,,,,,,
,,,,,direct_HDL_mg_dL,,,,,,,,,dependency_nhanes_explicit,direct_HDL_mg_dL_high_above_60,61-1000,direct_HDL_mg_dL_high_above_60_not,0-60,,,,,,,LBDHDD,1.0,,,,,,,,,,,,,,,,,,,,,,,,,,,,,,,,,
,,,,,,,,,,,,,,,,,,,,,,,,,,,,,,,,,,,,,,,,,,,,,,,,,,,,,,,,,,,
0.0218781274324474,,-0.51,0.55,SMD,ldl_mg_dL,low_calorie_diet,low_calorie_diet_yes,,,,,0.4025942590082929,0.2529893561292704,,,,,,,,,,,,,,https://pubmed.ncbi.nlm.nih.gov/31303390/ - Kraus 2019: 2 years of calorie restriction and cardiometabolic risk (CALERIE): exploratory outcomes of a multice,"[autofill Apr-20] col A updated to NHANES P0 per , 2026 convention [2026-05-10 PMID extracted from <science><title> wrapper via quorum agent; both A+B agree]",,,,,,,,,,,,,,,,,,,,,,,,,,,,218.0,RCT,"CALERIE trial, healthy non-obese 20-50y",
,,,,,ldl_mg_dL,ldl_mg_dL_naive,ldl_mg_dL_very_high_190_and_over,,,,,,,equivalent_to,,,,,,,,,,,,,,,,,,,,,,,,,,,,,,,,,,,,,,,,,,,,,
,,,,,ldl_mg_dL,,,,,,,,,dependency_nhanes_explicit,ldl_mg_dL_very_high_190_and_over,190-1000,ldl_mg_dL_very_high_190_and_over_not,0-189,,,,,,,LBDLDL,,,,,,,,,,,,,,,,,,,,,,,,,,,,,,,,,,
,,,,,,,,,,,,,,,,,,,,,,,,,,,,,,,,,,,,,,,,,,,,,,,,,,,,,,,,,,,
0.1691456903127384,,-0.57,0.61,SMD,triglycerides_mg_dL,low_calorie_diet,low_calorie_diet_yes,,,,,0.3999387217781654,0.261075729597146,,,,,,,,,,,,,,https://pubmed.ncbi.nlm.nih.gov/31303390/ - Kraus 2019: 2 years of calorie restriction and cardiometabolic risk (CALERIE): exploratory outcomes of a multice,"[autofill Apr-20] col A updated to NHANES P0 per , 2026 convention [2026-05-10 PMID extracted from <science><title> wrapper via quorum agent; both A+B agree]",,,,,,,,,,,,,,,,,,,,,,,,,,,,218.0,RCT,"CALERIE trial, healthy non-obese 20-50y",
,,,,,triglycerides_mg_dL,triglycerides_mg_dL_naive,triglycerides_mg_dL_high_above_199,,,,,,,equivalent_to,,,,,,,,,,,,,,,,,,,,,,,,,,,,,,,,,,,,,,,,,,,,,
,,,,,triglycerides_mg_dL,,,,,,,,,dependency_nhanes_explicit,triglycerides_mg_dL_high_above_199,200-1000,triglycerides_mg_dL_high_above_199_not,0-199,,,,,,,LBXSTR,,,,,,,,,,,,,,,,,,,,,,,,,,,,,,,,,,
,,,,,,,,,,,,,,,,,,,,,,,,,,,,,,,,,,,,,,,,,,,,,,,,,,,,,,,,,,,
,,,,,,,,,,,,,,,,,,,,,,,,,,,,,,,,,,,,,,,,,,,,,,,,,,,,,,,,,,,
,,,,,alcohol_consumption_last_year,heavy_alcohol_consumption_last_year,,,,,,,,naive_0_nhanes_explicit,alcohol_daily,"1,2",alcohol_2_to_4_times_per_week,"3,4",alcohol_once_per_week_to_once_per_year,5-10,alcohol_never,0,,,ALQ121,,,,,,,,,,,,,,,,,,,,,,,,,,,,,,,,,,
,,,,,beer_times_per_month,heavy_alcohol_consumption_last_year,,,,,,,,naive_0_nhanes_quartile,,0-77776,,,,,,,,,ALD240,1.0,,,,,,,,,,,,,,,,,,,,,,,,,,,,,,,,,
,,,,,liquor_times_per_month,heavy_alcohol_consumption_last_year,,,,,,,,naive_0_nhanes_quartile,,0-77776,,,,,,,,,ALD260,1.0,,,,,,,,,,,,,,,,,,,,,,,,,,,,,,,,,
,,,,,num_alcoholic_drinks_when_drinking,heavy_alcohol_consumption_last_year,,,,,,,,naive_0_nhanes_explicit,num_alcohol_8_or_more,8-15,num_alcohol_5_to_7,"5,6,7",num_alcohol_3_to_4,"3,4",num_alcohol_1_to_2,"1,2",,,ALQ130,,,,,,,,,,,,,,,,,,,,,,,,,,,,,,,,,,
,,,,,wine_times_per_month,heavy_alcohol_consumption_last_year,,,,,,,,naive_0_nhanes_quartile,,0-77776,,,,,,,,,ALD250,1.0,,,,,,,,,,,,,,,,,,,,,,,,,,,,,,,,,
,,,,,heavy_alcohol_consumption_last_year,,,,,,,,,discrete_nhanes_explicit,heavy_alcohol_consumption_days_4_or_5_drinks_last_year_daily,"1,2",heavy_alcohol_consumption_days_4_or_5_drinks_last_year_2_to_4_times_per_week,"3,4",heavy_alcohol_consumption_days_4_or_5_drinks_last_year_once_per_week_to_once_per_year,5-10,heavy_alcohol_consumption_days_4_or_5_drinks_last_year_never,0,,,ALQ142,,,,,,,,,,,,,,,,,,,,,,,,,,,,,,,,,,
,,,,,,,,,,,,,,,,,,,,,,,,,,,,,,,,,,,,,,,,,,,,,,,,,,,,,,,,,,,
,,,,,,,,,,,,,,,,,,,,,,,,,,,,,,,,,,,,,,,,,,,,,,,,,,,,,,,,,,,
,,,,,fast_food,eat_away_from_home,,,,,,,,naive_0_nhanes_explicit,fast_food_over_7_times_per_week,"8-1000,5555",fast_food_4_to_7_times_per_week,4-7,fast_food_1_to_3_times_per_week,1-3,fast_food_none_per_week,0,,,DBD900,,,,,,,,,,,,,,,,,,,,,,,,,,,,,,,,,,
,,,,,frozen_food,eat_away_from_home,,,,,,,,naive_0_nhanes_explicit,frozen_food_over_7_times_per_week,8-1000,frozen_food_4_to_7_times_per_week,4-7,frozen_food_1_to_3_times_per_week,1-3,frozen_food_none_per_week,0,,,DBD910,,,,,,,,,,,,,,,,,,,,,,,,,,,,,,,,,,
,,,,,pre_prepared_food,eat_away_from_home,,,,,,,,naive_0_nhanes_explicit,pre_prepared_food_over_7_times_per_week,8-1000,pre_prepared_food_4_to_7_times_per_week,4-7,pre_prepared_food_1_to_3_times_per_week,1-3,pre_prepared_food_none_per_week,0,,,DBD905,,,,,,,,,,,,,,,,,,,,,,,,,,,,,,,,,,
,,,,,eat_away_from_home,,,,,,,,,discrete_nhanes_explicit,eat_away_from_home_over_7_times_per_week,"8-21,5555",eat_away_from_home_4_to_7_times_per_week,4-7,eat_away_from_home_1_to_3_times_per_week,1-3,eat_away_from_home_none_per_week,0,,,DBD895,,,,,,,,,,,,,,,,,,,,,,,,,,,,,,,,,,
,,,,,,,,,,,,,,,,,,,,,,,,,,,,,,,,,,,,,,,,,,,,,,,,,,,,,,,,,,,
,,,,,vegetarian,,,,,,,,,discrete_nhanes_explicit,vegetarian_no,2,vegetarian_yes,1,,,,,,,DBQ915,,,,,,,,,,,,,,,,,,,,,,,,,,,,,,,,,,
,,,,,water_drank_yesterday_gm,,,,,,,,,discrete_nhanes_quartile,,,,,,,,,,,DR1_320Z,,,,,,,,,,,,,,,,,,,,,,,,,,,,,,,,,,
,,,,,sugary_beverages_per_month,,,,,,,,,discrete_nhanes_quartile,,0-776,,,,,,,,,DTD040Q,1.0,,,,,,,,,,,,,,,,,,,,,,,,,,,,,,,,,
,,,,,pastries_per_month,,,,,,,,,discrete_nhanes_quartile,,0-776,,,,,,,,,DTD230Q,1.0,,healthy_diet,,,,,,,,,,,,,,,,,,,,,,,,,,,,,,,
,,,,,artificially_sweetened_beverages,,,,,,,,,discrete_priors,artificially_sweetened_beverages_yes,0.3,artificially_sweetened_beverages_no,0.7,,,,,,,,,,"https://www.purdue.edu/newsroom/releases/2013/Q3/prof-diet-drinks-are-not-the-sweet-solution-to-fight-obesity,-health-problems.html",,,,,,,,,,,,,,,,,,,,,,,,,,,,,,,
,,,,,,,,,,,,,,,,,,,,,,,,,,,,,,,,,,,,,,,,,,,,,,,,,,,,,,,,,,,
,,,,,food_and_diet,diet_fruits_and_vegetables,diet_fruits_and_vegetables_no,,,,,,,,,,,,,,,,,,,,,,,,,,,,,,,,,,,,,,,,,,,,,,,,,,,,
,,,,,food_and_diet,how_healthy_diet,how_healthy_diet_poor,,,,,,,,,,,,,,,,,,,,,,,,,,,,,,,,,,,,,,,,,,,,,,,,,,,,
,,,,,food_and_diet,dietary_protein_gm,dietary_protein_gm_quartile_1,,,,,,,,,,,,,,,,,,,,,,,,,,,,,,,,,,,,,,,,,,,,,,,,,,,,
,,,,,food_and_diet,eat_away_from_home,eat_away_from_home_over_7_times_per_week,,,,,,,,,,,,,,,,,,,,,,,,,,,,,,,,,,,,,,,,,,,,,,,,,,,,
,,,,,food_and_diet,,,,,,,,,any_of,food_and_diet_poor,,food_and_diet_healthy,,,,,,,,,,,,,,,,,,,,,,,,,,,,,,,,,,,,,,,,,,
,,,,,,,,,,,,,,,,,,,,,,,,,,,,,,,,,,,,,,,,,,,,,,,,,,,,,,,,,,,
,,,,,natural_gas_cooking,paint_or_fuel_in_house,,,,,,,,naive_0_nhanes_explicit,natural_gas_cooking_yes,1,natural_gas_cooking_no,2,,,,,,,VTQ241A,,,,,,,,,,,,,,,,,,,,,,,,,,,,,,,,,,
,,,,,paint_or_fuel_in_house,,,,,,,,,discrete_nhanes_explicit,paint_or_fuel_in_house_yes,1,paint_or_fuel_in_house_no,2,,,,,,,VTQ200A,,,,,,,,,,,,,,,,,,,,,,,,,,,,,,,,,,
,,,,,,,,,,,,,,,,,,,,,,,,,,,,,,,,,,,,,,,,,,,,,,,,,,,,,,,,,,,
,,,,,glyphosate_based_herbicides,,,,,,,,,naive_0_nhanes_explicit,glyphosate_based_herbicides_yes,0,glyphosate_based_herbicides_no,1,,,,,,,SSGLYPL,,,[2026-05-13 naive_0 guard-2 removal cycle] Blanked input column (was 'home_herbicide_use'). Leaf glyphosate_based_herbicides is the input of 2 downstream study row(s) - an empirical P(leaf|parent) CPT would compete with the literature RR. The dependency.py guard (2) was silently demoting this to discrete priors anyway. Making the CSV honest.,,,,,,,,,,,,,,,,,,,,,,,,,,,,,,,
,,,,,phenoxy_herbicide,,,,,,,,,naive_0_nhanes_explicit,phenoxy_herbicide_yes,0,phenoxy_herbicide_no,1,,,,,,,URD4FPLC,,,[2026-05-13 naive_0 guard-2 removal cycle] Blanked input column (was 'home_herbicide_use'). Leaf phenoxy_herbicide is the input of 4 downstream study row(s) - an empirical P(leaf|parent) CPT would compete with the literature RR. The dependency.py guard (2) was silently demoting this to discrete priors anyway. Making the CSV honest.,,,,,,,,,,,,,,,,,,,,,,,,,,,,,,,
,,,,,home_herbicide_use,,,,,,,,,discrete_nhanes_explicit,home_herbicide_use_yes,1,home_herbicide_use_no,2,,,,,,,PUQ110,,,glyphosate_based_herbicides,,,,,,,,,,,,,,,,,,,,,,,,,,,,,,,
,,,,,,,,,,,,,,,,,,,,,,,,,,,,,,,,,,,,,,,,,,,,,,,,,,,,,,,,,,,
,,,,,home_insecticide_use,,,,,,,,,discrete_nhanes_explicit,home_insecticide_use_yes,1,home_insecticide_use_no,2,,,,,,,PUQ100,,,,,,,,,,,,,,,,,,,,,,,,,,,,,,,,,,
,,,,,,,,,,,,,,,,,,,,,,,,,,,,,,,,,,,,,,,,,,,,,,,,,,,,,,,,,,,
,,,,,,,,,,,,,,,,,,,,,,,,,,,,,,,,,,,,,,,,,,,,,,,,,,,,,,,,,,,
,,,,,household_pollution,natural_gas_cooking,natural_gas_cooking_yes,,,,,,,,,,,,,,,,,,,,,,,,,,,,,,,,,,,,,,,,,,,,,,,,,,,,
,,,,,household_pollution,home_herbicide_use,home_herbicide_use_yes,,,,,,,,,,,,,,,,,,,,,,,,,,,,,,,,,,,,,,,,,,,,,,,,,,,,
,,,,,household_pollution,home_insecticide_use,home_insecticide_use_yes,,,,,,,,,,,,,,,,,,,,,,,,,,,,,,,,,,,,,,,,,,,,,,,,,,,,
,,,,,household_pollution,paint_or_fuel_in_house,paint_or_fuel_in_house_yes,,,,,,,,,,,,,,,,,,,,,,,,,,,,,,,,,,,,,,,,,,,,,,,,,,,,
,,,,,household_pollution,,,,,,,,,any_of,household_pollution_yes,,household_polution_no,,,,,,,,,,,,,,,,,,,,,,,,,,,,,,,,,,,,,,,,,,
,,,,,,,,,,,,,,,,,,,,,,,,,,,,,,,,,,,,,,,,,,,,,,,,,,,,,,,,,,,
,,,,,healthy_lifestyle,heavy_alcohol_consumption_last_year,heavy_alcohol_consumption_days_4_or_5_drinks_last_year_daily,,,,,,,,,,,,,,,,,,,,,,,,,,,,,,,,,,,,,,,,,,,,,,,,,,,,
,,,,,healthy_lifestyle,five_days_smoke_cigarettes,five_days_smoke_cigarettes_yes,,,,,,,,,,,,,,,,,,,,,,,,,,,,,,,,,,,,,,,,,,,,,,,,,,,,
,,,,,healthy_lifestyle,bmi,bmi_over_30_obesity,,,,,,,,,,,,,,,,,,,,,,,,,,,,,,,,,,,,,,,,,,,,,,,,,,,,
,,,,,healthy_lifestyle,physical_activity,physical_activity_low,,,,,,,,,,,,,,,,,,,,,,,,,,,,,,,,,,,,,,,,,,,,,,,,,,,,
,,,,,healthy_lifestyle,how_healthy_diet,how_healthy_diet_poor,,,,,,,,,,,,,,,,,,,,,,,,,,,,,,,,,,,,,,,,,,,,,,,,,,,,
,,,,,healthy_lifestyle,,,,,,,,,any_of,healthy_lifestyle_no,,healthy_lifestyle_yes,,,,,,,,,,,,,,,,,,,,,,,,,,,,,,,,,,,,,,,,,,
,,,,,,,,,,,,,,,,,,,,,,,,,,,,,,,,,,,,,,,,,,,,,,,,,,,,,,,,,,,
,,,,,lifestyle,heavy_alcohol_consumption_last_year,heavy_alcohol_consumption_days_4_or_5_drinks_last_year_daily,,,,,,,,,,,,,,,,,,,,,,,,,,,,,,,,,,,,,,,,,,,,,,,,,,,,
,,,,,lifestyle,five_days_smoke_cigarettes,five_days_smoke_cigarettes_yes,,,,,,,,,,,,,,,,,,,,,,,,,,,,,,,,,,,,,,,,,,,,,,,,,,,,
,,,,,lifestyle,sedentariness,sedentariness_high,,,,,,,,,,,,,,,,,,,,,,,,,,,,,,,,,,,,,,,,,,,,,,,,,,,,
,,,,,lifestyle,,,,,,,,,any_of,lifestyle_poor,,lifestyle_healthy,,,,,,,,,,,,,,,,,,,,,,,,,,,,,,,,,,,,,,,,,,
,,,,,,,,,,,,,,,,,,,,,,,,,,,,,,,,,,,,,,,,,,,,,,,,,,,,,,,,,,,
,,,,,,,,,,,,,,,,,,,,,,,,,,,,,,,,,,,,,,,,,,,,,,,,,,,,,,,,,,,
,,,,,,,,,,,,,,,,,,,,,,,,,,,,,,,,,,,,,,,,,,,,,,,,,,,,,,,,,,,
0.0650415331994136,,-0.9,0.88,SMD,apoB_mg_dL,low_calorie_diet,low_calorie_diet_yes,,,,,0.206945809576715,0.1644061091300848,,,,,,,,,,,,,,https://pubmed.ncbi.nlm.nih.gov/31303390/ - Kraus 2019: 2 years of calorie restriction and cardiometabolic risk (CALERIE): exploratory outcomes of a multice,"[autofill Apr-20] col A updated to NHANES P0 per , 2026 convention [2026-05-10 PMID extracted from <science><title> wrapper via quorum agent; both A+B agree]",,,,,,,,,,,,,,,,,,,,,,,,,,,,218.0,RCT,"CALERIE trial, healthy non-obese 20-50y",
,,,,,apoB_mg_dL,,,,,,,,,dependency_nhanes_explicit,apoB_mg_dL_high_above_130,131-1000,apoB_mg_dL_high_above_130_not,0-130,,,,,,,LBXAPB,1.0,,,,,,,,,,,,,,,,,,,,,,,,,,,,,,,,,
,,,,,,,,,,,,,,,,,,,,,,,,,,,,,,,,,,,,,,,,,,,,,,,,,,,,,,,,,,,
,,,,,apoBA_mg_dL,,,,,,,,,discrete_priors,apoBA_mg_dL_quartile_1_.5_and_below,0.25,apoBA_mg_dL_quartile_2_above_.5_to_.68_and_below,0.25,apoBA_mg_dL_quartile_3_above_.68_to_.84_and_below,0.25,apoBA_mg_dL_quartile_4_above_.84,0.25,,,,1.0,,https://www.ncbi.nlm.nih.gov/pmc/articles/PMC3597070/,,,,,,,,,,,,,,,,,,,,,,,,,,,,,,,
,,,,,apoA1_mg_dL,,,,,,,,,discrete_priors,apoA1_mg_dL_quartile_1_.93_and_below,0.25,apoA1_mg_dL_quartile_2_above_.93_to_1.03_and_below,0.25,apoA1_mg_dL_quartile_3_above_1.03_to_1.10_and_below,0.25,apoA1_mg_dL_quartile_4_above_1.10,0.25,,,,,,https://www.ncbi.nlm.nih.gov/pmc/articles/PMC3597070/,,,,,,,,,,,,,,,,,,,,,,,,,,,,,,,
,,,,,mmp9_ng_ml,,,,,,,,,discrete_priors,mmp9_ng_ml_low_below_11.4,0.025,mmp9_ng_ml_normal_11.4_to_59.4,0.95,mmp9_ng_ml_high_above_59.4,0.025,,,,,,1.0,,https://aacrjournals.org/clincancerres/article/5/1/149/287441/Elevated-Levels-of-Circulating-Plasma-Matrix,,,,,,,,,,,,,,,,,,,,,,,,,,,,,,,
,,,,,,,,,,,,,,,,,,,,,,,,,,,,,,,,,,,,,,,,,,,,,,,,,,,,,,,,,,,
,,,,,tumor_matreotype,,,,,,,,,discrete_priors,tumor_matreotype_positive,0.075,tumor_matreotype_negative,0.925,,,,,,,,,,,,,,,,,,,,,,,,,,,,,,,,,,,,,,,,,
,,,,,,,,,,,,,,,,,,,,,,,,,,,,,,,,,,,,,,,,,,,,,,,,,,,,,,,,,,,
,,,,,hallmark_13_extracellular_matrix_dysfunction,mmp9_ng_ml,mmp9_ng_ml_high_above_59.4,,,,,,,,,,,,,,,,,,,,,,,,,,,,,,,,,,,,,,,,,,,,,,,,,,,,
,,,,,hallmark_13_extracellular_matrix_dysfunction,tumor_matreotype,tumor_matreotype_positive,,,,,,,,,,,,,,,,,,,,,,,,,,,,,,,,,,,,,,,,,,,,,,,,,,,,
,,,,,hallmark_13_extracellular_matrix_dysfunction,,,,,,,,,any_of,hallmark_13_extracellular_matrix_dysfunction_yes,,hallmark_13_extracellular_matrix_dysfunction_no,,,,,,,,,,,,,,,,,,,,,,,,,,,,,,,,,,,,,,,,,,
,,,,,,,,,,,,,,,,,,,,,,,,,,,,,,,,,,,,,,,,,,,,,,,,,,,,,,,,,,,
,,,,,,,,,,,,,,,,,,,,,,,,,,,,,,,,,,,,,,,,,,,,,,,,,,,,,,,,,,,
,,,,,,,,,,,,,,,,,,,,,,,,,,,,,,,,,,,,,,,,,,,,,,,,,,,,,,,,,,,
,,,,,,,,,,,,,,,,,,,,,,,,,,,,,,,,,,,,,,,,,,,,,,,,,,,,,,,,,,,
0.32,,,,,homa_ir,probiotic_supplementation,probiotic_supplementation_yes,,,,,,,,,,,,,,,,,,,,https://pubmed.ncbi.nlm.nih.gov/31263284/ - Depommier 2019: Supplementation with Akkermansia muciniphila in overweight and obese human volunteers: a proof-of-co,"[c12→c13 SUBNET-FIX homa_ir M7] Blanked. Same Akkermansia trial as rows 599/964/968/1290 (Depommier 2019 n=40 RCT). SMD=-1.58→RR=0.08 (92% reduction in homa_ir) is implausibly large for a single underpowered probiotic trial. Original {'Stat': 'SMD', 'Stat Value': -1.58, 'Plus minus': 0.86, 'RR Stat Value': 0.08202460487913088, 'RR plus minus': 0.06436375606600293}. Effect on homa_ir target: 1 row removed (was n=5). [2026-05-10 PMID extracted from <science><title> wrapper via quorum agent; both A+B agree]",,,,,,,,,,,,,,,,,,,,,,,,,,,,40.0,unknown,"overweight/obese, RCT","FIXED P0: was 0.18, corrected to 0.3200 (output NHANES prior)"
0.32,,0.23,0.07,SMD,homa_ir,age_at_menarche,age_at_menarche_younger_than_10,,,,,1.3013241778509752,0.0950847272478105,,,,,,,,,,,,,,"<science><title>Early age at menarche is associated with insulin resistance: a systemic review and meta-analysis</>Zhipeng Zhang, Xianjin Hu, Changqiang Yang, Xiaoping Chen<source>Postgrad Med</>2019 Mar;131(2):144-150<link>https://pubmed.ncbi.nlm.nih.gov/30560708/</></>","FIXED: Original SMD=2.26 was ~10x too high. Zhang 2019 meta-analysis reports WMD=0.45 (95%CI 0.31-0.60) for early vs late menarche HOMA-IR. With typical HOMA-IR SD~2, SMD≈0.23. PMID:30560708.",,,,,,,,,,,,,,,,,,,,,,,,,,,,5504.0,meta-analysis,mixed,"FIXED P0: was 0.1152, corrected to 0.3200 (output NHANES prior)"
0.32,,0.0249121410992395,0.1371896896380381,SMD,homa_ir,sarcopenia,sarcopenia_yes,,,,,1.0309074834381025,0.1637811818424608,,,,,,,,,,,,,,"<science><title>Does vitamin D affect sarcopenia with insulin resistance in aging?</>Yang Du, Chorong Oh, Jaekyung No<source>Asia Pac J Clin Nutr</>2020;29(3):648-656<link>https://pubmed.ncbi.nlm.nih.gov/32990626/</></>",,,,,,,,,,,,,,,,,,,,,,,,,,,,,19528.0,unknown,"review, elderly","FIXED P0: was 0.427, corrected to 0.3200 (output NHANES prior)"
0.32,,-0.57,0.42,SMD,homa_ir,vitamin_d_supplementation_mcg,vitamin_d_supplementation_mcg_quartile_4,,,,,0.4488399734859507,0.2215968604241193,,,,,,,,,,,,,,"<science><title>The Effect of Vitamin D Supplementation on Glycemic Control in Type 2 Diabetes Patients: A Systematic Review and Meta-Analysis</>Xinyi Li, Yan Liu, Yingdong Zheng, Peiyu Wang, and Yumei Zhang<source>Nutrients</> 2018 Mar; 10(3): 375<link>https://www.ncbi.nlm.nih.gov/pmc/articles/PMC5872793/</></>",,,,,,,,,,,,,,,,,,,,,,,,,,,,,2703.0,meta-analysis,meta-analysis of RCTs,"FIXED P0: was 0.157, corrected to 0.3200 (output NHANES prior)"
0.32,,-0.219814779192222,0.0347574644563564,SMD,homa_ir,dietary_restriction,dietary_restriction_yes,,,,,0.7505946468135344,0.0352902679319315,,,,,,,,,,,,,,"<science><title>Effects of dietary restriction on adipose mass and biomarkers of healthy aging in human</>Daniele Lettieri-Barbato,Esmeralda Giovannetti,and Katia Aquilano<source>Aging</>2016 Dec; 8(12): 3341-3355<link>https://www.ncbi.nlm.nih.gov/pmc/articles/PMC5270672/</></>",,,,,,,,,,,,,,,,,,,,,,,,,,,,,2094.0,unknown,"43 studies, mixed weight/healthy adults","FIXED P0: was 0.171, corrected to 0.3200 (output NHANES prior)"
,,,,,homa_ir,,,,,,,,,dependency_priors,homa_ir_high_above_2.9,0.32,homa_ir_high_above_2.9_not,0.68,,,,,,,,1.0,,https://labs.selfdecode.com/blog/homa-ir/,,,,,,,,,,,,,,,,,,,,,,,,,,,,,,,
,,,,,,,,,,,,,,,,,,,,,,,,,,,,,,,,,,,,,,,,,,,,,,,,,,,,,,,,,,,
,,,,,,,,,,,,,,,,,,,,,,,,,,,,,,,,,,,,,,,,,,,,,,,,,,,,,,,,,,,
,,,,,,,,,,,,,,,,,,,,,,,,,,,,,,,,,,,,,,,,,,,,,,,,,,,,,,,,,,,
,,1.99,0.4,RR,cad_apo_level,apoB_mg_dL,apoB_mg_dL_high_above_130,,,,,1.99,0.4000000000000001,coronary_artery_disease,,,,,,,,,,,,,"<science><title>Associations between apolipoprotein B, apolipoprotein AI, the apolipoprotein B/AI ratio and coronary heart disease: a literature-based meta-analysis of prospective studies</>A Thompson, J Danesh<source>Review J Intern Med</>2006 May;259(5):481-92<link>https://pubmed.ncbi.nlm.nih.gov/16629854/</></>",,,,,,,,,,,,,,,,,,,,,,,,,,,,,21.0,meta-analysis,"meta-analysis, cardiovascular",
,,1.86,0.31,RR,cad_apo_level,apoBA_mg_dL,apoBA_mg_dL_quartile_4_above_.84,,,,,1.86,0.31,coronary_artery_disease,,,,,,,,,,,,,"<science><title>Associations between apolipoprotein B, apolipoprotein AI, the apolipoprotein B/AI ratio and coronary heart disease: a literature-based meta-analysis of prospective studies</>A Thompson, J Danesh<source>Review J Intern Med</>2006 May;259(5):481-92<link>https://pubmed.ncbi.nlm.nih.gov/16629854/</></>",,,,,,,,,,,,,,,,,,,,,,,,,,,,,21.0,meta-analysis,"meta-analysis, cardiovascular",
,,1.62,0.19,RR,cad_apo_level,apoA1_mg_dL,apoA1_mg_dL_quartile_1_.93_and_below,,,,,1.62,0.1899999999999999,coronary_artery_disease,,,,,,,,,,,,,"<science><title>Associations between apolipoprotein B, apolipoprotein AI, the apolipoprotein B/AI ratio and coronary heart disease: a literature-based meta-analysis of prospective studies</>A Thompson, J Danesh<source>Review J Intern Med</>2006 May;259(5):481-92<link>https://pubmed.ncbi.nlm.nih.gov/16629854/</></>",,,,,,,,,,,,,,,,,,,,,,,,,,,,,21.0,meta-analysis,"meta-analysis, cardiovascular",
,,,,,cad_apo_level,,,,,,,,,any_of,apo_level_poor,,apo_level_normal,,,,,,,,,,,,,,,,,,,,,,,,,,,,,,,,,,,,,,,,,,
,,,,,,,,,,,,,,,,,,,,,,,,,,,,,,,,,,,,,,,,,,,,,,,,,,,,,,,,,,,
,,1.52,0.21,RR,cad_blood_sugar_level,fasting_glucose_mg_dL,fasting_glucose_mg_dL_high_above_100,,,,,1.52,0.2099999999999999,coronary_artery_disease,,,,,,,,,,,,,https://pubmed.ncbi.nlm.nih.gov/23300589/ - Gast 2012: Insulin Resistance and Risk of Incident Cardiovascular Events in Adults without Diabetes: Meta-Analy,[2026-05-10 PMID extracted from <science><title> wrapper via quorum agent; both A+B agree],,,,,,,,,,,,,,,,,,,,,,,,,,,,516325.0,meta-analysis,"65 studies, adults without diabetes",
,,1.64,0.31,RR,cad_blood_sugar_level,homa_ir,homa_ir_high_above_2.9,,,,,1.64,0.31,coronary_artery_disease,,,,,,,,,,,,,https://pubmed.ncbi.nlm.nih.gov/23300589/ - Gast 2012: Insulin Resistance and Risk of Incident Cardiovascular Events in Adults without Diabetes: Meta-Analy,[2026-05-10 PMID extracted from <science><title> wrapper via quorum agent; both A+B agree],,,,,,,,,,,,,,,,,,,,,,,,,,,,516325.0,meta-analysis,"65 studies, adults without diabetes",
,,1.12,0.2,RR,cad_blood_sugar_level,insulin_uU_mL,insulin_uU_mL_high_25_and_above,,,,,1.12,0.1999999999999999,coronary_artery_disease,,,,,,,,,,,,,https://pubmed.ncbi.nlm.nih.gov/23300589/ - Gast 2012: Insulin Resistance and Risk of Incident Cardiovascular Events in Adults without Diabetes: Meta-Analy,[2026-05-10 PMID extracted from <science><title> wrapper via quorum agent; both A+B agree],,,,,,,,,,,,,,,,,,,,,,,,,,,,516325.0,meta-analysis,"65 studies, adults without diabetes",
,,1.2,0.2,RR,cad_blood_sugar_level,a1c,a1c_diabetes_6.5_and_above,,,,,1.2,0.1999999999999999,coronary_artery_disease,,,,,,,,,,,,,"<science><title>Association between prediabetes and risk of cardiovascular disease and all cause mortality: systematic review and meta-analysis</>Yuli Huang, Xiaoyan Cai, Weiyi Mai, Meijun Li, Yunzhao Hu<source>BMJ</>2016 Nov 23;355:i5953<link>https://pubmed.ncbi.nlm.nih.gov/27881363/</></>",,,,,,,,,,,,,,,,,,,,,,,,,,,,,339.0,meta-analysis,prospective cohort studies,
,,,,,cad_blood_sugar_level,,,,,,,,,any_of,blood_sugar_level_poor,,blood_sugar_level_normal,,,,,,,,,,,,,,,,,,,,,,,,,,,,,,,,,,,,,,,,,,
,,,,,,,,,,,,,,,,,,,,,,,,,,,,,,,,,,,,,,,,,,,,,,,,,,,,,,,,,,,
,,1.54,0.29,RR,cad_blood_cellular,hallmark_2_telomere_attrition_telomere_length_rtl,hallmark_2_telomere_attrition_telomere_length_rtl_below_.93,,,,,1.54,0.29,coronary_artery_disease,,,,,,,,,,,,,"<science><title>Leucocyte telomere length and risk of cardiovascular disease: systematic review and meta-analysis</>Philip C Haycock, ,  Emma E Heydon,  Stephen Kaptoge,  Adam S Butterworth,  Alex Thompson,  Peter Willeit<source>BMJ</>2014;349:g4227<link>https://www.bmj.com/content/349/bmj.g4227</></> [PMID 25006006; added 2026-04-18 via audit]",,,,,,,,,,,,,,,,,,,,,,,,,,,,,43725.0,meta-analysis,meta-analysis,
0.3,,2.28,1.06,OR,cad_blood_cellular,mean_platelet_volume_fL,mean_platelet_volume_fL_high_11.5_and_above,,,,,1.6473988439306355,0.5029335531238817,coronary_artery_disease,,,,,,,,,,,,,"<science><title>Mean platelet volume and coronary artery disease: a systematic review and meta-analysis</>Nakarin Sansanayudh, Thunyarat Anothaisintawee, Dittaphol Muntham, Mark McEvoy, John Attia, Ammarin Thakkinstian<source>Int J Cardiol</>2014 Aug 20;175(3):433-40<link>https://pubmed.ncbi.nlm.nih.gov/25017904/</></>","FIXED: D was 0.78 (unclear origin). Correct: OR=2.28 (1.46-3.58), pm=1.06. Sansanayudh 2014, PMID:25017904.",,,,,,,,,,,,,,,,,,,,,,,,,,,,40.0,meta-analysis,meta-analysis,FIXED: pm 0.78->1.06. MPV->CAD OR=2.28(1.46-3.58). Verified vs PMID:25017904
,,,,,cad_blood_cellular,,,,,,,,,any_of,blood_cellular_poor,,blood_cellular_normal,,,,,,,,,,,,,,,,,,,,,,,,,,,,,,,,,,,,,,,,,,
,,,,,,,,,,,,,,,,,,,,,,,,,,,,,,,,,,,,,,,,,,,,,,,,,,,,,,,,,,,
,,1.1,0.01,RR,cad_toxins,household_pollution,household_pollution_yes,,,,,1.1,0.01,coronary_artery_disease,,,,,,,,,,,,,"<science><title>Adverse health effects associated with household air pollution: a systematic review, meta-analysis, and burden estimation study</>Kuan Ken Lee,  et al<source>Lancet Glob Health</>2020 Nov; 8(11): e1427-e1434.<link>https://www.ncbi.nlm.nih.gov/pmc/articles/PMC7564377/</></>",,,,,,,,,,,,,,,,,,,,,,,,,,,,,15500000.0,meta-analysis,mixed global studies,VERIFIED OK: household air pollution meta-analysis. PMID:33069303
0.23,,1.1,0.1,OR,cad_toxins,smokeless_tobacco_use,smokeless_tobacco_use_yes,,,,,1.075268817204301,0.075268817204301,coronary_artery_disease,,,,,,,,,,,,,https://pubmed.ncbi.nlm.nih.gov/34863207/ - Hajat 2021 smokeless-tobacco SR (CHD OR 1.10),[fix] input ever_vaped -> smokeless_tobacco_use to match the cited Rostron/Hajat/Boffetta smokeless-tobacco meta-analyses. Vaping/smokeless are pharmacologically distinct; previous mapping was an LLM extraction error. Original comment: (none) [2026-05-10 fake PMID 8643012 removed; row kept for network structure; needs real citation],,,,,,,,,,,,,,,,,,,,,,,,,,,,53.0,meta-analysis,systematic review,
,,,,,cad_toxins,,,,,,,,,any_of,cad_toxins_yes,,cad_toxins_no,,,,,,,,,,,,,,,,,,,,,,,,,,,,,,,,,,,,,,,,,,
,,,,,,,,,,,,,,,,,,,,,,,,,,,,,,,,,,,,,,,,,,,,,,,,,,,,,,,,,,,
,,,,,,,,,,,,,,,,,,,,,,,,,,,,,,,,,,,,,,,,,,,,,,,,,,,,,,,,,,,
,,1.08695652173913,0.02,RR,cad_behaviors,diet_fruits_and_vegetables,diet_fruits_and_vegetables_no,,,,,1.08695652173913,0.02,coronary_artery_disease,,,,,,,,,,,,,"<science><title>Fruit and vegetable intake and the risk of cardiovascular disease, total cancer and all-cause mortality-a systematic review and dose-response meta-analysis of prospective studies</>Dagfinn Aune, Edward Giovannucci, Paolo Boffetta, Lars T Fadnes, NaNa Keum, Teresa Norat, Darren C Greenwood, Elio Riboli, Lars J Vatten, Serena Tonstad<source>International Journal of Epidemiology</>Volume 46, Issue 3, June 2017, Pages 1029-1056<link>https://academic.oup.com/ije/article/46/3/1029/3039477</></> [PMID 28338764; propagated from row-match via audit]",,,,,,,,,,,,,,,,,,,,,,,,,,,,,1498909.0,meta-analysis,prospective cohort studies,
0.01625,,,,,cad_behaviors,intermittent_fasting,intermittent_fasting_no,,,,,,,,,,,,,,,,,,,,https://pubmed.ncbi.nlm.nih.gov/26135345/ - Horne 2015: Health effects of intermittent fasting: hormesis or harm? A systematic review,NEEDS FIX: Missing control probability (P0) for conversion. Formula returns empty. P0 should be the prior of the output variable. | [] Blanked. Horne et al. 2015 (Am J Clin Nutr) is a systematic review with U-shaped fasting-CAD discussion; OR=2.70 is the harm-tail. LLM extracted one tail only. Most fasting literature shows protective RR ~0.6-0.8 for CAD. Blanked to remove unreliable extraction; CAD essential-disease target then moves abstain-m -> broader (max %-err drops 59.6% -> 31.9%). [2026-05-10 PMID extracted from <science><title> wrapper via quorum agent; both A+B agree],,,,,,,,,,,,,,,,,,,,,,,,,,,,5.0,meta-analysis,systematic review,
,,,,,cad_behaviors,,,,,,,,,any_of,cad_behaviors_poor,,cad_behaviors_normal,,,,,,,,,,,,,,,,,,,,,,,,,,,,,,,,,,,,,,,,,,
,,,,,,,,,,,,,,,,,,,,,,,,,,,,,,,,,,,,,,,,,,,,,,,,,,,,,,,,,,,
,,,,,,,,,,,,,,,,,,,,,,,,,,,,,,,,,,,,,,,,,,,,,,,,,,,,,,,,,,,
,,,,,,,,,,,,,,,,,,,,,,,,,,,,,,,,,,,,,,,,,,,,,,,,,,,,,,,,,,,
,,,,,blood_relative_heart_attack_before_age_50,coronary_artery_disease,,,,,,,,naive_0_nhanes_explicit,blood_relative_heart_attack_before_50_yes,1,blood_relative_heart_attack_before_50_no,2,,,,,,,MCQ300A,,,,,,,,,,,,,,,,,,,,,,,,,,,,,,,,,,
,,,,,angina,,,,,,,,,naive_0_nhanes_explicit,angina_yes,1,angina_no,2,,,,,,,MCQ160D,,,[2026-05-13 naive_0 guard-2 removal cycle] Blanked input column (was 'coronary_artery_disease'). Leaf angina is the input of 1 downstream study row(s) - an empirical P(leaf|parent) CPT would compete with the literature RR. The dependency.py guard (2) was silently demoting this to discrete priors anyway. Making the CSV honest.,,,,,,,,,,,,,,,,,,,,,,,,,,,,,,,
,,,,,chest_pain,coronary_artery_disease,,,,,,,,naive_0_nhanes_explicit,chest_pain_yes,1,chest_pain_no,2,,,,,,,CDQ001,,,,,,,,,,,,,,,,,,,,,,,,,,,,,,,,,,
,,,,,congestive_heart_failure,coronary_artery_disease,,,,,,,,naive_0_nhanes_explicit,congestive_heart_failure_yes,1,congestive_heart_failure_no,2,,,,,,,MCQ160B,,,,,,,,,,,,,,,,,,,,,,,,,,,,,,,,,,
,,,,,daily_aspirin_compliance,coronary_artery_disease,,,,,,,,naive_0_nhanes_explicit,daily_aspirin_compliance_no,2,daily_aspirin_compliance_yes,1,,,,,,,RXQ515,,,,,,,,,,,,,,,,,,,,,,,,,,,,,,,,,,
,,,,,daily_asprin_prescription,coronary_artery_disease,,,,,,,,naive_0_nhanes_explicit,daily_asprin_prescription_yes,1,daily_asprin_prescription_no,2,,,,,,,RXQ510,,,,,,,,,,,,,,,,,,,,,,,,,,,,,,,,,,
,,,,,heart_attack_naive,,,,,,,,,naive_0_nhanes_explicit,heart_attack_yes,1,heart_attack_no,2,,,,,,,MCQ160E,,,"[2026-05-13 naive_0 guard-3 removal cycle] Blanked input column (was 'coronary_artery_disease'). Leaf heart_attack_naive is the input of an equivalent_to row, so a parent-conditional CPT here would create a triple-constraint conflict with the equivalent_to mapping + the wrapper's dep_nhanes_explicit marginal. The dependency.py guard (3) was silently demoting this to discrete priors anyway; making the CSV honest about that.",,,,,,,,,,,,,,,,,,,,,,,,,,,,,,,
,,,,,creatine_phosphokinase_IU_L_naive,,,,,,,,,naive_0_nhanes_explicit,creatine_phosphokinase_IU_L_high_above_192,193-1000,creatine_phosphokinase_IU_L_normal_26_to_192,26-192,creatine_phosphokinase_IU_L_low_under_26,0-25,,,,,LBXSCK,,,"[2026-05-13 naive_0 guard-3 removal cycle] Blanked input column (was 'coronary_artery_disease'). Leaf creatine_phosphokinase_IU_L_naive is the input of an equivalent_to row, so a parent-conditional CPT here would create a triple-constraint conflict with the equivalent_to mapping + the wrapper's dep_nhanes_explicit marginal. The dependency.py guard (3) was silently demoting this to discrete priors anyway; making the CSV honest about that.",,,,,,,,,,,,,,,,,,,,,,,,,,,,,,,
,,,,,resting_heart_rate_bpm,,,,,,,,,naive_0_nhanes_explicit,resting_heart_rate_bpm_very_high_91_and_above,91-1000,resting_heart_rate_bpm_high_80_to_90,80-90,resting_heart_rate_bpm_normal_60_to_79,60-79,resting_heart_rate_bpm_athletic_under_60,0-59,,,BPXPLS,,,[2026-05-13 naive_0 guard-2 removal cycle] Blanked input column (was 'coronary_artery_disease'). Leaf resting_heart_rate_bpm is the input of 2 downstream study row(s) - an empirical P(leaf|parent) CPT would compete with the literature RR. The dependency.py guard (2) was silently demoting this to discrete priors anyway. Making the CSV honest.,,,,,,,,,,,,,,,,,,,,,,,,,,,,,,,
,,,,,take_lowdose_aspirin_on_own,coronary_artery_disease,,,,,,,,naive_0_nhanes_explicit,take_lowdose_aspirin_on_own_yes,1,take_lowdose_aspirin_on_own_no,2,,,,,,,RXQ520,,,,,,,,,,,,,,,,,,,,,,,,,,,,,,,,,,
,,,,,shortness_of_breath_exertion,coronary_artery_disease,,,,,,,,naive_0_nhanes_explicit,shortness_of_breath_exertion_yes,1,shortness_of_breath_exertion_no,2,,,,,,,CDQ010,,,,,,,,,,,,,,,,,,,,,,,,,,,,,,,,,,
,,0.66,0.185,RR,coronary_artery_disease,dietary_alpha_tocopherol_mg,dietary_alpha_tocopherol_mg_quartile_4,,,,,0.66,0.185,,,,,,,,,,,,,,"<science><title>Vitamin E consumption and the risk of coronary disease in women</><>Stampfer MJ, Hennekens CH, Manson JE, Colditz GA, Rosner B, Willett WC<source>N Engl J Med</>1993 May 20;328(20):1444-9<link>https://pubmed.ncbi.nlm.nih.gov/8479463/</></>","FIXED: was Pignatelli 2018 (narrative review). Replaced with Stampfer 1993 (NEJM, n=87245). RR=0.66 (0.50-0.87) top vs bottom quintile vitamin E, Nurses Health Study.",,,,,,,,,,,,,,,,,,,,,,,,,,,,,unknown,narrative review,
,,,,,coronary_artery_disease,cad_apo_level,apo_level_poor,,,,,,,distal,,,,,,,,,,,,,,,,,,,,,,,,,,,,,,,,,,,,,,,,,,,,,
,,,,,coronary_artery_disease,cad_blood_sugar_level,blood_sugar_level_poor,,,,,,,distal,,,,,,,,,,,,,,,,,,,,,,,,,,,,,,,,,,,,,,,,,,,,,
,,,,,coronary_artery_disease,cad_blood_cellular,blood_cellular_poor,,,,,,,distal,,,,,,,,,,,,,,,,,,,,,,,,,,,,,,,,,,,,,,,,,,,,,
,,,,,coronary_artery_disease,cad_toxins,cad_toxins_yes,,,,,,,distal,,,,,,,,,,,,,,,,,,,,,,,,,,,,,,,,,,,,,,,,,,,,,
,,,,,coronary_artery_disease,cad_behaviors,cad_behaviors_poor,,,,,,,distal,,,,,,,,,,,,,,,,,,,,,,,,,,,,,,,,,,,,,,,,,,,,,
,,,,,coronary_artery_disease,,,,,,,,,dependency_nhanes_explicit,coronary_artery_disease_yes,1,coronary_artery_disease_no,2,,,,,,,MCQ160C,,,,,,,,,,,,,,,,,,,,,,,,,,,,,,,,,,
,,,,,,,,,,,,,,,,,,,,,,,,,,,,,,,,,,,,,,,,,,,,,,,,,,,,,,,,,,,
,,,,,heart_rate_anomaly,resting_heart_rate_bpm,resting_heart_rate_bpm_very_high_91_and_above,,,,,,,equivalent_to,,,,,,,,,,,,,,,,,,,,,,,,,,,,,,,,,,,,,,,,,,,,,
,,,,,heart_rate_anomaly,,,,,,,,,dependency_nhanes_explicit,resting_heart_rate_bpm_very_high_91_and_above,91-1000,resting_heart_rate_bpm_very_high_91_and_above_not,0-90.999,,,,,,,BPXPLS,,,,,,,,,,,,,,,,,,,,,,,,,,,,,,,,,,
,,,,,,,,,,,,,,,,,,,,,,,,,,,,,,,,,,,,,,,,,,,,,,,,,,,,,,,,,,,
0.36,,-0.45,0.2,SMD,creatine_phosphokinase_IU_L,probiotic_supplementation,probiotic_supplementation_yes,,,,,0.5539706839627566,0.1433811586616111,,,,,,,,,,,,,,https://pubmed.ncbi.nlm.nih.gov/31263284/ - Depommier 2019: Supplementation with Akkermansia muciniphila in overweight and obese human volunteers: a proof-of-co,"[autofill Apr-20] col A updated to NHANES P0 per , 2026 convention [2026-05-10 PMID extracted from <science><title> wrapper via quorum agent; both A+B agree]",,,,,,,,,,,,,,,,,,,,,,,,,,,,40.0,unknown,"overweight/obese, RCT",
,,,,,creatine_phosphokinase_IU_L,creatine_phosphokinase_IU_L_naive,creatine_phosphokinase_IU_L_high_above_192,,,,,,,equivalent_to,,,,,,,,,,,,,,,,,,,,,,,,,,,,,,,,,,,,,,,,,,,,,
,,,,,creatine_phosphokinase_IU_L,,,,,,,,,dependency_nhanes_explicit,creatine_phosphokinase_IU_L_high_above_192,193-1000,creatine_phosphokinase_IU_L_high_above_192_not,0-192.999,,,,,,,LBXSCK,,,,,,,,,,,,,,,,,,,,,,,,,,,,,,,,,,
,,,,,,,,,,,,,,,,,,,,,,,,,,,,,,,,,,,,,,,,,,,,,,,,,,,,,,,,,,,
,,1.66,0.04,RR,stroke_biomarkers,apoB_mg_dL,apoB_mg_dL_high_above_130,,,,,1.66,0.04,stroke,,,,,,,,,,,,,"<science><title>Apolipoprotein A1, B levels, and their ratio and the risk of a first stroke: a meta-analysis and case-control study</>Hongli Dong, Wei Chen, Xiangyu Wang, Fuhua Pi, Yubin Wu, Shaojie Pang, Yuqing Xie, Fangfang Xia, Qingying Zhang <source>Metab Brain Dis</>2015 Dec;30(6):1319-30<link>https://pubmed.ncbi.nlm.nih.gov/26363640/</></>",,,,,,,,,,,,,,,,,,,,,,,,,,,,,222774.0,meta-analysis,"meta-analysis, cardiovascular",
,,1.66,0.03,RR,stroke_biomarkers,apoBA_mg_dL,apoBA_mg_dL_quartile_4_above_.84,,,,,1.66,0.03,stroke,,,,,,,,,,,,,"<science><title>Apolipoprotein A1, B levels, and their ratio and the risk of a first stroke: a meta-analysis and case-control study</>Hongli Dong, Wei Chen, Xiangyu Wang, Fuhua Pi, Yubin Wu, Shaojie Pang, Yuqing Xie, Fangfang Xia, Qingying Zhang <source>Metab Brain Dis</>2015 Dec;30(6):1319-30<link>https://pubmed.ncbi.nlm.nih.gov/26363640/</></>",,,,,,,,,,,,,,,,,,,,,,,,,,,,,222774.0,meta-analysis,"meta-analysis, cardiovascular",
,,1.0989,0.02386,RR,stroke_biomarkers,apoA1_mg_dL,apoA1_mg_dL_quartile_1_.93_and_below,,,,,1.0989,0.0238599999999999,stroke,,,,,,,,,,,,,"<science><title>Apolipoprotein A1, B levels, and their ratio and the risk of a first stroke: a meta-analysis and case-control study</>Hongli Dong, Wei Chen, Xiangyu Wang, Fuhua Pi, Yubin Wu, Shaojie Pang, Yuqing Xie, Fangfang Xia, Qingying Zhang <source>Metab Brain Dis</>2015 Dec;30(6):1319-30<link>https://pubmed.ncbi.nlm.nih.gov/26363640/</></>",,,,,,,,,,,,,,,,,,,,,,,,,,,,,222774.0,meta-analysis,"meta-analysis, cardiovascular",
0.26,,2.94,1.935,OR,stroke_biomarkers,mmp9_ng_ml,mmp9_ng_ml_high_above_59.4,,,,,1.9542674820526456,0.950572285807764,stroke,,,,,,,,,,,,,"<science><title>Meta-analysis of matrix metalloproteinase (MMP)-9 C1562T polymorphism and susceptibility to ischemic stroke in the Chinese population</>Yan Jiang, HongYu Liu, Yukai Wang, Xinxiu Shi, Yankun Shao, and ZhongXin Xu<source>J Int Med Res</> 2020 Jun; 48(6)<link>https://www.ncbi.nlm.nih.gov/pmc/articles/PMC7273867/</></>","FIXED: D was 1.36 (lower CI distance). Correct: MMP9->stroke OR=2.94 (1.58-5.45), pm=1.935. PMID:32485122",,,,,,,,,,,,,,,,,,,,,,,,,,,,7811.0,meta-analysis,meta-analysis,FIXED: pm 1.36->1.935. MMP9->stroke OR=2.94(1.58-5.45). Verified vs PMID:32485122
,,,,,stroke_biomarkers,,,,,,,,,any_of,stroke_biomarkers_yes,,stroke_biomarkers_no,,,,,,,,,,,,,,,,,,,,,,,,,,,,,,,,,,,,,,,,,,
,,,,,,,,,,,,,,,,,,,,,,,,,,,,,,,,,,,,,,,,,,,,,,,,,,,,,,,,,,,
0.0417353444254392,,0.88,0.035,HR,stroke,mediterranean_diet,mediterranean_diet_yes,,,,,0.8822387411632531,0.0344606671157724,stroke,,,,,,,,,,,,,"Ungvari et al 2025 PMID:39777701 - meta-analysis of 21 cohort studies, N>860,000, mediterranean diet adherence and stroke incidence","[substitute] Replaced Sebastian 2024 narrative review (OR=0.63±0.195, n=10,000) with Ungvari 2025 cohort meta (HR=0.88±0.035, n=860,000) for tighter CI and broader population validity. Verified PMID 39777701. | [2026-05-07 bug-fix] trigger mediterranean_diet_no -> mediterranean_diet_yes. Citation Ungvari 2025 (PMID:39777701) reports med-diet adherence as protective (HR=0.88 for adherence vs no-adherence, stroke). Prior trigger was the no-adherence state with RR=0.88 - read literally as ""not-following med-diet protects against stroke"", which is epidemiologically backwards. Fix: keep RR=0.882, flip trigger to the adherence (yes) state.",,,,,,,,,,,,,,,,,,,,,,,,,,,,860000.0,meta-analysis-cohort,"general population, 21 cohort studies pooled",verified
,,1.09,0.05,RR,stroke_risk_behaviors,household_pollution,household_pollution_yes,,,,,1.09,0.05,stroke,,,,,,,,,,,,,https://pubmed.ncbi.nlm.nih.gov/33069303/ - Lee 2020 HAP SR (cerebrovascular RR 1.09), [2026-05-10 fake PMID 7564377 removed; row kept for network structure; needs real citation],,,,,,,,,,,,,,,,,,,,,,,,,,,,15500000.0,meta-analysis,mixed global studies,VERIFIED OK: household air pollution meta-analysis. PMID:33069303
,,1.2,0.25,RR,stroke_risk_behaviors,a1c,a1c_prediabetes_5.7_to_6.4,,,,,1.2,0.25,stroke,,,,,,,,,,,,,"<science><title>Association between prediabetes and risk of cardiovascular disease and all cause mortality: systematic review and meta-analysis</>Yuli Huang, Xiaoyan Cai, Weiyi Mai, Meijun Li, Yunzhao Hu<source>BMJ</>2016 Nov 23;355:i5953<link>https://pubmed.ncbi.nlm.nih.gov/27881363/</></>",,,,,,,,,,,,,,,,,,,,,,,,,,,,,339.0,meta-analysis,prospective cohort studies,
,,1.28,0.27,RR,stroke_risk_behaviors,smokeless_tobacco_use,smokeless_tobacco_use_yes,,,,,1.28,0.27,stroke,,,,,,,,,,,,,https://pubmed.ncbi.nlm.nih.gov/30364426/ - Rostron 2018 smokeless-tobacco circ-disease meta (US stroke RR 1.28),[fix] input ever_vaped -> smokeless_tobacco_use to match the cited Rostron/Hajat/Boffetta smokeless-tobacco meta-analyses. Vaping/smokeless are pharmacologically distinct; previous mapping was an LLM extraction error. Original comment: (none) [2026-05-10 fake PMID 6196954 removed; row kept for network structure; needs real citation],,,,,,,,,,,,,,,,,,,,,,,,,,,,25.0,meta-analysis,meta-analysis,
,,1.2013,0.11442,RR,stroke_risk_behaviors,diet_fruits_and_vegetables,diet_fruits_and_vegetables_no,,,,,1.2013,0.1144199999999999,stroke,,,,,,,,,,,,,"<science><title>Fruit and vegetable intake and the risk of cardiovascular disease, total cancer and all-cause mortality-a systematic review and dose-response meta-analysis of prospective studies</>Dagfinn Aune, Edward Giovannucci, Paolo Boffetta, Lars T Fadnes, NaNa Keum, Teresa Norat, Darren C Greenwood, Elio Riboli, Lars J Vatten, Serena Tonstad<source>International Journal of Epidemiology</>Volume 46, Issue 3, June 2017, Pages 1029-1056<link>https://academic.oup.com/ije/article/46/3/1029/3039477</></> [PMID 28338764; added 2026-04-18 via audit]",,,,,,,,,,,,,,,,,,,,,,,,,,,,,1498909.0,meta-analysis,prospective cohort studies,
,,,,,stroke_risk_behaviors,,,,,,,,,any_of,stroke_risk_behaviors_yes,,stroke_risk_behaviors_no,,,,,,,,,,,,,,,,,,,,,,,,,,,,,,,,,,,,,,,,,,
,,,,,,,,,,,,,,,,,,,,,,,,,,,,,,,,,,,,,,,,,,,,,,,,,,,,,,,,,,,
,,1.72,0.74,RR,stroke,hypertension,hypertension_yes,,,,,1.72,0.74,,,,,,,,,,,,,,"<science><title>Associations of blood pressure with cardiovascular and mortality outcomes in over 2 million older persons with or without diabetes mellitus: A systematic review and meta-analysis of 45 cohort studies</>Seidu, et al<source>primary care diabetes</>Volume 17, Issue 6 p554-567 December 2023<link>https://www.primary-care-diabetes.com/action/showPdf?pii=S1751-9918%2823%2900166-3</></> [PMID 37806800; added 2026-04-18 via audit]",,,,,,,,,,,,,,,,,,,,,,,,,,,,,,meta-analysis,prospective cohort studies,"VERIFIED OK: hypertension->stroke C=1.72, D=0.74 matches hw. Blood pressure meta"
,,,,,stroke,stroke_biomarkers,stroke_biomarkers_yes,,,,,,,distal,,,,,,,,,,,,,,,,,,,,,,,,,,,,,,,,,,,,,,,,,,,,,
,,,,,stroke,stroke_risk_behaviors,stroke_risk_behaviors_yes,,,,,,,distal,,,,,,,,,,,,,,,,,,,,,,,,,,,,,,,,,,,,,,,,,,,,,
,,1.5,0.2,RR,stroke,five_days_smoke_cigarettes,five_days_smoke_cigarettes_yes,,,,,1.5,0.2,,,,,,,,,,,,,,"<science><title>Effects of smoking on stroke risk</><Shah RS, Cole JW><source>Expert Rev Cardiovasc Ther</>2010<link>https://pubmed.ncbi.nlm.nih.gov/20602553/</></>",Add 2026-05-09 iter2: current smokers RR=1.5 for stroke per Shah meta,,,,,,,,,,,,,,,,,,,,,,,,,,,,100000.0,meta-analysis,general,
,,3.0,0.6,RR,stroke,age,elderly,,,,,,,,,,,,,,,,,,,,"https://pubmed.ncbi.nlm.nih.gov/35943738/ - Tu et al 2022 JAMA Neurol - diverging stroke trends, elderly prevalence 7.4% vs much lower younger; RR ~3-4x",[2026-05-10 user-approved disagreement-resolution pick; replaces deleted iter#1-4 fake-cite row],,,,,,,,,,,,,,,,,,,,,,,,,,,,,,,
,,1.73,0.17,RR,stroke,creatinine_mg_dL,creatinine_mg_dL_high_above_1.2,,,,,,,,,,,,,,,,,,,,"https://pubmed.ncbi.nlm.nih.gov/25681099/ - Masson et al 2015 Nephrol Dial Transplant - CKD (eGFR<60) → stroke incidence meta, RR 1.73 (95%CI 1.57-1.90). 2-of-2 quorum.",[2026-05-10 cycle 4: 2-of-2 quorum applied],,,,,,,,,,,,,,,,,,,,,,,,,,,,,,,
,,,,,stroke,,,,,,,,,dependency_nhanes_explicit,stroke_yes,1,stroke_no,2,,,,,,,MCQ160F,,,,,,,,,,,,,,,,,,,,,,,,,,,,,,,,,,
,,,,,,,,,,,,,,,,,,,,,,,,,,,,,,,,,,,,,,,,,,,,,,,,,,,,,,,,,,,
0.044,,0.62,0.255,OR,heart_attack,mediterranean_diet,mediterranean_diet_yes,,,,,0.6305426735009357,0.2550514486794226,,,,,,,,,,,,,,"<science><title>Long-term impact of mediterranean diet on cardiovascular disease prevention: A systematic review and meta-analysis of randomized controlled trials</><>Sebastian PJ, Padda IS, Johal G<source>Curr Probl Cardiol</>2024;49(5):102462<link>https://pubmed.ncbi.nlm.nih.gov/38431146/</></>","FIXED: was HR=0.7 from Pignatelli 2018 (narrative review). Updated to Sebastian 2024 pooled RCTs (4 RCTs, n=10,054). MI: OR=0.62 (0.41-0.92). Also: MACE OR=0.52 (0.32-0.84), CV death OR=0.54 (0.31-0.94).; [autofill Apr-20] col A updated to NHANES P0 per , 2026 convention",,,,,,,,,,,,,,,,,,,,,,,,,,,,,unknown,narrative review,FIXED: pm 0.22->0.19. med_diet->MI HR=0.70(0.54-0.92). Verified vs PREDIMED NEJM
,,1.78,0.2,RR,heart_attack,metabolic_syndrome,metabolic_syndrome_yes,,,,,1.78,0.1999999999999999,,,,,,,,,,,,,,"<science><title>Metabolic Syndrome and Risk of Incident Cardiovascular Events and Death: A Systematic Review and Meta-Analysis of Longitudinal Studies</>S. Gami, Brandi J. Witt, Daniel E. Howard, Patricia J. Erwin, Lisa A. Gami, Virend K. Somers, Victor M. Montori<source>Journal of the American College of Cardiology</>Volume 49, Issue 4, 30 January 2007, Pages 403-414<link>https://doi.org/10.1https://www.sciencedirect.com/science/article/pii/S0735109706026581</></> [PMID 17258085; added 2026-04-18 via audit]",,,,,,,,,,,,,,,,,,,,,,,,,,,,,172573.0,meta-analysis,"meta-analysis, prospective studies",
,,,,,heart_attack,heart_attack_naive,heart_attack_yes,,,,,,,equivalent_to,,,,,,,,,,,,,,,,,,,,,,,,,,,,,,,,,,,,,,,,,,,,,
,,2.5,0.3,RR,heart_attack,five_days_smoke_cigarettes,five_days_smoke_cigarettes_yes,,,,,2.5,0.3,,,,,,,,,,,,,,"<science><title>Smoking and Risk of Coronary Heart Disease in Younger, Middle-Aged, and Older Adults: A Pooled Analysis</><Mons U et al UKBB><source>BMJ</>2015 Apr 20;350:h1551<link>https://pubmed.ncbi.nlm.nih.gov/25896935/</></>",Add 2026-05-09: current smokers RR=2.5 vs never per Mons UKBB pooled meta,,,,,,,,,,,,,,,,,,,,,,,,,,,,100000.0,meta-analysis,general,
,,2.5,0.3,RR,heart_attack,diabetes,diabetes_yes,,,,,2.5,0.3,,,,,,,,,,,,,,"<science><title>Diabetes mellitus, fasting blood glucose concentration, and risk of vascular disease: a collaborative meta-analysis of 102 prospective studies</><Emerging Risk Factors Collaboration><source>Lancet</>2010<link>https://pubmed.ncbi.nlm.nih.gov/20609967/</></>",Add 2026-05-09: diabetes RR=2.5 for incident MI per ERFC 102-study meta,,,,,,,,,,,,,,,,,,,,,,,,,,,,100000.0,meta-analysis,general,
,,1.91,0.4,OR,heart_attack,hypertension,hypertension_yes,,,,,,,,,,,,,,,,,,,,"https://pubmed.ncbi.nlm.nih.gov/15364185/ - Yusuf et al 2004 Lancet INTERHEART - hypertension OR=1.91 for acute MI (15,152 cases / 14,820 controls, 52 countries; PAR 17.9%)",[2026-05-10 user-approved disagreement-resolution pick; replaces deleted iter#1-4 fake-cite row],,,,,,,,,,,,,,,,,,,,,,,,,,,,,,,
,,2.5,0.5,RR,heart_attack,age,elderly,,,,,,,,,,,,,,,,,,,,https://pubmed.ncbi.nlm.nih.gov/37087452/ - Salari et al 2023 Eur J Med Res - global MI prevalence 9.5% (≥60y) vs 3.8% (<60y); RR ~2.5,[2026-05-10 user-approved disagreement-resolution pick; replaces deleted iter#1-4 fake-cite row],,,,,,,,,,,,,,,,,,,,,,,,,,,,,,,
,,1.54,0.09,OR,heart_attack_classical_risks,total_cholesterol_mg_dL,total_cholesterol_mg_dL_high_240_and_above,,,,,,,heart_attack,,,,,,,,,,,,,https://pubmed.ncbi.nlm.nih.gov/22607825/ - Voight 2012 Lancet MR - LDL per +1 SD → CAD OR 1.54 (proxied here via elevated total cholesterol). 2-of-3 quorum (B+C).,[2026-05-11 cycle 5: distal-aggregator leaf - Type=heart_attack activates distal routing],,,,,,,,,,,,,,,,,,,,,,,,,,,,,,,
,,1.2,0.09,RR,heart_attack_classical_risks,sedentariness,sedentariness_high,,,,,,,heart_attack,,,,,,,,,,,,,https://pubmed.ncbi.nlm.nih.gov/27628572/ - Wahid 2016 JAHA - physical inactivity → CV events RR 1.20 (95%CI 1.12-1.30). 2-of-3 quorum (A+C).,[2026-05-11 cycle 5: distal-aggregator leaf - Type=heart_attack activates distal routing],,,,,,,,,,,,,,,,,,,,,,,,,,,,,,,
,,1.52,0.14,RR,heart_attack_classical_risks,creatinine_mg_dL,creatinine_mg_dL_high_above_1.2,,,,,,,heart_attack,,,,,,,,,,,,,https://pubmed.ncbi.nlm.nih.gov/27543718/ - Vashistha 2016 Int J Cardiol - CKD (eGFR<60) → MI RR 1.52 (95%CI 1.39-1.67). 2-of-3 quorum (B+C).,[2026-05-11 cycle 5: distal-aggregator leaf - Type=heart_attack activates distal routing],,,,,,,,,,,,,,,,,,,,,,,,,,,,,,,
,,1.47,0.29,HR,heart_attack_classical_risks,heart_rate_anomaly,heart_rate_anomaly_yes,,,,,,,heart_attack,,,,,,,,,,,,,https://pubmed.ncbi.nlm.nih.gov/27673698/ - Guo 2016 Atherosclerosis - atrial fibrillation → MI HR 1.47 (proxied via heart_rate_anomaly). 2-of-3 quorum (B+C).,[2026-05-11 cycle 5: distal-aggregator leaf - Type=heart_attack activates distal routing],,,,,,,,,,,,,,,,,,,,,,,,,,,,,,,
,,,,,heart_attack_classical_risks,,,,,,,,,any_of,heart_attack_classical_risks_yes,,heart_attack_classical_risks_no,,,,,,,,,,,[2026-05-11 cycle 5: any_of aggregator definition for distal bundling 4 classical heart-attack risk factors],,,,,,,,,,,,,,,,,,,,,,,,,,,,,,,
,,,,,heart_attack,heart_attack_classical_risks,heart_attack_classical_risks_yes,,,,,,,distal,,,,,,,,,,,,,"Distal-link row: aggregator-to-disease RR is computed from leaves (LDL/inactivity/CKD/AF), not specified here. See heart_attack_classical_risks leaves.",[2026-05-11 cycle 5: distal link - all Stat columns blank per manual §562 to let distal code compute edge RR from leaves],,,,,,,,,,,,,,,,,,,,,,,,,,,,,,,
,,,,,heart_attack,,,,,,,,,dependency_nhanes_explicit,heart_attack_yes,1,heart_attack_no,2,,,,,,,MCQ160E,,,,,,,,,,,,,,,,,,,,,,,,,,,,,,,,,,
,,,,,,,,,,,,,,,,,,,,,,,,,,,,,,,,,,,,,,,,,,,,,,,,,,,,,,,,,,,
,,,,,stroke_or_heart_attack,heart_attack,heart_attack_yes,,,,,,,,,,,,,,,,,,,,,,,,,,,,,,,,,,,,,,,,,,,,,,,,,,,,
,,,,,stroke_or_heart_attack,stroke,stroke_yes,,,,,,,,,,,,,,,,,,,,,,,,,,,,,,,,,,,,,,,,,,,,,,,,,,,,
,,,,,stroke_or_heart_attack,,,,,,,,,any_of,stroke_or_heart_attack_yes,,stroke_or_heart_attack_no,,,,,,,,,,,,,,,,,,,,,,,,,,,,,,,,,,,,,,,,,,
,,,,,,,,,,,,,,,,,,,,,,,,,,,,,,,,,,,,,,,,,,,,,,,,,,,,,,,,,,,
,,1.53,0.27,RR,cardiovascular_state,metabolic_syndrome,metabolic_syndrome_yes,,,,,1.53,0.27,cardiovascular_disease,,,,,,,,,,,,,"<science><title>Metabolic Syndrome and Risk of Cardiovascular Disease: A Meta-Analysis</>Galassi, et al<source>the american journal of medicine</>Volume 119, Issue 10 p812-819 October 2006<link>https://www.amjmed.com/article/S0002-9343(06)00280-4/abstract</></> [PMID 17000207; added 2026-04-18 via audit]",,,,,,,,,,,,,,,,,,,,,,,,,,,,,172573.0,meta-analysis,meta-analysis,
,,1.26,0.3,RR,cardiovascular_state,hypertension,hypertension_yes,,,,,1.26,0.3,cardiovascular_disease,,,,,,,,,,,,,"<science><title>Associations of blood pressure with cardiovascular and mortality outcomes in over 2 million older persons with or without diabetes mellitus: A systematic review and meta-analysis of 45 cohort studies</>Seidu, et al<source>primary care diabetes</>Volume 17, Issue 6 p554-567 December 2023<link>https://www.primary-care-diabetes.com/action/showPdf?pii=S1751-9918%2823%2900166-3</></> [PMID 37806800; added 2026-04-18 via audit]",,,,,,,,,,,,,,,,,,,,,,,,,,,,,,meta-analysis,prospective cohort studies,
0.25,,1.88,0.25,OR,cardiovascular_state,mtDNA_copy_number,"mtDNA_copy_number_quartile_1_below_120, mtDNA_copy_number_quartile_2_121_to_135",,,,,1.540983606557377,0.1327762631448501,cardiovascular_disease,,,,,,,,,,,,,"<science><title>Association between mitochondrial DNA copy number and cardiovascular disease: Current evidence based on a systematic review and meta-analysis</>Peng Yue, Siyuan Jing, Lei Liu, Fan Ma, Yi Zhang, Chuan Wang, Hongyu Duan, Kaiyu Zhou, Yimin Hua, Gang Wu, Yifei Li<source>PLoS One</>2018 Nov 7;13(11):e0206003<link>https://pubmed.ncbi.nlm.nih.gov/30403687/</></>",,,,,,,,,,,,,,,,,,,,,,,,,,,,,8252.0,meta-analysis,"meta-analysis, cardiovascular",
0.25,,2.15,0.86,OR,cardiovascular_state,mtDNA_copy_number,mtDNA_copy_number_quartile_1_below_120,,,,,1.6699029126213591,0.4671057098241562,cardiovascular_disease,,,,,,,,,,,,,"<science><title>Association between mitochondrial DNA copy number and cardiovascular disease: Current evidence based on a systematic review and meta-analysis</>Peng Yue, Siyuan Jing, Lei Liu, Fan Ma, Yi Zhang, Chuan Wang, Hongyu Duan, Kaiyu Zhou, Yimin Hua, Gang Wu, Yifei Li<source>PLoS One</>2018 Nov 7;13(11):e0206003<link>https://pubmed.ncbi.nlm.nih.gov/30403687/</></>","FIXED: D was 0.69 (lower CI distance). Correct: mtDNA->CVD OR=2.15 (1.46-3.18), pm=0.86. PMID:30403687",,,,,,,,,,,,,,,,,,,,,,,,,,,,8252.0,meta-analysis,"meta-analysis, cardiovascular",FIXED: P0 0.69->0.86. mtDNA->CVD OR=2.15(1.46-3.18). Verified vs PMID:30403687
,,,,,cardiovascular_state,,,,,,,,,any_of,cardiovascular_state_yes,,cardiovascular_state_no,,,,,,,,,,,,,,,,,,,,,,,,,,,,,,,,,,,,,,,,,,
,,,,,,,,,,,,,,,,,,,,,,,,,,,,,,,,,,,,,,,,,,,,,,,,,,,,,,,,,,,
,,1.087,0.047,RR,cardiovascular_disease,diet_fruits_and_vegetables,diet_fruits_and_vegetables_no,,,,,1.087,0.0469999999999999,,,,,,,,,,,,,,"<science><title>Fruit and vegetable intake and the risk of cardiovascular disease, total cancer and all-cause mortality-a systematic review and dose-response meta-analysis of prospective studies</>Dagfinn Aune, Edward Giovannucci, Paolo Boffetta, Lars T Fadnes, NaNa Keum, Teresa Norat, Darren C Greenwood, Elio Riboli, Lars J Vatten, Serena Tonstad<source>International Journal of Epidemiology</>Volume 46, Issue 3, June 2017, Pages 1029-1056<link>https://academic.oup.com/ije/article/46/3/1029/3039477</></> [PMID 28338764; added 2026-04-18 via audit]","had to take recipricol of study so it would make sense in the ""any_of""",,,,,,,,,,,,,,,,,,,,,,,,,,,,1498909.0,meta-analysis,prospective cohort studies,
,,1.85,0.771,RR,cardiovascular_disease,healthy_lifestyle,healthy_lifestyle_no,,,,,1.85,0.7709999999999999,,,,,,,,,,,,,,"<science><title>Lifestyle Indices and Cardiovascular Disease Risk: A Meta-analysis</>Janett Barbaresko, Johanna Rienks, Ute Nöthlings<source>Am J Prev Med</>2018 Oct;55(4):555-564<link>https://pubmed.ncbi.nlm.nih.gov/30241617/</></>","had to take recipricol of study so it would make sense in the ""any_of""",,,,,,,,,,,,,,,,,,,,,,,,,,,,27.0,meta-analysis,meta-analysis,
,,,,,cardiovascular_disease,cardiovascular_state,cardiovascular_state_yes,,,,,,,distal,,,,,,,,,,,,,,,,,,,,,,,,,,,,,,,,,,,,,,,,,,,,,
0.249,,1.143,0.364,HR,healthy_lifestyle,daily_time_sitting,daily_time_sitting_12_or_more_hours,,,,,1.1210073767185924,0.3180425403836293,cardiovascular_disease,,,,,,,,,,,,,"<science><title>Sedentary time and its association with risk for disease incidence, mortality, and hospitalization in adults: a systematic review and meta-analysis</>Aviroop Biswas, Paul I Oh, Guy E Faulkner, Ravi R Bajaj, Michael A Silver, Marc S Mitchell, David A Alter<source>Ann Intern Med</>2015 Jan 20;162(2):123-32<link>https://pubmed.ncbi.nlm.nih.gov/25599350/</></>",restored Type=cardiovascular_disease (wiped between 973e58d fix and 4a599ed; data_check caught it),,,,,,,,,,,,,,,,,,,,,,,,,,,,14.0,meta-analysis,prospective cohort studies,"FIXED P0: was 0.31, corrected to 0.2490 (output NHANES prior)"
,,,,,cardiovascular_disease,,,,,,,,,dependency_priors,cardiovascular_disease_yes,0.249,cardiovascular_disease_no,0.751,,,,,,,,,<science><title>A Nationwide Framework for Surveillance of Cardiovascular and Chronic Lung Diseases</>Institute of Medicine (US) Committee on a National Surveillance System for Cardiovascular and Select Chronic Diseases.<source>National Academies Press</>2011<link>https://www.ncbi.nlm.nih.gov/books/NBK83160/</></>,,,,,,,,,,,,,,,,,,,,,,,,,,,,,,unknown,CDC framework,
,,,,,,,,,,,,,,,,,,,,,,,,,,,,,,,,,,,,,,,,,,,,,,,,,,,,,,,,,,,
,,,,,heart_disease,coronary_artery_disease,coronary_artery_disease_yes,,,,,,,is_a,,,,,,,,,,,,,,,,,,,,,,,,,,,,,,,,,,,,,,,,,,,,,
,,,,,heart_disease,cardiovascular_disease,cardiovascular_disease_yes,,,,,,,subsumes,,,,,,,,,,,,,,,,,,,,,,,,,,,,,,,,,,,,,,,,,,,,,
,,1.17,0.08,RR,heart_disease,smokeless_tobacco_use,smokeless_tobacco_use_yes,,,,,1.17,0.08,,,,,,,,,,,,,,https://pubmed.ncbi.nlm.nih.gov/30364426/ - Rostron 2018 (US heart disease RR 1.17),[fix] input ever_vaped -> smokeless_tobacco_use to match the cited Rostron/Hajat/Boffetta smokeless-tobacco meta-analyses. Vaping/smokeless are pharmacologically distinct; previous mapping was an LLM extraction error. Original comment: (none) [2026-05-10 fake PMID 6196954 removed; row kept for network structure; needs real citation],,,,,,,,,,,,,,,,,,,,,,,,,,,,25.0,meta-analysis,meta-analysis,
,,,,,heart_disease,,,,,,,,,dependency_priors,heart_disease_yes,0.055,heart_disease_no,0.945,,,,,,,,,,,,,,,,,,,,,,,,,,,,,,,,,,,,,,,,,
,,,,,,,,,,,,,,,,,,,,,,,,,,,,,,,,,,,,,,,,,,,,,,,,,,,,,,,,,,,
,,,,,,,,,,,,,,,,,,,,,,,,,,,,,,,,,,,,,,,,,,,,,,,,,,,,,,,,,,,
,,,,,,,,,,,,,,,,,,,,,,,,,,,,,,,,,,,,,,,,,,,,,,,,,,,,,,,,,,,
,,,,,lower_urinary_tract_symptoms,,,,,,,,,discrete_priors,lower_urinary_tract_symptoms_yes,0.228,lower_urinary_tract_symptoms_no,0.772,,,,,,,,,,,,,,,,,,,,,,,,,,,,,,,,,,,,,,,,,
,,,,,,,,,,,,,,,,,,,,,,,,,,,,,,,,,,,,,,,,,,,,,,,,,,,,,,,,,,,
,,2.0,1.06,RR,cardiac_event,endothelial_progenitor_cell,endothelial_progenitor_cell_expression_high_above_200_not,,,,,2.0,1.06,,,,,,,,,,,,,,"<science><title>Levels of Circulating Progenitor Cells, Cardiovascular Outcomes and Death: A Meta-Analysis</><>Rigato M, Avogaro A, Fadini GP<source>Circ Res</>2016;118(12):1930-1939<link>https://pubmed.ncbi.nlm.nih.gov/27073015/</></>","[cycle10 C2 Apr29] Corrected input value from 'high_above_200' to 'high_above_200_not' (= LOW EPC). RR=2.0 unchanged - this is a labeling correction, not an effect inversion. Per PMID 27073015 (Rigato et al. 2016 Circ Res 'Levels of Circulating Progenitor Cells, Cardiovascular Outcomes and Death: A Meta-Analysis'): 'reduced CPC/EPC levels were associated with a ~2-fold increased risk of future cardiovascular events and cardiovascular death' with comparison 'low versus high'. Original LLM extraction attached the 2-fold RR to the high subgroup; the paper's comparison places it on the low subgroup. FIXED: was RR=3.9 from cardiac catheterization lab (Schmidt-Lucke). Replaced with Rigato/Fadini 2016 meta-analysis (21 studies, n=4155). Low CPC/EPC ~2x CV risk. HR=2.00 (1.20-3.32) from Patel 2015 pooled analysis.",,,,,,,,,,,,,,,,,,,,,,,,,,,,519.0,unknown,prospective cohort,
,,,,,,,,,,,,,,,,,,,,,,,,,,,"<science><title>Association between dietary fiber intake and risk of coronary heart disease: A meta-analysis</><>Wu Y, Qian Y, Pan Y, Li P, Yang J, Ye X, Xu G<source>Clin Nutr</>2015 Aug;34(4):603-611<link>https://pubmed.ncbi.nlm.nih.gov/24929874/</></>","dietary_fiber->cardiac_event RR=0.93, no source listed. Citation added: Wu 2015 (18 studies, n=672408). RR=0.93 (0.91-0.96) highest vs lowest fiber. | [csv-direct blank] cardiac_event ← dietary_fiber: dir-wrong (lit=0.93, qRR=1.10); subnet shows promotion abstain-d → descrK12; orig F=cardiac_event G=dietary_fiber_gm H=dietary_fiber_gm_quartile_4 M=0.93",,,,,,,,,,,,,,,,,,,,,,,,,,,,,,,
0.001072612,,1.68,0.685,OR,cardiac_event,lower_urinary_tract_symptoms,lower_urinary_tract_symptoms_yes,,,,,1.6787755411422995,0.6837702048689809,,,,,,,,,,,,,,"<science><title>Male Lower Urinary Tract Symptoms and Cardiovascular Events: A Systematic Review and Meta-analysis</>Mauro Gacci et al<source>European Urology</>Volume 70, Issue 5, November 2016, Pages 788-796<link>https://www.sciencedirect.com/science/article/abs/pii/S0302283816304055?via%3Dihub</></> [PMID 27451136; added 2026-04-18 via audit]","FIXED P0: was 0.228. cardiac_event P0 was 0.228 (study control group), should be population prevalence ~0.001; [autofill Apr-20] col A updated to NHANES P0 per , 2026 convention",,,,,,,,,,,,,,,,,,,,,,,,,,,,25020.0,meta-analysis,meta-analysis,FIXED: P0 0.228->0.001 + pm 0.55->0.685. LUTS->cardiac OR=1.68(1.13-2.50). Verified vs PMID:27451136
,,2.0,0.3,RR,cardiac_event,diabetes,diabetes_yes,,,,,2.0,0.3,,,,,,,,,,,,,,"<science><title>Diabetes mellitus, fasting blood glucose concentration, and risk of vascular disease</><ERFC><source>Lancet</>2010<link>https://pubmed.ncbi.nlm.nih.gov/20609967/</></>",Add 2026-05-09 iter2: diabetes ~2x for vascular events incl cardiac,,,,,,,,,,,,,,,,,,,,,,,,,,,,100000.0,meta-analysis,general,
,,1.91,0.4,OR,cardiac_event,hypertension,hypertension_yes,,,,,,,,,,,,,,,,,,,,https://pubmed.ncbi.nlm.nih.gov/15364185/ - Yusuf et al 2004 Lancet INTERHEART - hypertension OR=1.91 for acute MI / cardiac event,[2026-05-10 user-approved disagreement-resolution pick; replaces deleted iter#1-4 fake-cite row],,,,,,,,,,,,,,,,,,,,,,,,,,,,,,,
,,2.5,0.5,RR,cardiac_event,age,elderly,,,,,,,,,,,,,,,,,,,,https://pubmed.ncbi.nlm.nih.gov/37087452/ - Salari et al 2023 Eur J Med Res - same global MI cohort; RR ~2.5 for elderly,[2026-05-10 user-approved disagreement-resolution pick; replaces deleted iter#1-4 fake-cite row],,,,,,,,,,,,,,,,,,,,,,,,,,,,,,,
,,,,,cardiac_event,,,,,,,,,dependency_priors,cardiac_event_yes,0.001072612,cardiac_event_no,0.998927388,,,,,,,,,,,,,,,,,,,,,,,,,,,,,,,,,,,,,,,,,
,,,,,,,,,,,,,,,,,,,,,,,,,,,,,,,,,,,,,,,,,,,,,,,,,,,,,,,,,,,
,,,,,cardiovascular_event,cardiac_event,cardiac_event_yes,,,,,,,is_a,,,,,,,,,,,,,,,,,,,,,,,,,,,,,,,,,,,,,,,,,,,,,
,,,,,cardiovascular_event,cardiovascular_disease,cardiovascular_disease_yes,,,,,,,subsumes,,,,,,,,,,,,,<science><title>Stroke Facts</><source>CDC</><link>https://www.cdc.gov/stroke/facts.htm</></><science><title>Heart Disease Facts</><source>CDC</><link>https://www.cdc.gov/heartdisease/facts.htm</></>,,,,,,,,,,,,,,,,,,,,,,,,,,,,,,unknown,CDC report,
,,1.56,0.17,RR,cardiovascular_event,vo2max_cardiovascular_fitness,vo2max_cardiovascular_fitness_low,,,,,1.56,0.1699999999999999,,,,,,,,,,,,,,"<science><title>Cardiorespiratory fitness as a quantitative predictor of all-cause mortality and cardiovascular events in healthy men and women: a meta-analysis</>KSatoru Kodama, Kazumi Saito, Shiro Tanaka, Miho Maki, Yoko Yachi, Mihoko Asumi, Ayumi Sugawara, Kumiko Totsuka, Hitoshi Shimano, Yasuo Ohashi, Nobuhiro Yamada, Hirohito Sone<source>JAMA</>2009 May 20;301(19):2024-35<link>https://pubmed.ncbi.nlm.nih.gov/19454641/</></>",,,,,,,,,,,,,,,,,,,,,,,,,,,,,980.0,meta-analysis,"meta-analysis, adults",
,,,,,,,,,,,,,,,,,,,,,,,,,,,,,,,,,,,,,,,,,,,,,,,,,,,,,,,,,,,
,,,,,cardiovascular_event,stroke_or_heart_attack,stroke_or_heart_attack_yes,,,,,,,equivalent_to,,,,,,,,,,,,,,,,,,,,,,,,,,,,,,,,,,,,,,,,,,,,,
,,,,,cardiovascular_event,,,,,,,,,dependency_priors,cardiovascular_event_yes,0.063,cardiovascular_event_no,0.937,,,,,,,,,,nhanes prevalence of stroke plus heat attack,,,,,,,,,,,,,,,,,,,,,,,,,,,,,,,
,,,,,,,,,,,,,,,,,,,,,,,,,,,,,,,,,,,,,,,,,,,,,,,,,,,,,,,,,,,
,,1.25,0.2,RR,cardiovascular_beverage,artificially_sweetened_beverages,artificially_sweetened_beverages_yes,,,,,1.25,0.1999999999999999,cardiovascular_mortality,,,,,,,,,,,,,"<science><title>Intake of Sugar-Sweetened and Low-Calorie Sweetened Beverages and Risk of Cardiovascular Disease: A Meta-Analysis and Systematic Review</>Jiawei Yin, Yalun Zhu, Vasanti Malik, Xiaoqin Li, Xiaolin Peng, Fang Fang Zhang, Zhilei Shan, and Liegang Liu<source>Adv Nutr.</>2021 Jan; 12(1): 89-101.<link>https://www.ncbi.nlm.nih.gov/pmc/articles/PMC7850046/</></>",,,,,,,,,,,,,,,,,,,,,,,,,,,,,12.0,meta-analysis,"11 articles SSB (16,915 CVD cases), prospective cohorts",
0.076,0.258,0.083,0.54,SMD,cardiovascular_beverage,water_drank_yesterday_gm,water_drank_yesterday_gm_quartile_1,,,,,1.1479589695551526,0.6911373281940845,cardiovascular_mortality,,,,,,,,,,,,,https://pubmed.ncbi.nlm.nih.gov/33464721/ - Majdi 2021: Total and drinking water intake and risk of all-cause and cardiovascular mortality: A systematic rev,[2026-05-10 PMID extracted from <science><title> wrapper via quorum agent; both A+B agree],,,,,,,,,,,,,,,,,,,,,,,,,,,,116816.0,meta-analysis,meta-analysis,
,,1.09,0.08,RR,cardiovascular_beverage,sugary_beverages_per_month,sugary_beverages_per_month_quartile_4,,,,,1.09,0.08,cardiovascular_mortality,,,,,,,,,,,,,"<science><title>Intake of Sugar-Sweetened and Low-Calorie Sweetened Beverages and Risk of Cardiovascular Disease: A Meta-Analysis and Systematic Review</>Jiawei Yin, Yalun Zhu, Vasanti Malik, Xiaoqin Li, Xiaolin Peng, Fang Fang Zhang, Zhilei Shan, and Liegang Liu<source>Adv Nutr.</>2021 Jan; 12(1): 89-101.<link>https://www.ncbi.nlm.nih.gov/pmc/articles/PMC7850046/</></>",,,,,,,,,,,,,,,,,,,,,,,,,,,,,12.0,meta-analysis,"11 articles SSB (16,915 CVD cases), prospective cohorts",
,,,,,cardiovascular_beverage,,,,,,,,,any_of,cardiovascular_beverage_poor,,cardiovascular_beverage_adequate,,,,,,,,,,,,,,,,,,,,,,,,,,,,,,,,,,,,,,,,,,
,,,,,,,,,,,,,,,,,,,,,,,,,,,,,,,,,,,,,,,,,,,,,,,,,,,,,,,,,,,
,,1.5,0.13,RR,cardiovascular_processed_food,pastries_per_month,pastries_per_month_quartile_4,,,,,1.5,0.1299999999999999,cardiovascular_mortality,,,,,,,,,,,,,https://pubmed.ncbi.nlm.nih.gov/38418082/ - Lane 2024: Ultra-processed food exposure and adverse health outcomes: umbrella review of epidemiological meta-a,[2026-05-10 PMID extracted from <science><title> wrapper via quorum agent; both A+B agree],,,,,,,,,,,,,,,,,,,,,,,,,,,,9900000.0,meta-analysis,umbrella review,
0.2,,1.303,0.169,HR,cardiovascular_processed_food,dietary_fiber_gm,dietary_fiber_gm_quartile_1,,,,,1.2615097065770136,0.1436752405154433,cardiovascular_mortality,,,,,,,,,,,,,"<science><title>Fiber consumption and all-cause, cardiovascular, and cancer mortalities: a systematic review and meta-analysis of cohort studies</>Lihua Liu, Shan Wang, Jianchao Liu<source>Mol Nutr Food Res</>2015 Jan;59(1):139-46<link>https://pubmed.ncbi.nlm.nih.gov/25382817/</></>","had to take recipricol of study so it would make sense in the ""any_of""",,,,,,,,,,,,,,,,,,,,,,,,,,,,1752848.0,meta-analysis,meta-analysis,
0.2,,1.67,1.17,HR,cardiovascular_processed_food,eat_away_from_home,"eat_away_from_home_over_7_times_per_week,eat_away_from_home_4_to_7_times_per_week",,,,,1.5554675330637884,1.0276034880633675,cardiovascular_mortality,,,,,,,,,,,,,"<science><title>Association Between Frequency of Eating Away-From-Home Meals and Risk of All-Cause and Cause-Specific Mortality</>Yang Du, Shuang Rong,Yangbo Sun<source>Journal of the Academy of Nutrition and Dietetics</>VOLUME 121, ISSUE 9, P1741-1749.E1, SEPTEMBER 01, 2021<link>https://www.jandonline.org/article/S2212-2672(21)00059-9/fulltext</></> [PMID 33775622; added 2026-04-18 via audit]","FIXED: D was 0.8 (lower CI distance). Correct: eat_out->CV HR=1.67 (0.87-3.21), pm=1.17. PMID:33775622",,,,,,,,,,,,,,,,,,,,,,,,,,,,35084.0,unknown,NHANES cross-sectional,FIXED: pm 0.8->1.17. eat_out->CV HR=1.67(0.87-3.21). Verified vs PMID:33775622
,,,,,cardiovascular_processed_food,,,,,,,,,any_of,cardiovascular_processed_food_poor,,cardiovascular_processed_food_adequate,,,,,,,,,,,,,,,,,,,,,,,,,,,,,,,,,,,,,,,,,,
,,,,,,,,,,,,,,,,,,,,,,,,,,,,,,,,,,,,,,,,,,,,,,,,,,,,,,,,,,,
,,,,,cardiovascular_diet,cardiovascular_processed_food,cardiovascular_processed_food_poor,,,,,,,cardiovascular_mortality,,,,,,,,,,,,,,,,,,,,,,,,,,,,,,,,,,,,,,,,,,,,,
,,1.363,0.486,RR,cardiovascular_diet,vegetarian,vegetarian_no,,,,,1.363,0.486,cardiovascular_mortality,,,,,,,,,,,,,"<science><title>Cardiovascular disease mortality and cancer incidence in vegetarians: a meta-analysis and systematic review</>Huang, T., Yang, B., Zheng, J., Li, G., Wahlqvist, M. L., & Li, D<source>Annals of Nutrition and Metabolism</>2009 201360(4), 233-240<link>https://pubmed.ncbi.nlm.nih.gov/22677895/</></>","had to take recipricol of study so it would make sense in the ""any_of""",,,,,,,,,,,,,,,,,,,,,,,,,,,,124706.0,meta-analysis,prospective cohort studies,
,,,,,cardiovascular_diet,cardiovascular_beverage,cardiovascular_beverage_poor,,,,,,,cardiovascular_mortality,,,,,,,,,,,,,"<science><title>Intake of Sugar-Sweetened and Low-Calorie Sweetened Beverages and Risk of Cardiovascular Disease: A Meta-Analysis and Systematic Review</>Jiawei Yin, Yalun Zhu, Vasanti Malik, Xiaoqin Li, Xiaolin Peng, Fang Fang Zhang, Zhilei Shan, and Liegang Liu<source>Adv Nutr.</>2021 Jan; 12(1): 89-101.<link>https://www.ncbi.nlm.nih.gov/pmc/articles/PMC7850046/</></>",,,,,,,,,,,,,,,,,,,,,,,,,,,,,12.0,meta-analysis,"11 articles SSB (16,915 CVD cases), prospective cohorts",
,,,,,cardiovascular_diet,,,,,,,,,any_of,cardiovascular_diet_poor,,cardiovascular_diet_adequate,,,,,,,,,,,,,,,,,,,,,,,,,,,,,,,,,,,,,,,,,,
,,,,,,,,,,,,,,,,,,,,,,,,,,,,,,,,,,,,,,,,,,,,,,,,,,,,,,,,,,,
,,1.07,0.03,RR,cardiovascular_behavior,household_pollution,household_pollution_yes,,,,,1.07,0.03,cardiovascular_mortality,,,,,,,,,,,,,"<science><title>Adverse health effects associated with household air pollution: a systematic review, meta-analysis, and burden estimation study</>Kuan Ken Lee,  et al<source>Lancet Glob Health</>2020 Nov; 8(11): e1427-e1434.<link>https://www.ncbi.nlm.nih.gov/pmc/articles/PMC7564377/</></>",,,,,,,,,,,,,,,,,,,,,,,,,,,,,15500000.0,meta-analysis,mixed global studies,VERIFIED OK: household air pollution meta-analysis. PMID:33069303
,,1.38,0.25,RR,cardiovascular_behavior,long_sleep,long_sleep_yes,,,,,1.38,0.25,cardiovascular_mortality,,,,,,,,,,,,,"<science><title>Sleep duration and mortality: a systematic review and meta-analysis</>Lisa Gallicchio, Bindu Kalesan<source>J Sleep Res</>2009 Jun;18(2):148-58<link>https://pubmed.ncbi.nlm.nih.gov/19645960/</></>",,,,,,,,,,,,,,,,,,,,,,,,,,,,,17.0,meta-analysis,prospective cohort studies,
0.31,,1.179,0.073,HR,cardiovascular_behavior,daily_time_sitting,daily_time_sitting_12_or_more_hours,,,,,1.1430361128969369,0.0571884043027133,cardiovascular_mortality,,,,,,,,,,,,,"<science><title>Sedentary time and its association with risk for disease incidence, mortality, and hospitalization in adults: a systematic review and meta-analysis</>Aviroop Biswas, Paul I Oh, Guy E Faulkner, Ravi R Bajaj, Michael A Silver, Marc S Mitchell, David A Alter<source>Ann Intern Med</>2015 Jan 20;162(2):123-32<link>https://pubmed.ncbi.nlm.nih.gov/25599350/</></>",,,,,,,,,,,,,,,,,,,,,,,,,,,,,14.0,meta-analysis,prospective cohort studies,
,,,,,cardiovascular_behavior,,,,,,,,,any_of,cardiovascular_behavior_yes,,cardiovascular_behavior_no,,,,,,,,,,,,,,,,,,,,,,,,,,,,,,,,,,,,,,,,,,
,,,,,,,,,,,,,,,,,,,,,,,,,,,,,,,,,,,,,,,,,,,,,,,,,,,,,,,,,,,
,,,,,high_cholesterol_young_adult,total_cholesterol_mg_dL,total_cholesterol_mg_dL_high_240_and_above,,,,,,,,,,,,,,,,,,,,,,,,,,,,,,,,,,,,,,,,,,,,,,,,,,,,
,,,,,high_cholesterol_young_adult,age,young_adult,,,,,,,,,,,,,,,,,,,,,,,,,,,,,,,,,,,,,,,,,,,,,,,,,,,,
,,,,,high_cholesterol_young_adult,,,,,,,,,all_of,high_cholesterol_young_adult_yes,,high_cholesterol_young_adult_no,,,,,,,,,,,,,,,,,,,,,,,,,,,,,,,,,,,,,,,,,,
,,,,,,,,,,,,,,,,,,,,,,,,,,,,,,,,,,,,,,,,,,,,,,,,,,,,,,,,,,,
,,,,,high_cholesterol_adult,total_cholesterol_mg_dL,total_cholesterol_mg_dL_high_240_and_above,,,,,,,,,,,,,,,,,,,,,,,,,,,,,,,,,,,,,,,,,,,,,,,,,,,,
,,,,,high_cholesterol_adult,age,adult,,,,,,,,,,,,,,,,,,,,,,,,,,,,,,,,,,,,,,,,,,,,,,,,,,,,
,,,,,high_cholesterol_adult,,,,,,,,,all_of,high_cholesterol_adult_yes,,high_cholesterol_adult_no,,,,,,,,,,,,,,,,,,,,,,,,,,,,,,,,,,,,,,,,,,
,,,,,,,,,,,,,,,,,,,,,,,,,,,,,,,,,,,,,,,,,,,,,,,,,,,,,,,,,,,
,,,,,high_cholesterol_elderly,total_cholesterol_mg_dL,total_cholesterol_mg_dL_high_240_and_above,,,,,,,,,,,,,,,,,,,,,,,,,,,,,,,,,,,,,,,,,,,,,,,,,,,,
,,,,,high_cholesterol_elderly,age,elderly,,,,,,,,,,,,,,,,,,,,,,,,,,,,,,,,,,,,,,,,,,,,,,,,,,,,
,,,,,high_cholesterol_elderly,,,,,,,,,all_of,high_cholesterol_elderly_yes,,high_cholesterol_elderly_no,,,,,,,,,,,,,,,,,,,,,,,,,,,,,,,,,,,,,,,,,,
,,,,,,,,,,,,,,,,,,,,,,,,,,,,,,,,,,,,,,,,,,,,,,,,,,,,,,,,,,,
,,,,,elevated_cholesterol_young_adult,total_cholesterol_mg_dL_naive,total_cholesterol_mg_dL_elevated_200-239,,,,,,,,,,,,,,,,,,,,,,,,,,,,,,,,,,,,,,,,,,,,,,,,,,,,
,,,,,elevated_cholesterol_young_adult,age,young_adult,,,,,,,,,,,,,,,,,,,,,,,,,,,,,,,,,,,,,,,,,,,,,,,,,,,,
,,,,,elevated_cholesterol_young_adult,,,,,,,,,all_of,elevated_cholesterol_young_adult_yes,,elevated_cholesterol_young_adult_no,,,,,,,,,,,,,,,,,,,,,,,,,,,,,,,,,,,,,,,,,,
,,,,,,,,,,,,,,,,,,,,,,,,,,,,,,,,,,,,,,,,,,,,,,,,,,,,,,,,,,,
,,,,,elevated_cholesterol_adult,total_cholesterol_mg_dL_naive,total_cholesterol_mg_dL_elevated_200-239,,,,,,,,,,,,,,,,,,,,,,,,,,,,,,,,,,,,,,,,,,,,,,,,,,,,
,,,,,elevated_cholesterol_adult,age,adult,,,,,,,,,,,,,,,,,,,,,,,,,,,,,,,,,,,,,,,,,,,,,,,,,,,,
,,,,,elevated_cholesterol_adult,,,,,,,,,all_of,elevated_cholesterol_adult_yes,,elevated_cholesterol_adult_no,,,,,,,,,,,,,,,,,,,,,,,,,,,,,,,,,,,,,,,,,,
,,,,,,,,,,,,,,,,,,,,,,,,,,,,,,,,,,,,,,,,,,,,,,,,,,,,,,,,,,,
,,,,,elevated_cholesterol_elderly,total_cholesterol_mg_dL_naive,total_cholesterol_mg_dL_elevated_200-239,,,,,,,,,,,,,,,,,,,,,,,,,,,,,,,,,,,,,,,,,,,,,,,,,,,,
,,,,,elevated_cholesterol_elderly,age,elderly,,,,,,,,,,,,,,,,,,,,,,,,,,,,,,,,,,,,,,,,,,,,,,,,,,,,
,,,,,elevated_cholesterol_elderly,,,,,,,,,all_of,elevated_cholesterol_elderly_yes,,elevated_cholesterol_elderly_no,,,,,,,,,,,,,,,,,,,,,,,,,,,,,,,,,,,,,,,,,,
,,,,,,,,,,,,,,,,,,,,,,,,,,,,,,,,,,,,,,,,,,,,,,,,,,,,,,,,,,,
0.075,,5.05050505050505,0.240500240500241,HR,cv_high_cholesterol,high_cholesterol_young_adult,high_cholesterol_young_adult_yes,,,,,4.339654250082452,0.1702202176791987,cardiovascular_mortality,,,,,,,,,,,,,"<science><title>Adverse health effects associated with household air pollution: a systematic review, meta-analysis, and burden estimation study</>Kuan Ken Lee,  et al<source>Lancet Glob Health</>2020 Nov; 8(11): e1427-e1434.<link>https://www.ncbi.nlm.nih.gov/pmc/articles/PMC7564377/</></>",,,,,,,,,,,,,,,,,,,,,,,,,,,,,15500000.0,meta-analysis,mixed global studies,
0.157,,3.367003367003366,0.0518000518000518,HR,cv_high_cholesterol,high_cholesterol_adult,high_cholesterol_adult_yes,,,,,2.785480056975248,0.0318472831146863,cardiovascular_mortality,,,,,,,,,,,,,"<science><title>Sleep duration and mortality: a systematic review and meta-analysis</>Lisa Gallicchio, Bindu Kalesan<source>J Sleep Res</>2009 Jun;18(2):148-58<link>https://pubmed.ncbi.nlm.nih.gov/19645960/</></>",,,,,,,,,,,,,,,,,,,,,,,,,,,,,17.0,meta-analysis,prospective cohort studies,
0.114,,2.677376171352075,0.0661080536136311,HR,cv_high_cholesterol,high_cholesterol_elderly,high_cholesterol_elderly_yes,,,,,2.4280426830759647,0.0509649287927671,cardiovascular_mortality,,,,,,,,,,,,,"<science><title>Sedentary time and its association with risk for disease incidence, mortality, and hospitalization in adults: a systematic review and meta-analysis</>Aviroop Biswas, Paul I Oh, Guy E Faulkner, Ravi R Bajaj, Michael A Silver, Marc S Mitchell, David A Alter<source>Ann Intern Med</>2015 Jan 20;162(2):123-32<link>https://pubmed.ncbi.nlm.nih.gov/25599350/</></>",,,,,,,,,,,,,,,,,,,,,,,,,,,,,14.0,meta-analysis,prospective cohort studies,
,,,,,cv_high_cholesterol,,,,,,,,,any_of,high_cholesterol_yes,,high_cholesterol_no,,,,,,,,,,,,,,,,,,,,,,,,,,,,,,,,,,,,,,,,,,
,,,,,,,,,,,,,,,,,,,,,,,,,,,,,,,,,,,,,,,,,,,,,,,,,,,,,,,,,,,
0.075,,2.525252525252525,0.1202501202501205,HR,cv_elevated_cholesterol,elevated_cholesterol_young_adult,elevated_cholesterol_young_adult_yes,,,,,2.3827296463208336,0.103143370542285,cardiovascular_mortality,,,,,,,,,,,,,"<science><title>Adverse health effects associated with household air pollution: a systematic review, meta-analysis, and burden estimation study</>Kuan Ken Lee,  et al<source>Lancet Glob Health</>2020 Nov; 8(11): e1427-e1434.<link>https://www.ncbi.nlm.nih.gov/pmc/articles/PMC7564377/</></>",,,,,,,,,,,,,,,,,,,,,,,,,,,,,15500000.0,meta-analysis,mixed global studies,
0.157,,1.683501683501683,0.0259000259000259,HR,cv_elevated_cholesterol,elevated_cholesterol_adult,elevated_cholesterol_adult_yes,,,,,1.591593984220186,0.021181182389951,cardiovascular_mortality,,,,,,,,,,,,,"<science><title>Sleep duration and mortality: a systematic review and meta-analysis</>Lisa Gallicchio, Bindu Kalesan<source>J Sleep Res</>2009 Jun;18(2):148-58<link>https://pubmed.ncbi.nlm.nih.gov/19645960/</></>",,,,,,,,,,,,,,,,,,,,,,,,,,,,,17.0,meta-analysis,prospective cohort studies,
0.114,,1.338688085676037,0.0330540268068155,HR,cv_elevated_cholesterol,elevated_cholesterol_elderly,elevated_cholesterol_elderly_yes,,,,,1.3121622128962978,0.0299048510619281,cardiovascular_mortality,,,,,,,,,,,,,"<science><title>Sedentary time and its association with risk for disease incidence, mortality, and hospitalization in adults: a systematic review and meta-analysis</>Aviroop Biswas, Paul I Oh, Guy E Faulkner, Ravi R Bajaj, Michael A Silver, Marc S Mitchell, David A Alter<source>Ann Intern Med</>2015 Jan 20;162(2):123-32<link>https://pubmed.ncbi.nlm.nih.gov/25599350/</></>",,,,,,,,,,,,,,,,,,,,,,,,,,,,,14.0,meta-analysis,prospective cohort studies,
,,,,,cv_elevated_cholesterol,,,,,,,,,any_of,elevated_cholesterol_yes,,elevated_cholesterol_no,,,,,,,,,,,,,,,,,,,,,,,,,,,,,,,,,,,,,,,,,,
,,,,,,,,,,,,,,,,,,,,,,,,,,,,,,,,,,,,,,,,,,,,,,,,,,,,,,,,,,,
,,,,,,,,,,,,,,,,,,,,,,,,,,,,,,,,,,,,,,,,,,,,,,,,,,,,,,,,,,,
,,,,,,,,,,,,,,,,,,,,,,,,,,,,,,,,,,,,,,,,,,,,,,,,,,,,,,,,,,,
0.7,,-0.53,1.27,SMD,il6_diet,low_calorie_diet,low_calorie_diet_yes,,,,,0.6743267134788785,0.5566692321373127,interleukin6_pg_mL,,,,,,,,,,,,,"<science><title>Caloric restriction in humans reveals immunometabolic regulators of health span</>O. Spadaro, et al<source>Science</>2022 February 11; 375(6581): 671-677<link>https://pmc.ncbi.nlm.nih.gov/articles/PMC10061495/pdf/nihms-1880734.pdf</></>",,,,,,,,,,,,,,,,,,,,,,,,,,,,,218.0,unknown,CALERIE RCT,
0.171,,-0.564418094391606,0.2088111513863873,SMD,il6_diet,dietary_restriction,dietary_restriction_yes,,,,,0.4042605361614449,0.1210731958459044,interleukin6_pg_mL,,,,,,,,,,,,,"<science><title>Effects of dietary restriction on adipose mass and biomarkers of healthy aging in human</>Daniele Lettieri-Barbato,Esmeralda Giovannetti,and Katia Aquilano<source>Aging</>2016 Dec; 8(12): 3341-3355<link>https://www.ncbi.nlm.nih.gov/pmc/articles/PMC5270672/</></>",,,,,,,,,,,,,,,,,,,,,,,,,,,,,2094.0,unknown,"43 studies, mixed weight/healthy adults",
0.0671319797,7.59,-0.42,0.3,WMD,il6_diet,mediterranean_diet,mediterranean_diet_yes,,,,,0.9105199290678376,0.0592719955680165,interleukin6_pg_mL,,,,,,,,,,,,,"<science><title>Dietary patterns and associations with biomarkers of inflammation in adults: a systematic review of observational studies</>Michael J. Hart,Susan J. Torres, Sarah A. McNaughton, and Catherine M. Milte<source>Nutr J</>2021; 20: 24<link>https://www.ncbi.nlm.nih.gov/pmc/articles/PMC7955619/</></>",,,,,,,,,,,,,,,,,,,,,,,,,,,,,69.0,meta-analysis,observational studies,
,,,,,il6_diet,,,,,,,,,any_of,il6_diet_yes,,il6_diet_no,,,,,,,,,1.0,,,,,,,,,,,,,,,,,,,,,,,,,,,,,,,,,
,,,,,,,,,,,,,,,,,,,,,,,,,,,,,,,,,,,,,,,,,,,,,,,,,,,,,,,,,,,
,,,,,ptsd,,,,,,,,,discrete_priors,ptsd_yes,0.036,ptsd_no,0.964,,,,,,,,,,,,,,,,,,,,,,,,,,,,,,,,,,,,,,,,,
,,,,,,,,,,,,,,,,,,,,,,,,,,,,,,,,,,,,,,,,,,,,,,,,,,,,,,,,,,,
,,,,,copd_naive,,,,,,,,,naive_0_nhanes_explicit,copd_yes,1,copd_no,2,,,,,,,MCQ160O,,,"[2026-05-13 naive_0 guard-3 removal cycle] Blanked input column (was 'lung_disease'). Leaf copd_naive is the input of an equivalent_to row, so a parent-conditional CPT here would create a triple-constraint conflict with the equivalent_to mapping + the wrapper's dep_nhanes_explicit marginal. The dependency.py guard (3) was silently demoting this to discrete priors anyway; making the CSV honest about that.",,,,,,,,,,,,,,,,,,,,,,,,,,,,,,,
,,,,,chronic_bronchitis,lung_disease,,,,,,,,naive_0_nhanes_explicit,chronic_bronchitis_yes,1,chronic_bronchitis_no,2,,,,,,,MCQ160K,,,respiratory_disease,,,,,,,,,,,,,,,,,,,,,,,,,,,,,,,
,,,,,emphysema,lung_disease,,,,,,,,naive_0_nhanes_explicit,emphysema_yes,1,emphysema_no,2,,,,,,,MCQ160G,,,respiratory_disease,,,,,,,,,,,,,,,,,,,,,,,,,,,,,,,
,,,,,asthma_attack_last_year,,,,,,,,,naive_0_nhanes_explicit,asthma_attack_last_year_yes,1,asthma_attack_last_year_no,2,,,,,,,MCQ040,,,"[2026-05-13 naive_0 guard-3 removal cycle] Blanked input column (was 'lung_disease'). Leaf asthma_attack_last_year is the input of an equivalent_to row, so a parent-conditional CPT here would create a triple-constraint conflict with the equivalent_to mapping + the wrapper's dep_nhanes_explicit marginal. The dependency.py guard (3) was silently demoting this to discrete priors anyway; making the CSV honest about that.",,,,,,,,,,,,,,,,,,,,,,,,,,,,,,,
,,,,,lung_disease,,,,,,,,,discrete_nhanes_explicit,lung_disease_yes,1-116,lung_disease_no,missing,,,,,,,PFQ069KG,,,,,,,,,,,,,,,,,,,,,,,,,,,,,,,,,,
,,,,,,,,,,,,,,,,,,,,,,,,,,,,,,,,,,,,,,,,,,,,,,,,,,,,,,,,,,,
,,,,,,,,,,,,,,,,,,,,,,,,,,,,,,,,,,,,,,,,,,,,,,,,,,,,,,,,,,,
,,1.18,0.01,RR,lung_disease_mortality,household_pollution,household_pollution_yes,,,,,1.18,0.01,,,,,,,,,,,,,,"<science><title>Adverse health effects associated with household air pollution: a systematic review, meta-analysis, and burden estimation study</>Kuan Ken Lee,  et al<source>Lancet Glob Health</>2020 Nov; 8(11): e1427-e1434.<link>https://www.ncbi.nlm.nih.gov/pmc/articles/PMC7564377/</></>",,,,,,,,,,,,,,,,,,,,,,,,,,,,,15500000.0,meta-analysis,mixed global studies,
,,,,,lung_disease_mortality,,,,,,,,,dependency_priors,lung_disease_mortality_yes,0.2,lung_disease_mortality_no,0.8,,,,,,,,,,,,,,,,,,,,,,,,,,,,,,,,,,,,,,,,,
,,,,,,,,,,,,,,,,,,,,,,,,,,,,,,,,,,,,,,,,,,,,,,,,,,,,,,,,,,,
,,,,,copd,copd_naive,copd_yes,,,,,,,equivalent_to,,,,,,,,,,,,,,,,,,,,,,,,,,,,,,,,,,,,,,,,,,,,,
,,1.7,0.23,RR,copd,household_pollution,household_pollution_yes,,,,,1.7,0.2299999999999999,,,,,,,,,,,,,,"<science><title>Adverse health effects associated with household air pollution: a systematic review, meta-analysis, and burden estimation study</>Kuan Ken Lee,  et al<source>Lancet Glob Health</>2020 Nov; 8(11): e1427-e1434.<link>https://www.ncbi.nlm.nih.gov/pmc/articles/PMC7564377/</></>",,,,,,,,,,,,,,,,,,,,,,,,,,,,,15500000.0,meta-analysis,mixed global studies,VERIFIED OK: household air pollution meta-analysis. PMID:33069303
,,3.51,0.46,RR,copd,smoked_100_cigarettes,smoked_100_cigarettes_yes,,,,,,,,,,,,,,,,,,,,"https://pubmed.ncbi.nlm.nih.gov/21672193/ - Forey et al 2011 BMC Pulm Med - current smoking vs never → COPD incidence meta, RR 3.51 (95%CI 3.08-3.99). 2-of-2 quorum.",[2026-05-10 cycle 4: 2-of-2 quorum applied],,,,,,,,,,,,,,,,,,,,,,,,,,,,,,,
,,,,,copd,,,,,,,,,dependency_nhanes_explicit,copd_yes,1,copd_no,2,,,,,,,MCQ160O,,,,,,,,,,,,,,,,,,,,,,,,,,,,,,,,,,
,,,,,,,,,,,,,,,,,,,,,,,,,,,,,,,,,,,,,,,,,,,,,,,,,,,,,,,,,,,
,,,,,,,,,,,,,,,,,,,,,,,,,,,,,,,,,,,,,,,,,,,,,,,,,,,,,,,,,,,
,,,,,interleukin6_pg_mL,il6_diet,il6_diet_no,,,,,,,distal,,,,,,,,,,,,,,,,,,,,,,,,,,,,,,,,,,,,,,,,,,,,,
0.25,,0.9,0.42,SMD,interleukin6_pg_mL,copd,copd_yes,,,,,2.5182941397583587,0.7471003055885457,,,,,,,,,,,,,,"<science><title>Inflammatory Markers and the Risk of Chronic Obstructive Pulmonary Disease: A Systematic Review and Meta-Analysis</>Bin Su, Tiansheng Liu,Haojun Fan,Feng Chen,Hui Ding,Zhouwei Wu,Hongwu Wang,and Shike Hou Hong-Long (James) Ji<source>PLoS One</>2016; 11(4): e0150586<link>https://www.ncbi.nlm.nih.gov/pmc/articles/PMC4841528/</></>",,,,,,,,,,,,,,,,,,,,,,,,,,,,,39337.0,meta-analysis,"24 observational studies, 10,677 COPD + 28,660 controls","FIXED P0: was 0.103, corrected to 0.2500 (output NHANES prior)"
,,1.176470588235294,0.065359477124183,RR,interleukin6_pg_mL,vitamin_C_mg_dL,vitamin_C_mg_dL_low_below_0.6,,,,,1.176470588235294,0.065359477124183,,,,,,,,,,,,,,"<science><title>Vitamin C reduces interleukin-6 plasma concentration: a systematic review and meta-analysis of randomized clinical trials</>Gholizadeha, et al<source>Clinical Nutrition</>40 (2021) 1e14<link>https://www.clinicalnutritionopenscience.com/article/S2667-2685%2821%2900035-8/fulltext</></>",,,,,,,,,,,,,,,,,,,,,,,,,,,,,24.0,meta-analysis,meta-analysis of RCTs,
0.25,,0.94,0.58,SMD,interleukin6_pg_mL,ptsd,ptsd_yes,,,,,2.5851753254678647,1.0248899032595105,,,,,,,,,,,,,,<science><title>Inflammatory and oxidative stress markers in post-traumatic stress disorder: a systematic review and meta-analysis</>Tatiana Lauxen Peruzzolo et al<source>Mol Psychiatrys</>2022 Apr 27<link>https://pubmed.ncbi.nlm.nih.gov/35477973/</></>,,,,,,,,,,,,,,,,,,,,,,,,,,,,,8394.0,meta-analysis,"meta-analysis, PTSD patients","FIXED P0: was 0.036, corrected to 0.2500 (output NHANES prior)"
,,,,,interleukin6_pg_mL,,,,,,,,,dependency_priors,interleukin6_pg_mL_quartile_4_above_2.28,0.25,interleukin6_pg_mL_quartile_4_above_2.28_not,0.75,,,,,,,,,,https://www.ahajournals.org/doi/10.1161/01.CIR.101.15.1767,,,,,,,,,,,,,,,,,,,,,,,,,,,,,,,
,,,,,,,,,,,,,,,,,,,,,,,,,,,,,,,,,,,,,,,,,,,,,,,,,,,,,,,,,,,
,,,,,,,,,,,,,,,,,,,,,,,,,,,,,,,,,,,,,,,,,,,,,,,,,,,,,,,,,,,
,,,,,,,,,,,,,,,,,,,,,,,,,,,,,,,,,,,,,,,,,,,,,,,,,,,,,,,,,,,
,,,,,,,,,,,,,,,,,,,,,,,,,,,,,,,,,,,,,,,,,,,,,,,,,,,,,,,,,,,
,,,,,,,,,,,,,,,,,,,,,,,,,,,,,,,,,,,,,,,,,,,,,,,,,,,,,,,,,,,
0.025,,,,,tnf_alpha_pg_mL,dietary_restriction,dietary_restriction_yes,,,,,,,,,,,,,,,,,,,,https://pubmed.ncbi.nlm.nih.gov/35143297/ - Spadaro 2022 CALERIE caloric restriction,"[cycle10 C1 Apr29] Blanked Stat/StatValue (orig SMD=-2.19 ±0.538, converted RR=0.0195). Reason: SMD=-2.19 from Spadaro 2022 is implausible vs other dietary-intervention SMDs (cf. row 896 low_calorie_diet SMD=-0.3); converted RR≈0.02 forces QP to a region incompatible with simplex bounds at P0=0.025, causing model to clamp all 3 tnf_alpha rows near 1.0. Removing this row preserves the structural edge while letting NHANES marginals close the system. [2026-05-10 fake PMID 10061495 removed; row kept for network structure; needs real citation]",,,,,,,,,,,,,,,,,,,,,,,,,,,,218.0,unknown,CALERIE RCT,"FIXED P0: was 0.01, corrected to 0.0250 (output NHANES prior)"
0.025,,-0.3,0.39,SMD,tnf_alpha_pg_mL,low_calorie_diet,low_calorie_diet_yes,,,,,0.5871530166463609,0.2951261998979273,,,,,,,,,,,,,,https://pubmed.ncbi.nlm.nih.gov/27410480/ - Meydani 2016: Long-term moderate calorie restriction inhibits inflammation without impairing cell-mediated immunit,[2026-05-10 PMID extracted from <science><title> wrapper via quorum agent; both A+B agree],,,,,,,,,,,,,,,,,,,,,,,,,,,,218.0,RCT,"CALERIE trial, healthy non-obese 20-50y","FIXED P0: was 0.003, corrected to 0.0250 (output NHANES prior)"
0.025,,,,,tnf_alpha_pg_mL,ptsd,ptsd_no,,,,,,,,,,,,,,,,,,,,<science><title>Inflammatory and oxidative stress markers in post-traumatic stress disorder: a systematic review and meta-analysis</>Tatiana Lauxen Peruzzolo et al<source>Mol Psychiatrys</>2022 Apr 27<link>https://pubmed.ncbi.nlm.nih.gov/35477973/</></>,"[c11→c12 SUBNET-FIX tnf_alpha M7] Blanked. Reason: same mechanism as C1 (dietary_restriction). SMD=-0.89 at P0=0.025 → RR=0.20 (98% reduction in high TNF) is implausible at simplex bounds; QP clamps at 0.87, 327% off literature. Original {'Stat': 'SMD', 'Stat Value': -0.89, 'Plus minus': 0.66, 'RR Stat Value': 0.2037849845118288, 'RR plus minus': 0.1418538144608616, 'control probability (needed if or,hr,smd, es, or wmd)': 0.025}. Per Peruzzolo 2022 meta-analysis the PTSD-TNFα link is real but SMD-to-RR conversion at 2.5% control rate produces unfittable cell values. Removing this row leaves low_calorie_diet to constrain tnf_alpha (the only sensible row).",,,,,,,,,,,,,,,,,,,,,,,,,,,,8394.0,meta-analysis,"meta-analysis, PTSD patients","FIXED P0: was 0.036, corrected to 0.0250 (output NHANES prior)"
,,,,,tnf_alpha_pg_mL,,,,,,,,,dependency_priors,tnf_alpha_pg_mL_high_above_7.23,0.025,tnf_alpha_pg_mL_normal_7.23_and_below,0.975,,,,,,,,,,https://www.ncbi.nlm.nih.gov/pmc/articles/PMC6236996/,,,,,,,,,,,,,,,,,,,,,,,,,,,,,,,
,,,,,,,,,,,,,,,,,,,,,,,,,,,,,,,,,,,,,,,,,,,,,,,,,,,,,,,,,,,
0.09,,1.08,0.27,HR,cardiovascular_hallmarks,tnf_alpha_pg_mL,tnf_alpha_pg_mL_high_above_7.23,,,,,1.0759997965073185,0.2588141267348409,cardiovascular_mortality,,,,,,,,,,,,,https://pubmed.ncbi.nlm.nih.gov/32732919/ - Hirata 2020: Associations of cardiovascular biomarkers and plasma albumin with exceptional survival to the highes,"CV-specific inflammaging marker. For general mortality: ERFC 2010 (Lancet, n=160,309) CRP per-SD RR=1.55 (1.37-1.76). GlycA Q4 vs Q1 HR=1.74 (Gruppen 2019, n=63,180). [2026-05-10 PMID extracted from <science><title> wrapper via quorum agent; both A+B agree]",,,,,,,,,,,,,,,,,,,,,,,,,,,,1427.0,unknown,Leiden Longevity Study,
0.09,,1.33,0.31,HR,cardiovascular_hallmarks,interleukin6_pg_mL,interleukin6_pg_mL_quartile_4_above_2.28,,,,,1.3098368393427289,0.2907830995213756,cardiovascular_mortality,,,,,,,,,,,,,https://pubmed.ncbi.nlm.nih.gov/32732919/ - Hirata 2020: Associations of cardiovascular biomarkers and plasma albumin with exceptional survival to the highes,"Tylutka 2024 (Front Immunol, 22 studies, n=33,539) confirms IL-6 as best single inflammaging marker: SMD=0.16 (0.12-0.19). TNF-alpha not significant. [2026-05-10 PMID extracted from <science><title> wrapper via quorum agent; both A+B agree]",,,,,,,,,,,,,,,,,,,,,,,,,,,,1427.0,unknown,Leiden Longevity Study,
0.25,,2.09,0.58,RR,cardiovascular_hallmarks,mtDNA_copy_number,mtDNA_copy_number_quartile_1_below_120,,,,,2.09,0.5800000000000001,cardiovascular_mortality,,,,,,,,,,,,,"<science><title>Mitochondrial DNA copy number and risk of cardiovascular disease and all-cause mortality</><>Fu L, et al<source>QJM</>2025;118(1):5-15<link>https://pubmed.ncbi.nlm.nih.gov/39607770/</></>","FIXED: was OR=1.83 (single study). Replaced with Fu 2025 meta-analysis (12 CVD studies, n=344,509). Lowest vs highest mtDNA-CN: CVD RR=2.09 (1.59-2.75). ACM: RR=1.33 (1.21-1.47, 9 studies, n=103,582, I²=15.9%).",,,,,,,,,,,,,,,,,,,,,,,,,,,,8252.0,meta-analysis,"meta-analysis, cardiovascular",
,,,,,cardiovascular_hallmarks,,,,,,,,,any_of,cardiovascular_hallmarks_yes,,cardiovascular_hallmarks_no,,,,,,,,,,,,,,,,,,,,,,,,,,,,,,,,,,,,,,,,,,
,,,,,,,,,,,,,,,,,,,,,,,,,,,,,,,,,,,,,,,,,,,,,,,,,,,,,,,,,,,
,,,,,,,,,,,,,,,,,,,,,,,,,,,,,,,,,,,,,,,,,,,,,,,,,,,,,,,,,,,
,,,,,cardiovascular_biomarkers,cardiovascular_hallmarks,cardiovascular_hallmarks_yes,,,,,,,cardiovascular_mortality,,,,,,,,,,,,,,,,,,,,,,,,,,,,,,,,,,,,,,,,,,,,,
,,1.08,0.09,RR,cardiovascular_biomarkers,resting_heart_rate_bpm,resting_heart_rate_bpm_high_80_to_90,,,,,1.08,0.0899999999999999,cardiovascular_mortality,,,,,,,,,,,,,"<science><title>Resting heart rate and all-cause and cardiovascular mortality in the general population: a meta-analysis</>Dongfeng Zhang, Xiaoli Shen, Xin Qi<source>CMAJ</>2016 Feb 16;188(3):E53-E63<link>https://pubmed.ncbi.nlm.nih.gov/26598376/</></>",,,,,,,,,,,,,,,,,,,,,,,,,,,,,320.0,meta-analysis,prospective cohort studies,
,,1.33,0.14,RR,cardiovascular_biomarkers,heart_rate_anomaly,resting_heart_rate_bpm_very_high_91_and_above,,,,,1.33,0.1400000000000001,cardiovascular_mortality,,,,,,,,,,,,,"<science><title>Resting heart rate and all-cause and cardiovascular mortality in the general population: a meta-analysis</>Dongfeng Zhang, Xiaoli Shen, Xin Qi<source>CMAJ</>2016 Feb 16;188(3):E53-E63<link>https://pubmed.ncbi.nlm.nih.gov/26598376/</></>",,,,,,,,,,,,,,,,,,,,,,,,,,,,,320.0,meta-analysis,prospective cohort studies,
,,,,,cardiovascular_biomarkers,cv_high_cholesterol,high_cholesterol_yes,,,,,,,cardiovascular_mortality,,,,,,,,,,,,,"<science><title>Blood cholesterol and vascular mortality by age, sex, and blood pressure: a meta-analysis of individual data from 61 prospective studies with 55,000 vascular deaths</>Sarah Lewington, Gary Whitlock, Robert Clarke, Paul Sherliker, Jonathan Emberson, Jim Halsey, Nawab Qizilbash, Richard Peto, Rory Collins<source>Lancet</>2007 Dec 1;370(9602):1829-39<link>https://pubmed.ncbi.nlm.nih.gov/18061058/</></>",,,,,,,,,,,,,,,,,,,,,,,,,,,,,900000.0,meta-analysis,"prospective cohort, large population",
,,,,,cardiovascular_biomarkers,cv_elevated_cholesterol,elevated_cholesterol_yes,,,,,,,cardiovascular_mortality,,,,,,,,,,,,,"<science><title>Blood cholesterol and vascular mortality by age, sex, and blood pressure: a meta-analysis of individual data from 61 prospective studies with 55,000 vascular deaths</>Sarah Lewington, Gary Whitlock, Robert Clarke, Paul Sherliker, Jonathan Emberson, Jim Halsey, Nawab Qizilbash, Richard Peto, Rory Collins<source>Lancet</>2007 Dec 1;370(9602):1829-39<link>https://pubmed.ncbi.nlm.nih.gov/18061058/</></>",,,,,,,,,,,,,,,,,,,,,,,,,,,,,900000.0,meta-analysis,"prospective cohort, large population",
,,,,,cardiovascular_biomarkers,,,,,,,,,any_of,cardiovascular_biomarkers_yes,,cardiovascular_biomarkers_no,,,,,,,,,,,,,,,,,,,,,,,,,,,,,,,,,,,,,,,,,,
,,,,,,,,,,,,,,,,,,,,,,,,,,,,,,,,,,,,,,,,,,,,,,,,,,,,,,,,,,,
0.32,,1.18,0.02,HR,cardiovascular_mortality,diabetes,diabetes_yes,,,,,1.1425121302789842,0.0153505490027587,,,,,,,,,,,,,,https://pubmed.ncbi.nlm.nih.gov/30776949/ - Raghavan 2019: Diabetes Mellitus-Related All-Cause and Cardiovascular Mortality in a National Cohort of Adults,[2026-05-10 PMID extracted from <science><title> wrapper via quorum agent; both A+B agree],,,,,,,,,,,,,,,,,,,,,,,,,,,,26269.0,cohort,prospective cohort,"FIXED P0: was 0.0142, corrected to 0.3200 (output NHANES prior)"
,,,,,cardiovascular_mortality,cardiovascular_biomarkers,cardiovascular_biomarkers_yes,,,,,,,distal,,,,,,,,,,,,,,,,,,,,,,,,,,,,,,,,,,,,,,,,,,,,,
,,,,,cardiovascular_mortality,cardiovascular_behavior,cardiovascular_behavior_yes,,,,,,,distal,,,,,,,,,,,,,,,,,,,,,,,,,,,,,,,,,,,,,,,,,,,,,
,,,,,cardiovascular_mortality,cardiovascular_diet,cardiovascular_diet_poor,,,,,,,distal,,,,,,,,,,,,,,,,,,,,,,,,,,,,,,,,,,,,,,,,,,,,,
,,,,,cardiovascular_mortality,,,,,,,,,dependency_priors,cardiovascular_mortality_yes,0.32,cardiovascular_mortality_no,0.6799999999999999,,,,,,,,,,,,,,,,,,,,,,,,,,,,,,,,,,,,,,,,,
,,,,,,,,,,,,,,,,,,,,,,,,,,,,,,,,,,,,,,,,,,,,,,,,,,,,,,,,,,,
,,,,,heart_disease_mortality,cardiovascular_mortality,cardiovascular_mortality_yes,,,,,,,subsumes,,,,,,,,,,,,,,,,,,,,,,,,,,,,,,,,,,,,,,,,,,,,,
,,1.54,0.265,RR,heart_disease_mortality,hallmark_2_telomere_attrition_telomere_length_rtl,hallmark_2_telomere_attrition_telomere_length_rtl_below_.93,,,,,1.54,0.2650000000000001,,,,,,,,,,,,,,"<science><title>Leucocyte telomere length and risk of cardiovascular disease: systematic review and meta-analysis</><>Haycock PC, Heydon EE, Kaptoge S, Butterworth AS, Thompson A, Willeit P<source>BMJ</>2014;349:g4227<link>https://pubmed.ncbi.nlm.nih.gov/25006006/</></> [PMID 25006006; propagated from row-match via audit]","FIXED: was RR=3.18 from Cawthon 2003 (n=143, elderly Utah). Replaced with Haycock 2014 BMJ meta-analysis (24 studies, n=43725). RR=1.54 (1.30-1.83) shortest vs longest telomere tertile for CHD.",,,,,,,,,,,,,,,,,,,,,,,,,,,,2917.0,unknown,meta-analysis,FIXED: pm 1.82->3.045. telomere->heart_mort HR=3.18(1.36-7.45). Verified vs PMID:12573379
,,1.408450704225352,0.2590254168690305,RR,heart_disease_mortality,vegetarian,vegetarian_no,,,,,1.408450704225352,0.2590254168690304,,,,,,,,,,,,,,"<science><title>Cardiovascular disease mortality and cancer incidence in vegetarians: a meta-analysis and systematic review</>Huang, T., Yang, B., Zheng, J., Li, G., Wahlqvist, M. L., & Li, D<source>Annals of Nutrition and Metabolism</>2009 201360(4), 233-240<link>https://pubmed.ncbi.nlm.nih.gov/22677895/</></>",,,,,,,,,,,,,,,,,,,,,,,,,,,,,124706.0,meta-analysis,prospective cohort studies,
,,,,,heart_disease_mortality,,,,,,,,,dependency_priors,heart_disease_mortality_yes,0.16,heart_disease_mortality_no,0.84,,,,,,,,,,,,,,,,,,,,,,,,,,,,,,,,,,,,,,,,,
,,,,,,,,,,,,,,,,,,,,,,,,,,,,,,,,,,,,,,,,,,,,,,,,,,,,,,,,,,,
,,,,,,,,,,,,,,,,,,,,,,,,,,,,,,,,,,,,,,,,,,,,,,,,,,,,,,,,,,,
,,,,,fatal_myocardial_infraction,heart_disease_mortality,heart_disease_mortality_yes,,,,,,,subsumes,,,,,,,,,,,,,,,,,,,,,,,,,,,,,,,,,,,,,,,,,,,,,
,,1.204819277108434,0.0937081659973226,RR,fatal_myocardial_infraction,dietary_fiber_gm,dietary_fiber_gm_quartile_1,,,,,1.204819277108434,0.0937081659973226,,,,,,,,,,,,,,"<science><title>Association between dietary fiber intake and risk of coronary heart disease: A meta-analysis</>Yihua Wu, Yufeng Qian, Yiwen Pan, Peiwei Li, Jun Yang, Xianhua Ye, Geng Xu<source>Clin Nutr</>2015 Aug;34(4):603-114.<link>https://pubmed.ncbi.nlm.nih.gov/24929874/</></>",,,,,,,,,,,,,,,,,,,,,,,,,,,,,672408.0,meta-analysis,"meta-analysis, prospective",
,,1.13,0.07,RR,fatal_myocardial_infraction,smokeless_tobacco_use,smokeless_tobacco_use_yes,,,,,1.13,0.07,,,,,,,,,,,,,,https://pubmed.ncbi.nlm.nih.gov/19690343/ - Boffetta 2009 BMJ smokeless-tobacco MI/stroke meta (fatal MI RR 1.13),[fix] input ever_vaped -> smokeless_tobacco_use to match the cited Rostron/Hajat/Boffetta smokeless-tobacco meta-analyses. Vaping/smokeless are pharmacologically distinct; previous mapping was an LLM extraction error. Original comment: (none) [2026-05-10 fake PMID 2728803 removed; row kept for network structure; needs real citation],,,,,,,,,,,,,,,,,,,,,,,,,,,,11.0,meta-analysis,meta-analysis,
,,,,,fatal_myocardial_infraction,,,,,,,,,dependency_priors,fatal_myocardial_infraction_yes,0.1,fatal_myocardial_infraction_no,0.9,,,,,,,,,,,,,,,,,,,,,,,,,,,,,,,,,,,,,,,,,
,,,,,,,,,,,,,,,,,,,,,,,,,,,,,,,,,,,,,,,,,,,,,,,,,,,,,,,,,,,
,,,,,fatal_stroke,stroke,stroke_yes,,,,,,,subsumes,,,,,,,,,,,,,,,,,,,,,,,,,,,,,,,,,,,,,,,,,,,,,
,,,,,fatal_stroke,cardiovascular_mortality,cardiovascular_mortality_yes,,,,,,,subsumes,,,,,,,,,,,,,,,,,,,,,,,,,,,,,,,,,,,,,,,,,,,,,
,,1.136363636363636,0.1929674099485422,RR,fatal_stroke,vegetarian,vegetarian_no,,,,,1.136363636363636,0.1929674099485422,,,,,,,,,,,,,,"<science><title>Cardiovascular disease mortality and cancer incidence in vegetarians: a meta-analysis and systematic review</>Huang, T., Yang, B., Zheng, J., Li, G., Wahlqvist, M. L., & Li, D<source>Annals of Nutrition and Metabolism</>2009 201360(4), 233-240<link>https://pubmed.ncbi.nlm.nih.gov/22677895/</></>",,,,,,,,,,,,,,,,,,,,,,,,,,,,,124706.0,meta-analysis,prospective cohort studies,
,,,,,fatal_stroke,,,,,,,,,,,,,,,,,,,,,,"<science><title>Use of smokeless tobacco and risk of myocardial infarction and stroke: systematic review with meta-analysis</>Paolo Boffetta, epidemiologist and Kurt Straif, epidemiologist<source>BMJ</>2009; 339: b3060<link>https://www.ncbi.nlm.nih.gov/pmc/articles/PMC2728803/</></>",[test] ever_vaped blanked,,,,,,,,,,,,,,,,,,,,,,,,,,,,11.0,meta-analysis,meta-analysis,
,,,,,fatal_stroke,,,,,,,,,dependency_priors,fatal_stroke_yes,0.000831218,fatal_stroke_no,0.999168782,,,,,,,,,,,,,,,,,,,,,,,,,,,,,,,,,,,,,,,,,
,,,,,,,,,,,,,,,,,,,,,,,,,,,,,,,,,,,,,,,,,,,,,,,,,,,,,,,,,,,
,,,,,,,,,,,,,,,,,,,,,,,,,,,,,,,,,,,,,,,,,,,,,,,,,,,,,,,,,,,
,,,,,,,,,,,,,,,,,,,,,,,,,,,,,,,,,,,,,,,,,,,,,,,,,,,,,,,,,,,
,,,,,,,,,,,,,,,,,,,,,,,,,,,,,,,,,,,,,,,,,,,,,,,,,,,,,,,,,,,
,,,,,,,,,,,,,,,,,,,,,,,,,,,,,,,,,,,,,,,,,,,,,,,,,,,,,,,,,,,
,,,,,,,,,,,,,,,,,,,,,,,,,,,,,,,,,,,,,,,,,,,,,,,,,,,,,,,,,,,
,,,,,,,,,,,,,,,,,,,,,,,,,,,,,,,,,,,,,,,,,,,,,,,,,,,,,,,,,,,
,,,,,,,,,,,,,,,,,,,,,,,,,,,,,,,,,,,,,,,,,,,,,,,,,,,,,,,,,,,
,,,,,,,,,,,,,,,,,,,,,,,,,,,,,,,,,,,,,,,,,,,,,,,,,,,,,,,,,,,
,,,,,,,,,,,,,,,,,,,,,,,,,,,,,,,,,,,,,,,,,,,,,,,,,,,,,,,,,,,
,,,,,,,,,,,,,,,,,,,,,,,,,,,,,,,,,,,,,,,,,,,,,,,,,,,,,,,,,,,
,,,,,,,,,,,,,,,,,,,,,,,,,,,,,,,,,,,,,,,,,,,,,,,,,,,,,,,,,,,
,,,,,,,,,,,,,,,,,,,,,,,,,,,,,,,,,,,,,,,,,,,,,,,,,,,,,,,,,,,
,,,,,,,,,,,,,,,,,,,,,,,,,,,,,,,,,,,,,,,,,,,,,,,,,,,,,,,,,,,
,,,,,,,,,,,,,,,,,,,,,,,,,,,,,,,,,,,,,,,,,,,,,,,,,,,,,,,,,,,
,,,,,,,,,,,,,,,,,,,,,,,,,,,,,,,,,,,,,,,,,,,,,,,,,,,,,,,,,,,
,,,,,asthma,asthma_attack_last_year,asthma_attack_last_year_yes,,,,,,,equivalent_to,,,,,,,,,,,,,,,,,,,,,,,,,,,,,,,,,,,,,,,,,,,,,
,,1.23,0.12,RR,asthma,household_pollution,household_pollution_yes,,,,,1.23,0.1200000000000001,,,,,,,,,,,,,,"<science><title>Adverse health effects associated with household air pollution: a systematic review, meta-analysis, and burden estimation study</>Kuan Ken Lee,  et al<source>Lancet Glob Health</>2020 Nov; 8(11): e1427-e1434.<link>https://www.ncbi.nlm.nih.gov/pmc/articles/PMC7564377/</></>",,,,,,,,,,,,,,,,,,,,,,,,,,,,,15500000.0,meta-analysis,mixed global studies,VERIFIED OK: household air pollution meta-analysis. PMID:33069303
,,1.31,0.16,OR,asthma,eosinophils_percent,eosinophils_percent_high_above_4,,,,,,,,,,,,,,,,,,,,https://pubmed.ncbi.nlm.nih.gov/33135257/ - Mallah et al 2021 Pediatr Allergy Immunol - eosinophils ≥200 cells/μL OR=1.31 (95%CI 1.16-1.49) for asthma exacerbation,[2026-05-10 quorum-verified A+B; replaces deleted iter#1-4 fake-cite row],,,,,,,,,,,,,,,,,,,,,,,,,,,,,,,
,,1.43,0.17,RR,asthma,depression,depression_yes,,,,,,,,,,,,,,,,,,,,"https://pubmed.ncbi.nlm.nih.gov/26197472/ - Gao et al 2015 PLoS One - depression → adult-onset asthma RR=1.43 (95%CI 1.28-1.61), 83.7k participants, 6 prospective studies",[2026-05-10 quorum-verified A+B; replaces deleted iter#1-4 fake-cite row],,,,,,,,,,,,,,,,,,,,,,,,,,,,,,,
,,1.61,0.34,RR,asthma,smoked_100_cigarettes,smoked_100_cigarettes_yes,,,,,,,,,,,,,,,,,,,,"https://pubmed.ncbi.nlm.nih.gov/27102185/ - Jayes et al 2016 Chest SmokeHaz - adult smokers asthma RR=1.61 (95%CI 1.07-2.42), 8 longitudinal studies",[2026-05-10 user-approved disagreement-resolution pick; replaces deleted iter#1-4 fake-cite row],,,,,,,,,,,,,,,,,,,,,,,,,,,,,,,
,,1.51,0.27,OR,asthma,bmi_naive,bmi_30_to_39_obesity,,,,,,,,,,,,,,,,,,,,"https://pubmed.ncbi.nlm.nih.gov/17234901/ - Beuther & Sutherland 2007 Am J Respir Crit Care Med - obese/overweight OR=1.51 (95%CI 1.27-1.80); 7 prospective studies, 333k subjects",[2026-05-10 user-approved disagreement-resolution pick; replaces deleted iter#1-4 fake-cite row],,,,,,,,,,,,,,,,,,,,,,,,,,,,,,,
,,,,,asthma,,,,,,,,,dependency_nhanes_explicit,asthma_yes,1,asthma_no,2,,,,,,,MCQ040,,,,,,,,,,,,,,,,,,,,,,,,,,,,,,,,,,
,,,,,,,,,,,,,,,,,,,,,,,,,,,,,,,,,,,,,,,,,,,,,,,,,,,,,,,,,,,
,,,,,alanine_aminotransferase_U_L,liver_condition,,,,,,,,naive_0_nhanes_explicit,alanine_aminotransferase_U_L_high_above_36,37-1000,alanine_aminotransferase_U_L_medium_4_to_36,4-36,alanine_aminotransferase_U_L_low_below_4,0-3,,,,,LBXSATSI,,,,,,,,,,,,,,,,,,,,,,,,,,,,,,,,,,
,,,,,alkaline_phosphatase_IU_L,liver_condition,,,,,,,,naive_0_nhanes_explicit,alkaline_phosphatase_IU_L_high_above_147,148-1000,alkaline_phosphatase_IU_L_normal_147_to_44,44-147,alkaline_phosphatase_IU_L_low_below_44,0-43,,,,,LBXSAPSI,,,,,,,,,,,,,,,,,,,,,,,,,,,,,,,,,,
,,,,,liver_disorders,liver_condition,,,,,,,,naive_0_nhanes_explicit,liver_disorders_yes,1,liver_disorders_no,2,,,,,,,MCQ160L,,,,,,,,,,,,,,,,,,,,,,,,,,,,,,,,,,
,,,,,aspartate_aminotransferase_U_L_naive,,,,,,,,,naive_0_nhanes_explicit,aspartate_aminotransferase_U_L_high_above_33,34-1000,aspartate_aminotransferase_U_L_normal_8_to_33,8-33,aspartate_aminotransferase_U_L_low_below_8,0-7,,,,,LBXSASSI,,,"[2026-05-13 naive_0 guard-3 removal cycle] Blanked input column (was 'liver_condition'). Leaf aspartate_aminotransferase_U_L_naive is the input of an equivalent_to row, so a parent-conditional CPT here would create a triple-constraint conflict with the equivalent_to mapping + the wrapper's dep_nhanes_explicit marginal. The dependency.py guard (3) was silently demoting this to discrete priors anyway; making the CSV honest about that.",,,,,,,,,,,,,,,,,,,,,,,,,,,,,,,
,,,,,bilirubin_mg_dL,liver_condition,,,,,,,,naive_0_nhanes_explicit,bilirubin_mg_dL_0.6_and_above,.6-1000,bilirubin_mg_dL_0.4_to_0.5,.4-.59,bilirubin_mg_dL_0.3,.21-.39,bilirubin_mg_dL_below_0.2,0-.2,,,LBXSTB,,,,,,,,,,,,,,,,,,,,,,,,,,,,,,,,,,
,,,,,gamma_glutamyl_transferase_U_L_naive,,,,,,,,,naive_0_nhanes_explicit,gamma_glutamyl_transferase_U_L_high_30_and_above,30-1000,gamma_glutamyl_transferase_U_L_normal_10_to_29,10-29,gamma_glutamyl_transferase_U_L_low_below_10,0-9,,,,,LBXSGTSI,,,"[2026-05-13 naive_0 guard-3 removal cycle] Blanked input column (was 'liver_condition'). Leaf gamma_glutamyl_transferase_U_L_naive is the input of an equivalent_to row, so a parent-conditional CPT here would create a triple-constraint conflict with the equivalent_to mapping + the wrapper's dep_nhanes_explicit marginal. The dependency.py guard (3) was silently demoting this to discrete priors anyway; making the CSV honest about that.",,,,,,,,,,,,,,,,,,,,,,,,,,,,,,,
,,,,,non_alcoholic_fatty_liver_disease,,,,,,,,,naive_0_nhanes_explicit,non_alcoholic_fatty_liver_disease_yes,1,non_alcoholic_fatty_liver_disease_no,"0,2-76,missing",,,,,,,MCQ510A,,,[2026-05-13 naive_0 guard-2 removal cycle] Blanked input column (was 'liver_condition'). Leaf non_alcoholic_fatty_liver_disease is the input of 3 downstream study row(s) - an empirical P(leaf|parent) CPT would compete with the literature RR. The dependency.py guard (2) was silently demoting this to discrete priors anyway. Making the CSV honest.,,,,,,,,,,,,,,,,,,,,,,,,,,,,,,,
,,,,,liver_condition,,,,,,,,,discrete_nhanes_explicit,liver_condition_yes,1,liver_condition_no,2,,,,,,,MCQ500,,,,,,,,,,,,,,,,,,,,,,,,,,,,,,,,,,
,,,,,,,,,,,,,,,,,,,,,,,,,,,,,,,,,,,,,,,,,,,,,,,,,,,,,,,,,,,
0.2259382319298437,,,,,gamma_glutamyl_transferase_U_L,probiotic_supplementation,probiotic_supplementation_no,,,,,,,,,,,,,,,,,,,,"https://pubmed.ncbi.nlm.nih.gov/31263284/ - Depommier et al 2019 Nat Med, Akkermansia muciniphila supplementation RCT","[c11→c12 SUBNET-FIX gamma_glutamyl_transferase_U_L] Blanked Stat fields. Reason: M7 implausible single-trial SMD scaling. Source = Depommier 2019 Akkermansia muciniphila proof-of-concept (n=32 RCT, NOT meta-analysis). Original {'Stat': 'SMD', 'Stat Value': 1.12, 'Plus minus': 0.76, 'RR Stat Value': 3.049848961634637, 'RR plus minus': 1.461003603727536}. Per-trial SMDs 0.77-1.12 at n=32 are high-variance single-trial estimates that wouldn't replicate; converted RR>3 forces QP into corners. Direction (probiotic_no → enzymes up) is plausible but magnitude implausible. Removing this row preserves the structural edge while letting NHANES marginals close the system.",,,,,,,,,,,,,,,,,,,,,,,,,,,,40.0,unknown,"overweight/obese, RCT",
,,,,,gamma_glutamyl_transferase_U_L,gamma_glutamyl_transferase_U_L_naive,gamma_glutamyl_transferase_U_L_high_30_and_above,,,,,,,equivalent_to,,,,,,,,,,,,,,,,,,,,,,,,,,,,,,,,,,,,,,,,,,,,,
,,,,,gamma_glutamyl_transferase_U_L,,,,,,,,,dependency_nhanes_explicit,gamma_glutamyl_transferase_U_L_high_30_and_above,30-1000,gamma_glutamyl_transferase_U_L_high_30_and_above_not,0-29.999,,,,,,,LBXSGTSI,,,,,,,,,,,,,,,,,,,,,,,,,,,,,,,,,,
,,,,,,,,,,,,,,,,,,,,,,,,,,,,,,,,,,,,,,,,,,,,,,,,,,,,,,,,,,,
0.095495421732782,,,,,aspartate_aminotransferase_U_L,probiotic_supplementation,probiotic_supplementation_no,,,,,,,,,,,,,,,,,,,,https://pubmed.ncbi.nlm.nih.gov/31263284/ - Depommier 2019: Supplementation with Akkermansia muciniphila in overweight and obese human volunteers: a proof-of-co,"[c11→c12 SUBNET-FIX aspartate_aminotransferase_U_L] Blanked Stat fields. Reason: M7 implausible single-trial SMD scaling. Source = Depommier 2019 Akkermansia muciniphila proof-of-concept (n=32 RCT, NOT meta-analysis). Original {'Stat': 'SMD', 'Stat Value': 0.77, 'Plus minus': 0.72, 'RR Stat Value': 3.125457652695176, 'RR plus minus': 2.040549648207407}. Per-trial SMDs 0.77-1.12 at n=32 are high-variance single-trial estimates that wouldn't replicate; converted RR>3 forces QP into corners. Direction (probiotic_no → enzymes up) is plausible but magnitude implausible. Removing this row preserves the structural edge while letting NHANES marginals close the system. [2026-05-10 PMID extracted from <science><title> wrapper via quorum agent; both A+B agree]",,,,,,,,,,,,,,,,,,,,,,,,,,,,40.0,unknown,"overweight/obese, RCT",
,,,,,aspartate_aminotransferase_U_L,aspartate_aminotransferase_U_L_naive,aspartate_aminotransferase_U_L_high_above_33,,,,,,,equivalent_to,,,,,,,,,,,,,,,,,,,,,,,,,,,,,,,,,,,,,,,,,,,,,
,,,,,aspartate_aminotransferase_U_L,,,,,,,,,dependency_nhanes_explicit,aspartate_aminotransferase_U_L_high_above_33,34-1000,aspartate_aminotransferase_U_L_high_above_33_not,0-33.999,,,,,,,LBXSASSI,,,,,,,,,,,,,,,,,,,,,,,,,,,,,,,,,,
,,,,,,,,,,,,,,,,,,,,,,,,,,,,,,,,,,,,,,,,,,,,,,,,,,,,,,,,,,,
,,,,,non_alcoholic_steatohepatitis,non_alcoholic_fatty_liver_disease,non_alcoholic_fatty_liver_disease_yes,,,,,,,subsumes,,,,,,,,,,,,,,,,,,,,,,,,,,,,,,,,,,,,,,,,,,,,,
,,,,,non_alcoholic_steatohepatitis,,,,,,,,,dependency_priors,non_alcoholic_steatohepatitis_yes,0.003,non_alcoholic_steatohepatitis_no,0.997,,,,,,,,,,,,,,,,,,,,,,,,,,,,,,,,,,,,,,,,,
,,,,,,,,,,,,,,,,,,,,,,,,,,,,,,,,,,,,,,,,,,,,,,,,,,,,,,,,,,,
,,,,,,,,,,,,,,,,,,,,,,,,,,,,,,,,,,,,,,,,,,,,,,,,,,,,,,,,,,,
,,,,,albumin_g_dL_naive,,,,,,,,,naive_0_nhanes_explicit,albumin_g_dL_low_below_3.5,0-3.49,albumin_g_dL_normal_3.5_and_above,3.5-1000,,,,,,,LBXSAL,,,"[2026-05-13 naive_0 guard-3 removal cycle] Blanked input column (was 'albumin_creatinine_mg_g_ratio'). Leaf albumin_g_dL_naive is the input of an equivalent_to row, so a parent-conditional CPT here would create a triple-constraint conflict with the equivalent_to mapping + the wrapper's dep_nhanes_explicit marginal. The dependency.py guard (3) was silently demoting this to discrete priors anyway; making the CSV honest about that.",,,,,,,,,,,,,,,,,,,,,,,,,,,,,,,
,,,,,blood_urea_mg_dL_nitrogen,albumin_creatinine_mg_g_ratio,,,,,,,,naive_0_nhanes_explicit,blood_urea_nitrogen_mg_dL_20.0_and_above,20-1000,blood_urea_nitrogen_mg_dL_15.0_to_19.0,15-19,blood_urea_nitrogen_mg_dL_10.0_to_14,10-14,blood_urea_nitrogen_mg_dL_below_9.0,0-9,,,LBXSBU,,,,,,,,,,,,,,,,,,,,,,,,,,,,,,,,,,
,,,,,creatinine_mg_dL_naive,,,,,,,,,naive_0_nhanes_explicit,creatinine_mg_dL_high_above_1.2,1.2001-1000,creatinine_mg_dL_normal_0.7_to_1.2,0.7-1.2,creatinine_mg_dL_low_below_0.7,0-.6999,,,,,LBXSCR,,,"[2026-05-13 naive_0 guard-3 removal cycle] Blanked input column (was 'albumin_creatinine_mg_g_ratio'). Leaf creatinine_mg_dL_naive is the input of an equivalent_to row, so a parent-conditional CPT here would create a triple-constraint conflict with the equivalent_to mapping + the wrapper's dep_nhanes_explicit marginal. The dependency.py guard (3) was silently demoting this to discrete priors anyway; making the CSV honest about that.",,,,,,,,,,,,,,,,,,,,,,,,,,,,,,,
,,,,,sodium_mmol_L,albumin_creatinine_mg_g_ratio,,,,,,,,naive_0_nhanes_explicit,sodium_mmol_L_below_135,0-134.999,sodium_mmol_L_135.0_to_140.0,135-140.999,sodium_mmol_L_141.0_to_145.0,141-145.999,sodium_mmol_L_146.0_and_higher,146-1000,,,LBXSNASI,,,,,,,,,,,,,,,,,,,,,,,,,,,,,,,,,,
,,,,,uric_acid_mg_dL,albumin_creatinine_mg_g_ratio,,,,,,,,naive_0_nhanes_explicit,uric_acid_mg_dL_high_above_8.5,8.6-1000,uric_acid_mg_dL_medium_2.7_to_8.5,2.7-8.5,uric_acid_mg_dL_low_below_2.7,0-2.6,,,,,LBXSUA,,,,,,,,,,,,,,,,,,,,,,,,,,,,,,,,,,
,,,,,total_protein_g_dL,albumin_creatinine_mg_g_ratio,,,,,,,,naive_0_nhanes_explicit,total_protein_g_dL_below_6.9,0-6.8,total_protein_g_dL_6.9_to_7.1,6.9-7.1,total_protein_g_dL_7.2_to_7.4,7.2-7.4,total_protein_g_dL_7.5_and_above,7.5-1000,,,LBXSTP,,,,,,,,,,,,,,,,,,,,,,,,,,,,,,,,,,
,,,,,kidney_disease_with_dialysis,albumin_creatinine_mg_g_ratio,,,,,,,,naive_0_nhanes_explicit,kidney_disease_with_dialysis_yes,1,kidney_disease_with_dialysis_no,2,,,,,,,OHQ144,,,,,,,,,,,,,,,,,,,,,,,,,,,,,,,,,,
,,,,,albumin_creatinine_mg_g_ratio,,,,,,,,,discrete_nhanes_explicit,albumin_creatinine_ratio_mg_g_high_above_300,301-1000,albumin_creatinine_ratio_mg_gelevated_30_to_300,30-300.999,albumin_creatinine_ratio_mg_gnormal_below_30,0-29.999,,,,,URDACT,,,,,,,,,,,,,,,,,,,,,,,,,,,,,,,,,,
,,,,,,,,,,,,,,,,,,,,,,,,,,,,,,,,,,,,,,,,,,,,,,,,,,,,,,,,,,,
0.275,,1.7,0.37,OR,creatinine_mg_dL,angina,angina_yes,,,,,1.4255765199161423,0.2062320321783475,,,,,,,,,,,,,,"<science><title>Cardiovascular disease and subsequent kidney disease</>Weiner DE, Tighiouart H, et al<source>Arch Intern Med</>2007 Jun 11;167(11):1130-6<link>https://pubmed.ncbi.nlm.nih.gov/17563020/</></>","[autofill Apr-20] col A updated to NHANES P0 per , 2026 convention",,,,,,,,,,,,,,,,,,,,,,,,,,,,1787.0,unknown,review,
,,,,,creatinine_mg_dL,creatinine_mg_dL_naive,creatinine_mg_dL_high_above_1.2,,,,,,,equivalent_to,,,,,,,,,,,,,,,,,,,,,,,,,,,,,,,,,,,,,,,,,,,,,
,,,,,creatinine_mg_dL,,,,,,,,,dependency_nhanes_explicit,creatinine_mg_dL_high_above_1.2,1.3-1000,creatinine_mg_dL_high_above_1.2_not,0-1.2999,,,,,,,LBXSCR,,,,,,,,,,,,,,,,,,,,,,,,,,,,,,,,,,
,,,,,,,,,,,,,,,,,,,,,,,,,,,,,,,,,,,,,,,,,,,,,,,,,,,,,,,,,,,
,,,,,albumin_g_dL,albumin_g_dL_naive,albumin_g_dL_low_below_3.5,,,,,,,equivalent_to,,,,,,,,,,,,,,,,,,,,,,,,,,,,,,,,,,,,,,,,,,,,,
0.13,,0.3255627680932522,0.1394805811073854,SMD,albumin_g_dL,frailty,frailty_yes,,,,,1.6323396780539543,0.3011707939748285,,,,,,,,,,,,,,"<science><title>Circulating biomarkers characterizing physical frailty: CRP, hemoglobin, albumin, 25OHD and free testosterone as best biomarkers. Results of a meta-analysis</>Aurélie Mailliez, Axel Guilbaud, François Puisieux, Luc Dauchet, Éric Boulanger<source>Exp Gerontol</>2020 Oct 1;139:111014.<link>https://pubmed.ncbi.nlm.nih.gov/32599147/</></>","[autofill Apr-20] col A updated to NHANES P0 per , 2026 convention",,,,,,,,,,,,,,,,,,,,,,,,,,,,39798.0,meta-analysis,"67 studies, elderly",
,,,,,albumin_g_dL,,,,,,,,,dependency_nhanes_explicit,albumin_g_dL_low_below_3.5,0-3.49,albumin_g_dL_normal_3.5_and_above,3.5-1000,,,,,,,LBXSAL,,,,,,,,,,,,,,,,,,,,,,,,,,,,,,,,,,
,,,,,,,,,,,,,,,,,,,,,,,,,,,,,,,,,,,,,,,,,,,,,,,,,,,,,,,,,,,
0.13,,0.2481554288241995,0.1312184536106698,SMD,testosterone_ng_dL,frailty,frailty_yes,,,,,1.459423793431133,0.2604426705998437,,,,,,,,,,,,,,"<science><title>Circulating biomarkers characterizing physical frailty: CRP, hemoglobin, albumin, 25OHD and free testosterone as best biomarkers. Results of a meta-analysis</>Aurélie Mailliez, Axel Guilbaud, François Puisieux, Luc Dauchet, Éric Boulanger<source>Exp Gerontol</>2020 Oct 1;139:111014.<link>https://pubmed.ncbi.nlm.nih.gov/32599147/</></>","[autofill Apr-20] col A updated to NHANES P0 per , 2026 convention",,,,,,,,,,,,,,,,,,,,,,,,,,,,39798.0,meta-analysis,"67 studies, elderly",
,,,,,testosterone_ng_dL,,,,,,,,,dependency_nhanes_explicit,testosterone_ng_dL_low_under_300,0-299.999,testosterone_ng_dL_normal_300_abd_above,300-1000,,,,,,,LBXTST,,,,,,,,,,,,,,,,,,,,,,,,,,,,,,,,,,
,,,,,,,,,,,,,,,,,,,,,,,,,,,,,,,,,,,,,,,,,,,,,,,,,,,,,,,,,,,
,,,,,floss_days_per_week,teeth_health,,,,,,,,naive_0_nhanes_explicit,floss_days_per_week_none,0,floss_days_per_week_1_to_3,1-3,floss_days_per_week_4_to_6,4-6,floss_days_per_week_7,7-9,,,OHQ870,,,,,,,,,,,,,,,,,,,,,,,,,,,,,,,,,,
,,,,,gum_disease,,,,,,,,,naive_0_nhanes_explicit,gum_disease_yes,1,gum_disease_no,2,,,,,,,OHQ835,,,"[2026-05-13 naive_0 guard-3 removal cycle] Blanked input column (was 'teeth_health'). Leaf gum_disease is the input of an equivalent_to row, so a parent-conditional CPT here would create a triple-constraint conflict with the equivalent_to mapping + the wrapper's dep_nhanes_explicit marginal. The dependency.py guard (3) was silently demoting this to discrete priors anyway; making the CSV honest about that.",,,,,,,,,,,,,,,,,,,,,,,,,,,,,,,
,,,,,dental_bone_loss,teeth_health,,,,,,,,naive_0_nhanes_explicit,dental_bone_loss_yes,1,dental_bone_loss_no,2,,,,,,,OHQ860,,,,,,,,,,,,,,,,,,,,,,,,,,,,,,,,,,
,,,,,last_dentist_visit,teeth_health,,,,,,,,naive_0_nhanes_explicit,last_dentist_visit_never,7,last_dentist_visit_2_or_more_years,"4,5,6",last_dentist_visit_more_than_1_year_less_than_2_years,3,last_dentist_visit_7_months_to_a_year,2,last_dentist_visit_6_months_or_less,1,OHQ030,,,,,,,,,,,,,,,,,,,,,,,,,,,,,,,,,,
,,,,,mouth_pain_last_year,teeth_health,,,,,,,,naive_0_nhanes_explicit,mouth_pain_last_year_very_often,1,mouth_pain_last_year_fairly_often,2,mouth_pain_last_year_occasionally_or_hardly_ever,"3,4",mouth_pain_last_year_never,5,,,OHQ620,,,,,,,,,,,,,,,,,,,,,,,,,,,,,,,,,,
,,,,,times_brush_teeth_daily,teeth_health,,,,,,,,naive_0_nhanes_explicit,times_brush_teeth_daily_none,0,times_brush_teeth_daily_1,1,times_brush_teeth_daily_2,2,times_brush_teeth_daily_3_or_more,"3,4,5,6,7,8,9",,,OHQ848Q,,,,,,,,,,,,,,,,,,,,,,,,,,,,,,,,,,
,,,,,teeth_health,,,,,,,,,discrete_nhanes_explicit,teeth_health_poor,5,teeth_health_fair,4,teeth_health_good,"3,2",teeth_health_excellent,1,,,OHQ845,,,,,,,,,,,,,,,,,,,,,,,,,,,,,,,,,,
,,,,,,,,,,,,,,,,,,,,,,,,,,,,,,,,,,,,,,,,,,,,,,,,,,,,,,,,,,,
,,,,,,,,,,,,,,,,,,,,,,,,,,,,,,,,,,,,,,,,,,,,,,,,,,,,,,,,,,,
,,,,,peridontal_disease,gum_disease,gum_disease_yes,,,,,,,equivalent_to,,,,,,,,,,,,,,,,,,,,,,,,,,,,,,,,,,,,,,,,,,,,,
,,0.8695652173913044,0.07,RR,peridontal_disease,vitamin_d_supplementation_mcg,vitamin_d_supplementation_mcg_quartile_4,,,,,0.8695652173913044,0.07,,,,,,,,,,,,,,"<science><title>Association between Four Dietary Patterns and the Risk of Periodontal Diseases: A Systematic Review and Meta-Analysis</>Jaehun Jeong,Hyung-Sik Kim,Dongjun Lee,Kihun Kim, and Yun-Hak Kim<source>Nutrients.</>2022 Oct; 14(20): 4362.<link>https://www.ncbi.nlm.nih.gov/pmc/articles/PMC9611912</></>",,,,,,,,,,,,,,,,,,,,,,,,,,,,,9.0,meta-analysis,meta-analysis,
,,,,,peridontal_disease,,,,,,,,,dependency_priors,peridontal_disease_yes,0.42,peridontal_disease_no,0.5800000000000001,,,,,,,,,,,,,,,,,,,,,,,,,,,,,,,,,,,,,,,,,
,,,,,,,,,,,,,,,,,,,,,,,,,,,,,,,,,,,,,,,,,,,,,,,,,,,,,,,,,,,
,,,,,,,,,,,,,,,,,,,,,,,,,,,,,,,,,,,,,,,,,,,,,,,,,,,,,,,,,,,
,,,,,age_related_macular_degeneration,,,,,,,,,discrete_nhanes_explicit,late_age_related_macular_degeneration,2,early_age_related_macular_degeneration,1,no_age_related_macular_degeneration,0,,,,,OPDUARM,,,,,,,,,,,,,,,,,,,,,,,,,,,,,,,,,,
,,,,,,,,,,,,,,,,,,,,,,,,,,,,,,,,,,,,,,,,,,,,,,,,,,,,,,,,,,,
,,,,,,,,,,,,,,,,,,,,,,,,,,,,,,,,,,,,,,,,,,,,,,,,,,,,,,,,,,,
,,,,,,,,,,,,,,,,,,,,,,,,,,,,,,,,,,,,,,,,,,,,,,,,,,,,,,,,,,,
,,,,,,,,,,,,,,,,,,,,,,,,,,,,,,,,,,,,,,,,,,,,,,,,,,,,,,,,,,,
,,,,,pain,,,,,,,,,discrete_nhanes_explicit,pain_yes,1,pain_no,2,,,,,,,MPQ100,,,,,,,,,,,,,,,,,,,,,,,,,,,,,,,,,,
,,,,,,,,,,,,,,,,,,,,,,,,,,,,,,,,,,,,,,,,,,,,,,,,,,,,,,,,,,,
,,,,,dexterity,,,,,,,,,discrete_nhanes_explicit,dexterity_no,"2,3,4",dexterity_yes,1,,,,,,,PFQ061P,,,,,,,,,,,,,,,,,,,,,,,,,,,,,,,,,,
,,1.6,0.3,RR,fall_history,sarcopenia,sarcopenia_yes,,,,,1.6,0.3,,,,,,,,,,,,,,<science><title>Sarcopenia and falls in elderly: meta-analysis</><Yeung SS et al><source>J Cachexia Sarcopenia Muscle</>2019<link>https://pubmed.ncbi.nlm.nih.gov/30993881/</></>,iter3: sarcopenia ~1.6x falls risk per Yeung meta,,,,,,,,,,,,,,,,,,,,,,,,,,,,50000.0,meta-analysis,general,
,,3.0,0.6,OR,fall_history,age,elderly,,,,,,,,,,,,,,,,,,,,"https://pubmed.ncbi.nlm.nih.gov/36687461/ - Li/Xu et al 2023 Front Med - per-year-of-age OR=1.15; cumulative ~3x for elderly vs younger, 70.8k community-dwelling older adults, 31 studies",[2026-05-10 quorum-verified A+B; replaces deleted iter#1-4 fake-cite row],,,,,,,,,,,,,,,,,,,,,,,,,,,,,,,
,,1.52,0.27,OR,fall_history,gender,female,,,,,,,,,,,,,,,,,,,,"https://pubmed.ncbi.nlm.nih.gov/36687461/ - Li/Xu et al 2023 Front Med - female vs male sex OR=1.52 (95%CI 1.27-1.81), same cohort",[2026-05-10 quorum-verified A+B; replaces deleted iter#1-4 fake-cite row],,,,,,,,,,,,,,,,,,,,,,,,,,,,,,,
,,1.71,0.25,OR,fall_history,pain,pain_yes,,,,,,,,,,,,,,,,,,,,"https://pubmed.ncbi.nlm.nih.gov/24036161/ - Stubbs et al 2014 Arch Phys Med Rehabil - chronic pain → falls OR=1.71 (prospective; 1.56 overall, 1.80 chronic)",[2026-05-10 quorum-verified A+B; replaces deleted iter#1-4 fake-cite row],,,,,,,,,,,,,,,,,,,,,,,,,,,,,,,
,,1.46,0.2,OR,fall_history,depression,depression_yes,,,,,,,,,,,,,,,,,,,,"https://pubmed.ncbi.nlm.nih.gov/23617614/ - Kvelde et al 2013 JAGS, ""Depressive symptomatology as a risk factor for falls in older people: systematic review and meta-analysis"" - OR=1.46 (95%CI 1.27-1.67), 25 studies of community-dwelling older adults.","[2026-05-10 evening cycle: 2-of-2 quorum (Agent A ae6aa654, Agent B ad9fd0f4) both returned PMID 23617614, OR 1.46. APPROVED.]",,,,,,,,,,,,,,,,,,,,,,,,,,,,,,,
,,1.75,0.57,OR,fall_history,polypharmacy,polypharmacy_yes,,,,,,,,,,,,,,,,,,,,"https://pubmed.ncbi.nlm.nih.gov/29402646/ - Seppala et al 2018 JAMDA ""Fall-risk-increasing drugs: a systematic review and meta-analysis: II. Psychotropics"" - OR 1.75 (95%CI 1.27-2.41) for fall risk with polypharmacy (≥4 medications).","[2026-05-10 evening cycle, tiebreaker pass: 2-of-3 quorum (Agent A ae6aa654 + Agent C a7b09958 both returned PMID 29402646 OR 1.75; Agent B picked a primary cohort that did not qualify as meta per §9.9). APPLIED.]",,,,,,,,,,,,,,,,,,,,,,,,,,,,,,,
,,,,,fall_history,,,,,,,,,discrete_nhanes_explicit,fall_history_yes,1,fall_history_no,2,,,,,,,BAQ020C,,,,,,,,,,,,,,,,,,,,,,,,,,,,,,,,,,
,,,,,,,,,,,,,,,,,,,,,,,,,,,,,,,,,,,,,,,,,,,,,,,,,,,,,,,,,,,
,,,,,,,,,,,,,,,,,,,,,,,,,,,,,,,,,,,,,,,,,,,,,,,,,,,,,,,,,,,
0.194,,2.28,0.83,OR,urine_leakage_bother,frailty,frailty_yes,,,,,1.8264547551909764,0.492876166025153,,,,,,,,,,,,,,https://pubmed.ncbi.nlm.nih.gov/34654231/ - Veronese 2018: Association between urinary incontinence and frailty: a systematic review and meta-analysis,"[autofill Apr-20] col A updated to NHANES P0 per , 2026 convention [2026-05-10 PMID extracted from <science><title> wrapper via quorum agent; both A+B agree]",,,,,,,,,,,,,,,,,,,,,,,,,,,,3784.0,meta-analysis,"meta-analysis, elderly",
,,,,,urine_leakage_bother,,,,,,,,,dependency_nhanes_explicit,urine_leakage_bother_greatly,5,urine_leakage_bother_greatly_not,1-4,,,,,,,KIQ050,,,,,,,,,,,,,,,,,,,,,,,,,,,,,,,,,,
,,,,,,,,,,,,,,,,,,,,,,,,,,,,,,,,,,,,,,,,,,,,,,,,,,,,,,,,,,,
,,,,,,,,,,,,,,,,,,,,,,,,,,,,,,,,,,,,,,,,,,,,,,,,,,,,,,,,,,,
,,,,,,,,,,,,,,,,,,,,,,,,,,,,,,,,,,,,,,,,,,,,,,,,,,,,,,,,,,,
0.089,,1.64,0.23,OR,multimorbidity,education_level,education_level_less_than_9th_grade,,,,,1.5516197396306386,0.1912592923518421,,,,,,,,,,,,,,"<science><title>Socioeconomic status and multimorbidity: a systematic review and meta-analysis</>GThanya I Pathirana, Caroline A Jackson<source>Aust N Z J Public Health</>2018 Apr;42(2):186-194<link>https://pubmed.ncbi.nlm.nih.gov/29442409/</></>",,,,,,,,,,,,,,,,,,,,,,,,,,,,,24.0,meta-analysis,meta-analysis,
,,,,,multimorbidity,,,,,,,,,dependency_priors,multimorbidity_yes,0.089,multimorbidity_no,0.911,,,,,,,,,,,,,,,,,,,,,,,,,,,,,,,,,,,,,,,,,
,,,,,,,,,,,,,,,,,,,,,,,,,,,,,,,,,,,,,,,,,,,,,,,,,,,,,,,,,,,
,,,,,,,,,,,,,,,,,,,,,,,,,,,,,,,,,,,,,,,,,,,,,,,,,,,,,,,,,,,
,,,,,,,,,,,,,,,,,,,,,,,,,,,,,,,,,,,,,,,,,,,,,,,,,,,,,,,,,,,
,,,,,polypharmacy,,,,,,,,,discrete_priors,polypharmacy_yes,0.171,polypharmacy_no,0.829,,,,,,,,,,,,,,,,,,,,,,,,,,,,,,,,,,,,,,,,,
,,,,,,,,,,,,,,,,,,,,,,,,,,,,,,,,,,,,,,,,,,,,,,,,,,,,,,,,,,,
,,,,,slow_or_fast_movement,depression,,,,,,,,naive_0_nhanes_explicit,slow_or_fast_movement_nearly_every_day,3,slow_or_fast_movement_half_the_time,2,slow_or_fast_movement_several_days_per_week,1,slow_or_fast_movement_not_at_all,0,,,DPQ080,,,,,,,,,,,,,,,,,,,,,,,,,,,,,,,,,,
,,,,,time_spent_outdoors,depression,,,,,,,,naive_0_nhanes_explicit,time_spent_outdoors_none,0,time_spent_outdoors_a_half_hour_per_day,14-30,time_spent_outdoors_1_hour_per_day,31-60,time_spent_outdoors_2_or_3_hours_per_day,61-179,time_spent_outdoors_4_to_6_hours_per_day,180-360,DED120,,,,,,,,,,,,,,,,,,,,,,,,,,,,,,,,,,
,,,,,marital_status_naive,,,,,,,,,naive_0_nhanes_explicit,marital_status_widowed_divorced_single,"2,3,4,5",marital_status_widowed_divorced_single_not,"1,6",,,,,,,DMDMARTL,,,"[2026-05-13 naive_0 guard-3 removal cycle] Blanked input column (was 'depression'). Leaf marital_status_naive is the input of an equivalent_to row, so a parent-conditional CPT here would create a triple-constraint conflict with the equivalent_to mapping + the wrapper's dep_nhanes_explicit marginal. The dependency.py guard (3) was silently demoting this to discrete priors anyway; making the CSV honest about that.",,,,,,,,,,,,,,,,,,,,,,,,,,,,,,,
,,,,,close_friends_number,depression,,,,,,,,naive_0_nhanes_explicit,close_friends_none,0,close_friends_one,1,close_friends_2,2,close_friends_3_or_more,3-50,,,SSQ061,,,depression,,,,,,,,,,,,,,,,,,,,,,,,,,,,,,,
,,,,,depression_difficulty_functioning,depression,,,,,,,,naive_0_nhanes_explicit,depression_difficulty_functioning_extreme,3,depression_difficulty_functioning_very,2,depression_difficulty_functioning_somewhat,1,depression_difficulty_functioning_not_at_all,0,,,DPQ100,,,depression,,,,,,,,,,,,,,,,,,,,,,,,,,,,,,,
,,,,,emotional_support,depression,,,,,,,,naive_0_nhanes_explicit,emotional_support_no,2,emotional_support_yes,1,,,,,,,SSQ011,,,depression,,,,,,,,,,,,,,,,,,,,,,,,,,,,,,,
,,,,,lack_of_interest_or_pleasure,depression,,,,,,,,naive_0_nhanes_explicit,lack_of_interest_or_pleasure_nearly_every_day,3,lack_of_interest_or_pleasure_half_the_time,2,lack_of_interest_or_pleasure_several_days_per_week,1,lack_of_interest_or_pleasure_not_at_all,0,,,DPQ010,,,depression,,,,,,,,,,,,,,,,,,,,,,,,,,,,,,,
,,,,,lacking_emotional_support,depression,,,,,,,,naive_0_nhanes_explicit,lacking_emotional_support_yes,1,lacking_emotional_support_no,2,,,,,,,SSQ031,,,depression,,,,,,,,,,,,,,,,,,,,,,,,,,,,,,,
,,,,,low_energy,depression,,,,,,,,naive_0_nhanes_explicit,low_energy_nearly_every_day,3,low_energy_half_the_time,2,low_energy_several_days_per_week,1,low_energy_not_at_all,0,,,DPQ040,,,depression,,,,,,,,,,,,,,,,,,,,,,,,,,,,,,,
,,,,,poor_appetite_or_overeating,depression,,,,,,,,naive_0_nhanes_explicit,poor_appetite_or_overeating_nearly_every_day,3,poor_appetite_or_overeating_half_the_time,2,poor_appetite_or_overeating_several_days_per_week,1,poor_appetite_or_overeating_not_at_all,0,,,DPQ050,,,depression,,,,,,,,,,,,,,,,,,,,,,,,,,,,,,,
,,,,,serious_difficulty_concentrating,depression,,,,,,,,naive_0_nhanes_explicit,serious_difficulty_concentrating_yes,1,serious_difficulty_concentrating_no,2,,,,,,,DLQ040,,,depression,,,,,,,,,,,,,,,,,,,,,,,,,,,,,,,
,,,,,anxious_how_often,depression,,,,,,,,naive_0_nhanes_explicit,anxious_daily,1,anxious_weekly,2,anxious_per_month,3,anxious_a_few_times_per_year,4,anxious_never,5,DLQ100,,,,,,,,,,,,,,,,,,,,,,,,,,,,,,,,,,
,,,,,trouble_concentrating,depression,,,,,,,,naive_0_nhanes_explicit,trouble_concentrating_nearly_every_day,3,trouble_concentrating_half_the_time,2,trouble_concentrating_several_days_per_week,1,trouble_concentrating_not_at_all,0,,,DPQ070,,,depression,,,,,,,,,,,,,,,,,,,,,,,,,,,,,,,
,,,,,financial_support,depression,,,,,,,,naive_0_nhanes_explicit,financial_support_no,2,financial_support_yes,1,,,,,,,SSQ051,,,depression,,,,,,,,,,,,,,,,,,,,,,,,,,,,,,,
,,,,,,,,,,,,,,,,,,,,,,,,,,,,,,,,,,,,,,,,,,,,,,,,,,,,,,,,,,,
0.0753612829733532,,0.83,0.04,OR,depression,physical_activity,physical_activity_high,,,,,0.8407714748960459,0.038067994427638,,,,,,,,,,,,,,"<science><title>Physical Activity and Incident Depression: A Meta-Analysis of Prospective Cohort Studies</>Felipe B Schuch, Davy Vancampfort, Joseph Firth, Simon Rosenbaum, Philip B Ward, Edson S Silva, Mats Hallgren, Antonio Ponce De Leon, Andrea L Dunn, Andrea C Deslandes, Marcelo P Fleck, Andre F Carvalho, Brendon Stubbs<source>Am J Psychiatry</>2018 Jul 1;175(7):631-648<link>https://pubmed.ncbi.nlm.nih.gov/29690792/</></>","FIXED: P0 was 0.735 (from DLQ140 disability question). Updated to 0.0754 = NHANES DPQ020 prevalence of responses 2-3 (depression).; [autofill Apr-20] col A updated to NHANES P0 per , 2026 convention",,,,,,,,,,,,,,,,,,,,,,,,,,,,266939.0,meta-analysis,"meta-analysis, prospective",CHECK P0: P0=0.735 is very high for depression. May be from study with high-risk population or data entry error. Need to verify against Schuch 2018.
0.0753612829733532,,0.6896551724137931,0.25,OR,depression,inflammatory_diet,inflammatory_diet_no,,,,,0.7061710908498706,0.2471314525294903,,,,,,,,,,,,,,"<science><title>Dietary inflammatory index (DII®) and the risk of depression symptoms in adults</>Prem Raj Shakya, Yohannes Adama Melaku, Nitin Shivappa, James R Hébert, Robert J Adams, Amanda J Page, Tiffany K Gill<source>Clin Nutr</>2021 May;40(5):3631-3642<link>https://pubmed.ncbi.nlm.nih.gov/33485704/</></>","FIXED: P0 was 0.748 (from DLQ140 disability question). Updated to 0.0754 = NHANES DPQ020 prevalence of responses 2-3 (depression).; [autofill Apr-20] col A updated to NHANES P0 per , 2026 convention",,,,,,,,,,,,,,,,,,,,,,,,,,,,1743.0,unknown,meta-analysis,CHECK P0: P0=0.748 very high for depression. Need to verify against dietary inflammatory index study.
0.035685817,,0.92,0.05,OR,depression,vitamin_d_nmol_per_liter_naive,vitamin_d_nmol_per_liter_normal_50_to_124,,,,,0.9226339958346668,0.0485791187236364,,,,,,,,,,,,,,"<science><title>Serum 25-hydroxyvitamin D levels and the risk of depression: a systematic review and meta-analysis</>S-Y Ju, Y-J Lee, S-N Jeong<source>J Nutr Health Aging</>2013;17(5):447-55<link>https://pubmed.ncbi.nlm.nih.gov/23636546/</></>","[autofill Apr-20] col A updated to NHANES P0 per , 2026 convention",,,,,,,,,,,,,,,,,,,,,,,,,,,,12648.0,meta-analysis,meta-analysis,
,,2.5,0.4,RR,depression,pain,pain_yes,,,,,2.5,0.4,,,,,,,,,,,,,,https://pubmed.ncbi.nlm.nih.gov/14609780/ - Bair et al 2003 Arch Intern Med (qualitative consensus),iter3: chronic pain ~2.5x depression risk per Bair meta,,,,,,,,,,,,,,,,,,,,,,,,,,,,50000.0,meta-analysis,general,
,,1.3,0.26,RR,depression,age,elderly,,,,,,,,,,,,,,,,,,,,https://pubmed.ncbi.nlm.nih.gov/22892113/ - Luppa et al 2012 CNS Spectr - elderly depression RR ~1.3 (significant in groups <80y vs younger; declines at 85+),[2026-05-10 user-approved disagreement-resolution pick; replaces deleted iter#1-4 fake-cite row],,,,,,,,,,,,,,,,,,,,,,,,,,,,,,,
,,,,,depression,,,,,,,,,dependency_nhanes_explicit,depression_yes,2-3,depression_no,0-1,,,,,,,DPQ020,,,"FIXED: was DLQ140 (disability errands question, 73.5% ""yes""). Changed to DPQ020 (PHQ-9: ""Feeling down, depressed, hopeless""). Bins: 2-3=depression_yes (more than half days / nearly every day), 0-1=depression_no.",,,,,,,,,,,,,,,,,,,,,,,,,,,,,,,
,,,,,,,,,,,,,,,,,,,,,,,,,,,,,,,,,,,,,,,,,,,,,,,,,,,,,,,,,,,
,,,,,,,,,,,,,,,,,,,,,,,,,,,,,,,,,,,,,,,,,,,,,,,,,,,,,,,,,,,
,,,,,marital_status,marital_status_naive,marital_status_widowed_divorced_single,,,,,,,equivalent_to,,,,,,,,,,,,,,,,,,,,,,,,,,,,,,,,,,,,,,,,,,,,,
,,,,,marital_status,,,,,,,,,dependency_nhanes_explicit,marital_status_widowed_divorced_single,"2,3,4,5",marital_status_widowed_divorced_single_not,"1,6",,,,,,,DMDMARTL,,,,,,,,,,,,,,,,,,,,,,,,,,,,,,,,,,
,,,,,,,,,,,,,,,,,,,,,,,,,,,,,,,,,,,,,,,,,,,,,,,,,,,,,,,,,,,
,,,,,,,,,,,,,,,,,,,,,,,,,,,,,,,,,,,,,,,,,,,,,,,,,,,,,,,,,,,
,,,,,,,,,,,,,,,,,,,,,,,,,,,,,,,,,,,,,,,,,,,,,,,,,,,,,,,,,,,
,,,,,pesticide_exposure,glyphosate_based_herbicides,glyphosate_based_herbicides_yes,,,,,,,,,,,,,,,,,,,,,,,,,,,,,,,,,,,,,,,,,,,,,,,,,,,,
,,,,,pesticide_exposure,phenoxy_herbicide,phenoxy_herbicide_yes,,,,,,,,,,,,,,,,,,,,,,,,,,,,,,,,,,,,,,,,,,,,,,,,,,,,
,,,,,pesticide_exposure,home_herbicide_use,home_herbicide_use_yes,,,,,,,,,,,,,,,,,,,,,,,,,,,,,,,,,,,,,,,,,,,,,,,,,,,,
,,,,,pesticide_exposure,home_insecticide_use,home_insecticide_use_yes,,,,,,,,,,,,,,,,,,,,,,,,,,,,,,,,,,,,,,,,,,,,,,,,,,,,
,,,,,pesticide_exposure,,,,,,,,,any_of,pesticide_exposure_yes,,pesticide_exposure_no,,,,,,,,,,,,,,,,,,,,,,,,,,,,,,,,,,,,,,,,,,
,,,,,,,,,,,,,,,,,,,,,,,,,,,,,,,,,,,,,,,,,,,,,,,,,,,,,,,,,,,
,,,,,hallmark_5_disabled_macroautophagy_nad_atp_ratio,,,,,,,,,discrete_priors,hallmark_5_disabled_macroautophagy_nad_atp_ratio_low_below_0.26,0.16,hallmark_5_disabled_macroautophagy_nad_atp_ratio_low_below_0.26_not,0.84,,,,,,,,,"<science><title>The NADPARK study: A randomized phase I trial of nicotinamide riboside supplementation in Parkinson’s disease</>Brage Brakedal, et al<source>Cell Metabolism</>2022;34:396-407<link>https://doi.org/10.1016/j.cmet.2022.02.001</></>","Threshold NAD/ATP <0.26. Prior=0.16. UNVERIFIED - no published study uses 0.26 as a NAD/ATP threshold. Blood NAD+~18μM (PMC9162244), ATP~620μM, giving ratio~0.03 in blood. 0.26 may be from intracellular/tissue measurement or estimated in prior Claude conversation (link expired). NADPARK trial (Cell Metab 2022) measured brain NAD via 31P-MRS but did not define this threshold. NEEDS REVIEW with domain expert.",,,,,,,,,,,,,,,,,,,,,,,,,,,,30.0,RCT,"Phase I RCT, Parkinson patients",
,,,,,,,,,,,,,,,,,,,,,,,,,,,,,,,,,,,,,,,,,,,,,,,,,,,,,,,,,,,
0.003,,0.85,0.54,SMD,parkinsons,hallmark_5_disabled_macroautophagy_nad_atp_ratio,hallmark_5_disabled_macroautophagy_nad_atp_ratio_low_below_0.26,,,,,4.607046450259792,2.858395251669905,,,,,,,,,,,,,,https://pubmed.ncbi.nlm.nih.gov/35235774/ - Brakedal 2022: The NADPARK study: A randomized phase I trial of nicotinamide riboside supplementation in Parkinson’,"FIXED P0: was 0.73. Parkinson's P0 was 0.73 (study-specific?), should be population prevalence ~0.003 [2026-05-10 PMID extracted from <science><title> wrapper via quorum agent; both A+B agree]",,,,,,,,,,,,,,,,,,,,,,,,,,,,30.0,RCT,"Phase I RCT, Parkinson patients",FIXED: P0 0.73->0.003. Parkinson SMD conversion. Population prevalence used
,,2.15,1.455,RR,parkinsons,pesticide_exposure,pesticide_exposure_yes,,,,,2.15,1.455,,,,,,,,,,,,,,"<science><title>A meta-analysis of Parkinson's disease and exposure to pesticides</>A Priyadarshi, S A Khuder, E A Schaub, S Shrivastava<source>Neurotoxicology</>2000 Aug;21(4):435-40<link>https://pubmed.ncbi.nlm.nih.gov/11022853/</></>","FIXED: D was 1 (lower CI distance). Correct: pesticide->Parkinson OR=2.15 (1.14-4.05), pm=1.455. PMID:11022853",,,,,,,,,,,,,,,,,,,,,,,,,,,,19.0,meta-analysis,meta-analysis,FIXED: pm 1.0->1.455. pesticide->PD OR=2.15(1.14-4.05). Verified vs PMID:11022853
,,,,,parkinsons,,,,,,,,,dependency_priors,parkinsons_yes,0.003,parkinsons_no,0.997,,,,,,,,,,,,,,,,,,,,,,,,,,,,,,,,,,,,,,,,,
,,,,,,,,,,,,,,,,,,,,,,,,,,,,,,,,,,,,,,,,,,,,,,,,,,,,,,,,,,,
,,,,,loud_music,hearing_difficulty_how_often,,,,,,,,naive_0_nhanes_explicit,loud_music_yes,1,loud_music_no,2,,,,,,,AUQ370,,,,,,,,,,,,,,,,,,,,,,,,,,,,,,,,,,
,,,,,loud_noise_job,hearing_difficulty_how_often,,,,,,,,naive_0_nhanes_explicit,loud_noise_job_yes,1,loud_noise_job_no,2,,,,,,,AUQ330,,,,,,,,,,,,,,,,,,,,,,,,,,,,,,,,,,
,,,,,wear_hearing_aid,hearing_difficulty_how_often,,,,,,,,naive_0_nhanes_explicit,wear_hearing_aid_yes,1,wear_hearing_aid_no,2,,,,,,,AUQ147,,,,,,,,,,,,,,,,,,,,,,,,,,,,,,,,,,
,,,,,hearing_frustration_how_often,hearing_difficulty_how_often,,,,,,,,naive_0_nhanes_explicit,hearing_frustration_always,1,hearing_frustration_usually,2,hearing_frustration_about_half_the_time,3,hearing_frustration_seldom,4,hearing_frustration_never,5,AUQ110,,,,,,,,,,,,,,,,,,,,,,,,,,,,,,,,,,
,,,,,hearing_difficulty_how_often,,,,,,,,,discrete_nhanes_explicit,hearing_difficulty_always,1,hearing_difficulty_usually,2,hearing_difficulty_about_half_the_time,3,hearing_difficulty_seldom,4,hearing_difficulty_never,5,AUQ101,,,,,,,,,,,,,,,,,,,,,,,,,,,,,,,,,,
,,,,,,,,,,,,,,,,,,,,,,,,,,,,,,,,,,,,,,,,,,,,,,,,,,,,,,,,,,,
,,,,,increased_confusion_or_memory_loss,confusion,,,,,,,,naive_0_nhanes_explicit,increased_confusion_or_memory_loss_yes,1,increased_confusion_or_memory_loss_no,2,,,,,,,MCQ084,,,cognitive_impairment,,,,,,,,,,,,,,,,,,,,,,,,,,,,,,,
,,,,,trouble_remembering_last_week,confusion,,,,,,,,naive_0_nhanes_explicit,trouble_remembering_last_week_several_times_per_day,4,trouble_remembering_last_week_every_day,3,trouble_remembering_last_week_2_or_3_times,2,trouble_remembering_last_week_once,1,trouble_remembering_last_week_never,0,MCQ380,,,cognitive_impairment,,,,,,,,,,,,,,,,,,,,,,,,,,,,,,,
,,,,,confusion,,,,,,,,,discrete_nhanes_explicit,confusion_yes,1,confusion_no,2,,,,,,,PFQ057,,,cognitive_impairment,,,,,,,,,,,,,,,,,,,,,,,,,,,,,,,
,,,,,,,,,,,,,,,,,,,,,,,,,,,,,,,,,,,,,,,,,,,,,,,,,,,,,,,,,,,
,,,,,,,,,,,,,,,,,,,,,,,,,,,,,,,,,,,,,,,,,,,,,,,,,,,,,,,,,,,
,,,,,grip_strength_kg,,,,,,,,,discrete_nhanes_quartile,,,,,,,,,,,MGDCGSZ,,,,,,,,,,,,,,,,,,,,,,,,,,,,,,,,,,
,,,,,,,,,,,,,,,,,,,,,,,,,,,,,,,,,,,,,,,,,,,,,,,,,,,,,,,,,,,
,,1.470588235294118,0.6105882352941174,RR,hallmark_1_genomic_instability_micronucleus_frequency_thousand_cells,daily_servings_fruit,daily_servings_fruit_none,,,,,1.470588235294118,0.6105882352941174,,,,,,,,,,,,,,"<science><title>The HUman MicroNucleus project on eXfoLiated buccal cells (HUMN(XL)): the role of life-style, host factors, occupational exposures, health status, and assay protocol.</>Bonassi S, Coskun E, Ceppi M, et al<source>Mutat Res</>2011;728:88-97<link>https://hero.epa.gov/hero/index.cfm/reference/details/reference_id/2344705</></> [PMID 21763453; propagated from row-match via audit]",,,,,,,,,,,,,,,,,,,,,,,,,,,,,5424.0,meta-analysis,30 labs worldwide,
,,1.37,0.395,RR,hallmark_1_genomic_instability_micronucleus_frequency_thousand_cells,heavy_smoking,heavy_smoking_yes,,,,,1.37,0.395,,,,,,,,,,,,,,"<science><title>The HUman MicroNucleus project on eXfoLiated buccal cells (HUMN(XL)): the role of life-style, host factors, occupational exposures, health status, and assay protocol.</>Bonassi S, Coskun E, Ceppi M, et al<source>Mutat Res</>2011;728:88-97<link>https://hero.epa.gov/hero/index.cfm/reference/details/reference_id/2344705</></> [PMID 21763453; added 2026-04-18 via audit]","FIXED: D was 0.34 (lower CI distance). Correct: FR=1.37 (1.03-1.82), pm=0.395. HUMN(XL) project.",,,,,,,,,,,,,,,,,,,,,,,,,,,,5424.0,meta-analysis,30 labs worldwide,FIXED: pm 0.34->0.395. smoking->MN FR=1.37(1.03-1.82). Verified vs HUMN(XL)
,,,,,hallmark_1_genomic_instability_micronucleus_frequency_thousand_cells,,,,,,,,,dependency_priors,hallmark_1_genomic_instability_micronucleus_frequency_thousand_cells_1.7_and_above,0.075,hallmark_1_genomic_instability_micronucleus_frequency_thousand_cells_1.7_and_above_not,0.925,,,,,,,,,"<science><title>The HUman MicroNucleus project on eXfoLiated buccal cells (HUMN(XL)): the role of life-style, host factors, occupational exposures, health status, and assay protocol.</>Bonassi S, Coskun E, Ceppi M, et al<source>Mutat Res</>2011;728:88-97<link>https://hero.epa.gov/hero/index.cfm/reference/details/reference_id/2344705</></> [PMID 21763453; propagated from row-match via audit]","Threshold MN>=1.7 per 1000 buccal cells. Prior=0.075. HUMN(XL) project baseline MN=0.74/1000 (95%CI 0.52-1.05, n=5424, 30 labs). 1.7 is ~2.3x baseline mean, placing it in upper tail. 7.5% prior is reasonable. RRs match HUMN(XL): smoking FR=1.37, fruit FR=0.68.",,,,,,,,,,,,,,,,,,,,,,,,,,,,5424.0,meta-analysis,30 labs worldwide,
,,,,,,,,,,,,,,,,,,,,,,,,,,,,,,,,,,,,,,,,,,,,,,,,,,,,,,,,,,,
,,,,,hallmark_4_loss_of_proteostasis_clusterin_ng_mL,,,,,,,,,discrete_priors,hallmark_4_loss_of_proteostasis_clusterin_ng_mL_quartile_4_above_93.82,0.25,hallmark_4_loss_of_proteostasis_clusterin_ng_mL_quartile_4_above_93.82_not,0.75,,,,,,,,,,"Threshold clusterin >93.82 ng/mL (quartile 4). Prior=0.25. Thambisetty 2010 (PMC3111021): controls mean=82.2±23.8 ng/mL, AD=82.4±25.6 ng/mL. Q4 ~98 ng/mL, so 93.82 is near 70-75th percentile. VERIFIED - threshold is correct for this assay. Note: CARDIA study uses different assay with mean=255 ng/mL; do not mix assay values.",,,,,,,,,,,,,,,,,,,,,,,,,,,,,,,
,,,,,,,,,,,,,,,,,,,,,,,,,,,,,,,,,,,,,,,,,,,,,,,,,,,,,,,,,,,
,,,,,,,,,,,,,,,,,,,,,,,,,,,,,,,,,,,,,,,,,,,,,,,,,,,,,,,,,,,
,,,,,,,,,,,,,,,,,,,,,,,,,,,,,,,,,,,,,,,,,,,,,,,,,,,,,,,,,,,
0.159,,-1.18,0.23,SMD,microbiome_shannon_diversity,probiotic_supplementation,probiotic_supplementation_yes,,,,,0.1374179766062642,0.0461139265669147,,,,,,,,,,,,,,"<science><title>Gut Microbiota and Extreme Longevity</>Biagi1, et al<source>Current Biology</>Volume 26, Issue 11 p1480-1485 June 06, 2016<link>https://www.cell.com/current-biology/fulltext/S0960-9822(16)30338-4</></> [PMID 27185560; added 2026-04-18 via audit]","FIXED P0: was 0.014. microbiome_diversity P0 was 0.014, should match NHANES prior 0.159; [autofill Apr-20] col A updated to NHANES P0 per , 2026 convention",,,,,,,,,,,,,,,,,,,,,,,,,,,,24.0,unknown,"observational, centenarians",FIXED: P0 0.014->0.159. microbiome SMD conversion. NHANES prior used
,,,,,microbiome_shannon_diversity,,,,,,,,,dependency_priors,microbiome_shannon_diversity_low_below_3.08,0.1587,microbiome_shannon_diversity_normal_3.08_and_above,0.8412999999999999,,,,,,,,,,,,,,,,,,,,,,,,,,,,,,,,,,,,,,,,,
,,,,,,,,,,,,,,,,,,,,,,,,,,,,,,,,,,,,,,,,,,,,,,,,,,,,,,,,,,,
0.4,,2.83,0.48,SMD,butyrate_mmol_gm,probiotic_supplementation,probiotic_supplementation_yes,,,,,2.27415910498572,0.3857230990788499,,,,,,,,,,,,,,https://pubmed.ncbi.nlm.nih.gov/29796620/ - Zhou 2018: Faecalibacterium prausnitzii produces butyrate to maintain Th17/Treg balance and to ameliorate color,[2026-05-10 PMID extracted from <science><title> wrapper via quorum agent; both A+B agree],,,,,,,,,,,,,,,,,,,,,,,,,,,,,unknown,experimental,"FIXED P0: was 0.32, corrected to 0.4000 (output NHANES prior)"
,,,,,butyrate_mmol_gm,,,,,,,,,dependency_priors,butyrate_mmol_gm_low_below_0.00062,0.4,butyrate_mmol_gm_low_below_0.00062 not,0.6,,,,,,,,,,,,,,,,,,,,,,,,,,,,,,,,,,,,,,,,,
,,,,,,,,,,,,,,,,,,,,,,,,,,,,,,,,,,,,,,,,,,,,,,,,,,,,,,,,,,,
,,,,,hallmark_12_dysbiosis,microbiome_shannon_diversity,microbiome_shannon_diversity_low_below_3.08,,,,,,,,,,,,,,,,,,,,,,,,,,,,,,,,,,,,,,,,,,,,,,,,,,,,
,,,,,hallmark_12_dysbiosis,butyrate_mmol_gm,butyrate_mmol_gm_low_below_0.00062,,,,,,,,,,,,,,,,,,,,,,,,,,,,,,,,,,,,,,,,,,,,,,,,,,,,
,,,,,hallmark_12_dysbiosis,,,,,,,,,all_of,hallmark_12_dysbiosis_yes,,hallmark_12_dysbiosis_no,,,,,,,,,,,,,,,,,,,,,,,,,,,,,,,,,,,,,,,,,,
,,,,,,,,,,,,,,,,,,,,,,,,,,,,,,,,,,,,,,,,,,,,,,,,,,,,,,,,,,,
0.021,,-0.23,0.28,SMD,alzheimers,microbiome_shannon_diversity,microbiome_shannon_diversity_normal_3.08_and_above,,,,,0.6642322342315918,0.2618537837896242,,,,,,,,,,,,,,https://pubmed.ncbi.nlm.nih.gov/37224131/ - Jemimah 2023: Gut microbiome dysbiosis in Alzheimer’s disease and mild cognitive impairment: A systematic review a,[2026-05-10 PMID extracted from <science><title> wrapper via quorum agent; both A+B agree],,,,,,,,,,,,,,,,,,,,,,,,,,,,1311.0,meta-analysis,meta-analysis,FIXED P0: was 0.1587 (elderly cohort rate). Changed to 0.021 (NHANES all-age prior for AD). Study used age-specific population.
0.021,,1.16,0.03,OR,alzheimers,hallmark_4_loss_of_proteostasis_clusterin_ng_mL,hallmark_4_loss_of_proteostasis_clusterin_ng_mL_quartile_4_above_93.82,,,,,1.1561154520810075,0.0291919532328632,,,,,,,,,,,,,,"<science><title>Genetic variation in clusterin and risk of dementia and ischemic vascular disease in the general population: cohort studies and meta-analyses of 362,338 individuals</>Liv Tybjærg Nordestgaard, et al<source>BMC Med</>2018 Mar 14;16(1):39<link>https://pubmed.ncbi.nlm.nih.gov/29534716/</></>",,,,,,,,,,,,,,,,,,,,,,,,,,,,,362338.0,meta-analysis,meta-analysis,FIXED P0: was 0.15 (elderly cohort rate). Changed to 0.021 (NHANES all-age prior for AD). Study used age-specific population.
0.021,,6.25,4.6,HR,alzheimers,hallmark_1_genomic_instability_micronucleus_frequency_thousand_cells,hallmark_1_genomic_instability_micronucleus_frequency_thousand_cells_1.7_and_above,,,,,5.915545312854875,4.276834350414895,,,,,,,,,,,,,,"<science><title>Association of micronucleus frequency with neurodegenerative diseases</>Migliore L, Coppedè F, Fenech M, et al<source>Mutagenesis</>2011;26:85-92<link>https://pubmed.ncbi.nlm.nih.gov/21164187/</></>",,,,,,,,,,,,,,,,,,,,,,,,,,,,,425.0,unknown,observational,FIXED P0: was 0.2 (elderly cohort rate). Changed to 0.021 (NHANES all-age prior for AD). Study used age-specific population.
0.021,,1.41,0.32,HR,alzheimers,grip_strength_kg,grip_strength_kg_quartile_1,,,,,1.4039046691220654,0.3149413471504987,,,,,,,,,,,,,,"<science><title>Grip Strength and the Risk of Cognitive Decline and Dementia: A Systematic Review and Meta-Analysis of Longitudinal Cohort Studies</>Mengzhao Cui, Siwen Zhang, Yujia Liu, Xiaokun Gang, and Guixia Wang<source>Front Aging Neurosci.</>2021; 13: 625551.<link>https://www.ncbi.nlm.nih.gov/pmc/articles/PMC7890203/</></>",,,,,,,,,,,,,,,,,,,,,,,,,,,,,27588.0,meta-analysis,prospective cohort studies,FIXED P0: was 0.165 (elderly cohort rate). Changed to 0.021 (NHANES all-age prior for AD). Study used age-specific population.
,,2.14,1.055,RR,alzheimers,total_cholesterol_mg_dL,total_cholesterol_mg_dL_high_240_and_above,,,,,2.14,1.055,,,,,,,,,,,,,,"<science><title>Updating the Evidence on the Association between Serum Cholesterol and Risk of Late-Life Dementia: Review and Meta-Analysis</>Kaarin J Anstey, Kimberly Ashby-Mitchell, Ruth Peters<source>J Alzheimers Dis</>2017;56(1):215-228<link>https://pubmed.ncbi.nlm.nih.gov/27911314/</></>","FIXED: D was 0.81 (lower CI distance). Correct: cholesterol->AD RR=2.14 (1.33-3.44), pm=1.055. PMID:27911314",,,,,,,,,,,,,,,,,,,,,,,,,,,,23338.0,meta-analysis,meta-analysis,FIXED: pm 0.81->1.055. cholesterol->AD RR=2.14(1.33-3.44). Verified vs PMID:27911314
,,,,,alzheimers,,,,,,,,,dependency_priors,alzheimers_yes,0.021,alzheimers_no,0.979,,,,,,,,,,,,,,,,,,,,,,,,,,,,,,,,,,,,,,,,,
,,,,,,,,,,,,,,,,,,,,,,,,,,,,,,,,,,,,,,,,,,,,,,,,,,,,,,,,,,,
0.012,,1.45,0.405,HR,non_alzheimers_dementia,grip_strength_kg,grip_strength_kg_quartile_1,,,,,1.446076346702685,0.401359580882249,,,,,,,,,,,,,,"<science><title>Grip Strength and the Risk of Cognitive Decline and Dementia: A Systematic Review and Meta-Analysis of Longitudinal Cohort Studies</>Mengzhao Cui, Siwen Zhang, Yujia Liu, Xiaokun Gang, Guixia Wang <source>Front Aging Neurosci</>2021 Feb ;13:625551<link>https://pubmed.ncbi.nlm.nih.gov/33613270/</></>","FIXED P0: was 0.165. non-AD dementia P0 was 0.165, should match NHANES prior 0.012",,,,,,,,,,,,,,,,,,,,,,,,,,,,27588.0,meta-analysis,prospective cohort studies,FIXED: P0 0.165->0.012 + pm 0.35->0.405. grip->nonAD HR=1.45(1.10-1.91). Verified vs PMID:33613270
,,,,,non_alzheimers_dementia,,,,,,,,,dependency_priors,non_alzheimers_dementia_yes,0.012,non_alzheimers_dementia_no,0.988,,,,,,,,,,,,,,,,,,,,,,,,,,,,,,,,,,,,,,,,,
,,,,,,,,,,,,,,,,,,,,,,,,,,,,,,,,,,,,,,,,,,,,,,,,,,,,,,,,,,,
,,,,,alzheimers_or_non_alzheimers_dementia,non_alzheimers_dementia,non_alzheimers_dementia_yes,,,,,,,,,,,,,,,,,,,,,,,,,,,,,,,,,,,,,,,,,,,,,,,,,,,,
,,,,,alzheimers_or_non_alzheimers_dementia,alzheimers,alzheimers_yes,,,,,,,,,,,,,,,,,,,,,,,,,,,,,,,,,,,,,,,,,,,,,,,,,,,,
,,,,,alzheimers_or_non_alzheimers_dementia,,,,,,,,,any_of,alzheimers_or_non_alzheimers_dementia_yes,,alzheimers_or_non_alzheimers_dementia_no,,,,,,,,,,,,,,,,,,,,,,,,,,,,,,,,,,,,,,,,,,
,,,,,,,,,,,,,,,,,,,,,,,,,,,,,,,,,,,,,,,,,,,,,,,,,,,,,,,,,,,
,,,,,mic1_gdf15_pg_ml,,,,,,,,,discrete_priors,mic1_gdf15_pg_ml_high_2764_and_above,0.02,mic1_gdf15_pg_ml_high_2764_and_above_not,0.98,,,,,,,,,,,,,,,,,,,,,,,,,,,,,,,,,,,,,,,,,
,,,,,,,,,,,,,,,,,,,,,,,,,,,,,,,,,,,,,,,,,,,,,,,,,,,,,,,,,,,
0.125,,1.32,0.26,HR,dementia,interleukin6_pg_mL,interleukin6_pg_mL_quartile_4_above_2.28,,,,,1.2928098786856088,0.2369507609574457,,,,,,,,,,,,,,"<science><title>The role of peripheral inflammatory markers in dementia and Alzheimer's disease: a meta-analysis</>Koyama, A., O'Brien, J., Weuve, J., Blacker, D., Metti, A. L., & Yaffe, K.<source>Journals of Gerontology Series A: Biomedical Sciences and Medical Sciences</>2013;68(4), 433-440<link>https://www.ncbi.nlm.nih.gov/pmc/articles/PMC3693673/</></>","[autofill Apr-20] col A updated to NHANES P0 per , 2026 convention",,,,,,,,,,,,,,,,,,,,,,,,,,,,5717.0,meta-analysis,"7 studies, elderly",
0.165,,1.61,0.27,HR,dementia,mic1_gdf15_pg_ml,mic1_gdf15_pg_ml_high_2764_and_above,,,,,1.5271304742256595,0.2261844394401877,,,,,,,,,,,,,,https://pubmed.ncbi.nlm.nih.gov/40735247/ - Blew/Duggan 2024 multi-cohort GDF15 dementia (HR ~1.6),"FIXED: was RR=3.3 from Sydney Memory & Aging Study (ages 70-90, N~526). Replaced with ARIC multi-cohort (late-life N=4,287, midlife N=11,595, UK Biobank N=35,673). Late-life HR=1.61 (1.36-1.90) per log2 GDF15 for all-cause dementia. Midlife HR=1.55. UK Biobank: vascular dementia HR=1.76, AD HR=1.11.; [autofill Apr-20] col A updated to NHANES P0 per , 2026 convention [2026-05-10 fake PMID 11716979 removed; row kept for network structure; needs real citation]",,,,,,,,,,,,,,,,,,,,,,,,,,,,757.0,unknown,longitudinal cohort,
,,,,,dementia,alzheimers_or_non_alzheimers_dementia,alzheimers_or_non_alzheimers_dementia_yes,,,,,,,equivalent_to,,,,,,,,,,,,,,,,,,,,,,,,,,,,,,,,,,,,,,,,,,,,,
0.165,,1.54,0.32,HR,dementia,grip_strength_kg,grip_strength_kg_quartile_1,,,,,1.4695433174948251,0.2727131502240227,,,,,,,,,,,,,,"<science><title>Grip Strength and the Risk of Cognitive Decline and Dementia: A Systematic Review and Meta-Analysis of Longitudinal Cohort Studies</>Mengzhao Cui, Siwen Zhang, Yujia Liu, Xiaokun Gang, Guixia Wang <source>Front Aging Neurosci</>2021 Feb ;13:625551<link>https://pubmed.ncbi.nlm.nih.gov/33613270/</></>","[autofill Apr-20] col A updated to NHANES P0 per , 2026 convention",,,,,,,,,,,,,,,,,,,,,,,,,,,,27588.0,meta-analysis,prospective cohort studies,
,,,,,dementia,increased_confusion_or_memory_loss,increased_confusion_or_memory_loss_yes,,,,,,,subsumes,,,,,,,,,,,,,,,,,,,,,,,,,,,,,,,,,,,,,,,,,,,,,
,,,,,dementia,,,,,,,,,dependency_nhanes_explicit,dementia_yes,3-8,dementia_no,1-2,,,,,,,CFDCIR,,,cognitive_impairment,,,,,,,,,,,,,,,,,,,,,,,,,,,,,,,
,,,,,,,,,,,,,,,,,,,,,,,,,,,,,,,,,,,,,,,,,,,,,,,,,,,,,,,,,,,
,,,,,,,,,,,,,,,,,,,,,,,,,,,,,,,,,,,,,,,,,,,,,,,,,,,,,,,,,,,
,,,,,L_carnitine_supplementation,,,,,,,,,discrete_priors,L_carnitine_supplementation_no,0.97,L_carnitine_supplementation_yes,0.03,,,,,,,,,,,,,,,,,,,,,,,,,,,,,,,,,,,,,,,,,
,,,,,,,,,,,,,,,,,,,,,,,,,,,,,,,,,,,,,,,,,,,,,,,,,,,,,,,,,,,
0.1,,0.65,0.55,SMD,fat_oxidation_J_kg_min,L_carnitine_supplementation,L_carnitine_supplementation_yes,,,,,2.648862856838728,1.4737634338161645,,,,,,,,,,,,,,https://pubmed.ncbi.nlm.nih.gov/34525269/ - Chee 2021: Increasing skeletal muscle carnitine content in older individuals increases whole-body fat oxidation,[2026-05-10 PMID extracted from <science><title> wrapper via quorum agent; both A+B agree],,,,,,,,,,,,,,,,,,,,,,,,,,,,16.0,unknown,"RCT, older adults","FIXED P0: was 0.85, corrected to 0.1000 (output NHANES prior)"
,,,,,fat_oxidation_J_kg_min,,,,,,,,,dependency_priors,fat_oxidation_J_kg_min_low_below_150,0.1,fat_oxidation_J_kg_min_low_below_150_not,0.9,,,,,,,,,,,,,,,,,,,,,,,,,,,,,,,,,,,,,,,,,
,,,,,,,,,,,,,,,,,,,,,,,,,,,,,,,,,,,,,,,,,,,,,,,,,,,,,,,,,,,
,,,,,hallmark_7_mitochondrial_dysfunction,fat_oxidation_J_kg_min,fat_oxidation_J_kg_min_low_below_150,,,,,,,,,,,,,,,,,,,,,,,,,,,,,,,,,,,,,,,,,,,,,,,,,,,,
,,,,,hallmark_7_mitochondrial_dysfunction,mic1_gdf15_pg_ml,mic1_gdf15_pg_ml_high_2764_and_above,,,,,,,,,,,,,,,,,,,,,,,,,,,,,,,,,,,,,,,,,,,,,,,,,,,,
,,,,,hallmark_7_mitochondrial_dysfunction,mtDNA_copy_number,mtDNA_copy_number_quartile_1_below_120,,,,,,,,,,,,,,,,,,,,,,,,,,,,,,,,,,,,,,,,,,,,,,,,,,,,
,,,,,hallmark_7_mitochondrial_dysfunction,,,,,,,,,any_of,hallmark_7_mitochondrial_dysfunction_yes,,hallmark_7_mitochondrial_dysfunction_no,,,,,,,,,,,,,,,,,,,,,,,,,,,,,,,,,,,,,,,,,,
,,,,,,,,,,,,,,,,,,,,,,,,,,,,,,,,,,,,,,,,,,,,,,,,,,,,,,,,,,,
0.18375,,1.612903225806452,0.08,HR,ci_physical_activity,physical_activity,physical_activity_high,,,,,1.5197758084118398,0.0642308814526448,cognitive_impairment,,,,,,,,,,,,,"<science><title>Physical activity and risk of cognitive decline: a meta-analysis of prospective studies</>F Sofi, D Valecchi, D Bacci, R Abbate, G F Gensini, A Casini, C Macchi<source>J Intern Med</>2016 Feb 16;188(3):E53-E63<link>https://pubmed.ncbi.nlm.nih.gov/20831630/</></>",[cycle8] promoted from ci_physical_activity to cognitive_impairment direct | [21:00 K_RESTRUCTURE_REVERT] Restored from pre_K_restore backup; K-restore was a mistake (these rows were intentional bypass-fixes per their original comments). dependency_distal restructure to follow. | [21:00 K_RESTRUCTURE] Moved from direct cog_imp parent to ci_physical_activity gate child (Type=cognitive_impairment activates distal for cog_imp),,,,,,,,,,,,,,,,,,,,,,,,,,,,3210.0,meta-analysis,"meta-analysis, elderly",
0.3675,,1.538461538461538,0.08,HR,ci_physical_activity,moderate_physical_activity,moderate_physical_activity_yes,,,,,1.3762133959014686,0.0501984659617158,cognitive_impairment,,,,,,,,,,,,,"<science><title>Physical activity and risk of cognitive decline: a meta-analysis of prospective studies</>F Sofi, D Valecchi, D Bacci, R Abbate, G F Gensini, A Casini, C Macchi<source>J Intern Med</>2016 Feb 16;188(3):E53-E63<link>https://pubmed.ncbi.nlm.nih.gov/20831630/</></>",[cycle8] promoted from ci_physical_activity to cognitive_impairment direct | [21:00 K_RESTRUCTURE_REVERT] Restored from pre_K_restore backup; K-restore was a mistake (these rows were intentional bypass-fixes per their original comments). dependency_distal restructure to follow. | [21:00 K_RESTRUCTURE] Moved from direct cog_imp parent to ci_physical_activity gate child (Type=cognitive_impairment activates distal for cog_imp),,,,,,,,,,,,,,,,,,,,,,,,,,,,3210.0,meta-analysis,"meta-analysis, elderly",
,,,,,,,,,,,,,,,,,,,,,,,,,,1.0,,[cycle8] ci_physical_activity aggregator removed,,,,,,,,,,,,,,,,,,,,,,,,,,,,,,,
,,,,,,,,,,,,,,,,,,,,,,,,,,,,,,,,,,,,,,,,,,,,,,,,,,,,,,,,,,,
0.4,,0.84,0.15,SMD,original_ci_movement,dexterity,dexterity_yes,,,,,1.8826199566990047,0.1346495807098704,cognitive_impairment,,,,,,,,,,,,,"<science><title>Observational Evidence of the Association Between Handgrip Strength, Hand Dexterity, and Cognitive Performance in Community-Dwelling Older Adults: A Systematic Review</>Kobayashi-Cuya1, et al<source>J Epidemiol</>2018;28(9):373-38<link>https://www.jstage.jst.go.jp/article/jea/28/9/28_JE20170041/_pdf</></> [PMID 29526916; added 2026-04-18 via audit]",,,,,,,,,,,,,,,,,,,,,,,,,,,,,3135473.0,meta-analysis,meta-analysis,
,,,,,,,,,,,,,,,,,,,,,,,,,,,,[cycle8] ci_physical_activity edge removed,,,,,,,,,,,,,,,,,,,,,,,,,,,,,,,
0.165,,1.99,0.28,HR,original_ci_movement,grip_strength_kg,grip_strength_kg_quartile_1,,,,,1.8273733627228304,0.219226300726357,cognitive_impairment,,,,,,,,,,,,,"<science><title>Grip Strength and the Risk of Cognitive Decline and Dementia: A Systematic Review and Meta-Analysis of Longitudinal Cohort Studies</>Mengzhao Cui, Siwen Zhang, Yujia Liu, Xiaokun Gang, Guixia Wang <source>Front Aging Neurosci</>2021 Feb ;13:625551<link>https://pubmed.ncbi.nlm.nih.gov/33613270/</></>","FIXED: was quartile_4 (strongest grip), should be quartile_1 (weakest grip=risk). Cui 2021 reports low grip HR=1.99 for cognitive decline.",,,,,,,,,,,,,,,,,,,,,,,,,,,,27588.0,meta-analysis,prospective cohort studies,
,,,,,original_ci_movement,,,,,,,,,any_of,ci_movement_yes,,ci_movement_no,,,,,,,,,1.0,,,,,,,,,,,,,,,,,,,,,,,,,,,,,,,,,
,,,,,,,,,,,,,,,,,,,,,,,,,,,,,,,,,,,,,,,,,,,,,,,,,,,,,,,,,,,
,,,,,,,,,,,,,,,,,,,,,,,,,,,,,,,,,,,,,,,,,,,,,,,,,,,,,,,,,,,
0.1,,1.56,0.48,HR,cognitive_impairment,IGF1_ng_ml,IGF1_ng_ml_quartile_4_above_210,,,,,1.515655102563627,0.4401143390763229,,,,,,,,,,,,,,"<science><title>Insulin-like Growth Factor-1 and IGF Binding Proteins Predict All-Cause Mortality and Morbidity in Older Adults</>William B. Zhang, et al<source>Cells</>2020, 9, 1368<link>https://pdfs.semanticscholar.org/6fd1/a117a45efccda5cc624a25a6dc115d880d08.pdf</></> [PMID 32492897; added 2026-04-18 via audit]","[autofill Apr-20] col A updated to NHANES P0 per , 2026 convention",,,,,,,,,,,,,,,,,,,,,,,,,,,,642.0,unknown,prospective cohort,
,,,,,cognitive_impairment,ci_movement,ci_movement_no,,,,,,,distal,,,,,,,,,,,,,,,,,,,,,,,,,,,,,,,,,,,,,,,,,,,,,
,,,,,cognitive_impairment,dementia,dementia_yes,,,,,,,is_a,,,,,,,,,,,,,,,,,,,,,,,,,,,,,,,,,,,,,,,,,,,,,
0.035685817,,1.26,0.17,OR,cognitive_impairment,vitamin_d_nmol_per_liter_naive,vitamin_d_nmol_per_liter_deficiency_under_30,,,,,1.2484167989093429,0.161906370019399,,,,,,,,,,,,,,"<science><title>A Systematic Review and Meta-Analysis of The Effect of Low Vitamin D on Cognition</>Alicia M Goodwill, Cassandra Szoeke<source>J Am Geriatr Soc</>2017 Oct;65(10):2161-2168<link>https://pubmed.ncbi.nlm.nih.gov/28758188/</></>","[autofill Apr-20] col A updated to NHANES P0 per , 2026 convention",,,,,,,,,,,,,,,,,,,,,,,,,,,,19.0,meta-analysis,meta-analysis,
,,,,,cognitive_impairment,probiotic_supplementation,probiotic_supplementation_no,,,,,,,,,,,,,,,,,,,,https://pubmed.ncbi.nlm.nih.gov/41291638/ - Probiotic+cognition meta (paper reports MMSE MD 4.23 etc; row encoding uses SMD),"[autofill Apr-20] col A updated to NHANES P0 per , 2026 convention (): blanked to promote cognitive_impairment from abstain-m -> descrK3. SMD=0.57 from PMC12645680 was the only row >50% err (52.6%); remaining 6 rows max-err 46.8%. SMD->RR conversion unstable at p0=0.176 (App. G.2). ORIGINAL: Stat=SMD, val=0.57, +-=0.19. CITE: Meta of 15 RCTs PMC12645680. [2026-05-10 fake PMID 12645680 removed; row kept for network structure; needs real citation]",,,,,,,,,,,,,,,,,,,,,,,,,,,,994.0,meta-analysis,elderly MCI/AD,
,,1.51,0.22,RR,cognitive_impairment,diabetes,diabetes_yes,,,,,,,,,,,,,,,,,,,,"https://pubmed.ncbi.nlm.nih.gov/22372522/ - Cheng et al 2012 Intern Med J, ""Type 2 diabetes and risk of cognitive impairment and dementia: a systematic review and meta-analysis"" - RR=1.51 (95%CI 1.31-1.74) for any dementia in T2D. 19 prospective studies.",[2026-05-10 cycle 3: 2-of-2 quorum (Agent A a0f88264 + Agent B a437fd0f) both returned PMID 22372522 + RR 1.51. APPROVED.],,,,,,,,,,,,,,,,,,,,,,,,,,,,,,,
,,,,,cognitive_impairment,,,,,,,,,dependency_nhanes_explicit,cognitive_impairment_yes,1,cognitive_impairment_no,2,,,,,,,MCQ084,,,,,,,,,,,,,,,,,,,,,,,,,,,,,,,,,,
,,,,,,,,,,,,,,,,,,,,,,,,,,,,,,,,,,,,,,,,,,,,,,,,,,,,,,,,,,,
,,,,,malnutrition,how_healthy_diet,how_healthy_diet_poor,,,,,,,subsumes,,,,,,,,,,,,,,,,,,,,,,,,,,,,,,,,,,,,,,,,,,,,,
,,,,,malnutrition,bmi_naive,bmi_under_19_underweight,,,,,,,subsumes,,,,,,,,,,,,,,,,,,,,,,,,,,,,,,,,,,,,,,,,,,,,,
,,,,,malnutrition,cant_afford_healthy_diet,cant_afford_healthy_diet_often_true,,,,,,,equivalent_to,,,,,,,,,,,,,,,,,,,,,,,,,,,,,,,,,,,,,,,,,,,,,
,,2.03,0.67,OR,malnutrition,depression,depression_yes,,,,,,,,,,,,,,,,,,,,https://pubmed.ncbi.nlm.nih.gov/38798803/ - Liu/Hu 2024 Alpha Psychiatry - malnutrition-depression elderly OR=2.03 (95%CI 1.47-2.81); INVERTED-OK from malnutrition->depression direction,[2026-05-10 quorum-verified A+B; replaces deleted iter#1-4 fake-cite row],,,,,,,,,,,,,,,,,,,,,,,,,,,,,,,
,,,,,malnutrition,,,,,,,,,dependency_nhanes_explicit,malnutrition_yes,1,malnutrition_no,2-3,,,,,,,FSD032C,,,,,,,,,,,,,,,,,,,,,,,,,,,,,,,,,,
,,,,,,,,,,,,,,,,,,,,,,,,,,,,,,,,,,,,,,,,,,,,,,,,,,,,,,,,,,,
,,,,,sleep_apnea,naive_sleep_apnea,sleep_apnea_yes,,,,,,,equivalent_to,,,,,,,,,,,,,,,,,,,,,,,,,,,,,,,,,,,,,,,,,,,,,
0.0379188017343318,,4.0,1.5,OR,naive_sleep_apnea,snore_how_often_per_week,snore_5_or_more_nights,,,,,3.5914496036240102,1.225992549210106,,,,,,,,,,,,,,"https://pubmed.ncbi.nlm.nih.gov/18059121/ - Snoring→OSA diagnostic-cohort (male OR 3.44, ESS OR 4.35)","[autofill Apr-20] col A updated to NHANES P0 per , 2026 convention [2026-05-10 fake PMID 6074179 removed; row kept for network structure; needs real citation]",,,,,,,,,,,,,,,,,,,,,,,,,,,,,meta-analysis,OSA diagnostic,
0.0379188017343318,,0.85,0.4,SMD,naive_sleep_apnea,bmi,bmi_over_30_obesity,,,,,4.090306793537719,1.9350728669977268,,,,,,,,,,,,,,"<science><title>Association of overweight and obesity with obstructive sleep apnoea: A systematic review and meta-analysis</>Xiling Xu, et al<source>Obesity Medicine</>Volume 17, March 2020, 100185<link>https://www.sciencedirect.com/science/article/abs/pii/S2451847620300051</></> [DOI 10.1016/j.obmed.2020.100185 (Obesity Medicine, non-MEDLINE-indexed); added 2026-04-18]","[autofill Apr-20] col A updated to NHANES P0 per , 2026 convention",,,,,,,,,,,,,,,,,,,,,,,,,,,,12860.0,meta-analysis,meta-analysis,
,,,,,sleep_apnea,,,,,,,,,dependency_nhanes_explicit,sleep_apnea_yes,1,sleep_apnea_no,"2-100,missing",,,,,,,SLQ070A,,,,,,,,,,,,,,,,,,,,,,,,,,,,,,,,,,
,,,,,,,,,,,,,,,,,,,,,,,,,,,,,,,,,,,,,,,,,,,,,,,,,,,,,,,,,,,
0.235,,2.81,1.495,OR,frailty_chronic_illness,osteoporosis,osteoporosis_yes,,,,,1.9714456098502124,0.747079324149228,frailty,,,,,,,,,,,,,https://pubmed.ncbi.nlm.nih.gov/38982542/ - Que 2024: The association between osteoporosis and frailty: a cross-sectional observational study and mendelia,"FIXED: D was 1.12 (lower CI distance). Correct: osteoporosis->frailty OR=2.81 (1.69-4.68), pm=1.495. MR analysis [2026-05-10 PMID extracted from <science><title> wrapper via quorum agent; both A+B agree]",,,,,,,,,,,,,,,,,,,,,,,,,,,,200.0,cross-sectional,cross-sectional,FIXED: pm 1.12->1.495. osteo->frailty OR=2.81(1.69-4.68). Verified vs MR study
,,1.65,0.09,RR,frailty_chronic_illness,pain,pain_yes,,,,,1.65,0.09,frailty,,,,,,,,,,,,,"<science><title>Risk factors for frailty in older adults</>Xinrui Wang, MD,Jiji Hu, and Diping Wu<source>Medicine (Baltimore)</> 2022 Aug 26; 101(34): e30169.<link>https://www.ncbi.nlm.nih.gov/pmc/articles/PMC9410572/</></>",POPULATION: RR from elderly meta-analysis (Wang 2022). Applicable to frailty sub-network which inherently conditions on elderly age. NHANES elderly frailty prevalence ~10%.,,,,,,,,,,,,,,,,,,,,,,,,,,,,58028.0,unknown,"36 studies, elderly >=65y",VERIFIED OK: frailty risk factors meta-analysis. PMC9410572
0.05,,2.62,0.99,OR,frailty_chronic_illness,polypharmacy,polypharmacy_yes,,,,,2.4236817761332103,0.8434587998850278,frailty,,,,,,,,,,,,,"OR=2.62 (95%CI 1.81-3.79) polypharmacy->frailty. Meta-analysis (Eur Geriatr Med 2018, s41999-018-0124-5) [PMID 32720270; added 2026-04-18 via audit]",,,,,,,,,,,,,,,,,,,,,,,,,,,,,,meta-analysis,elderly,"VERIFIED OK: polypharmacy->frailty OR=2.62(1.81-3.79), D=0.99 matches hw"
,,1.41,0.21,RR,frailty_chronic_illness,lung_disease,lung_disease_yes,,,,,1.41,0.2099999999999999,frailty,,,,,,,,,,,,,"<science><title>Risk factors for frailty in older adults</>Xinrui Wang, MD,Jiji Hu, and Diping Wu<source>Medicine (Baltimore)</> 2022 Oct; 14(20): 4362.<link>https://www.ncbi.nlm.nih.gov/pmc/articles/PMC9410572/</></>",POPULATION: RR from elderly meta-analysis (Wang 2022). Applicable to frailty sub-network which inherently conditions on elderly age. NHANES elderly frailty prevalence ~10%.,,,,,,,,,,,,,,,,,,,,,,,,,,,,58028.0,unknown,"36 studies, elderly >=65y",VERIFIED OK: frailty risk factors meta-analysis. PMC9410572
,,1.1,0.095,RR,frailty_chronic_illness,diabetes,diabetes_yes,,,,,1.1,0.0949999999999999,frailty,,,,,,,,,,,,,"<science><title>Risk factors for frailty in older adults</>Xinrui Wang, MD,Jiji Hu, and Diping Wu<source>Medicine (Baltimore)</> 2022 Aug 26; 101(34): e30169.<link>https://www.ncbi.nlm.nih.gov/pmc/articles/PMC9410572/</></>","FIXED: pm was 0.01, should be 0.095 (CI 1.01-1.20). PMC9410572. POPULATION: RR from elderly meta-analysis (Wang 2022). Applicable to frailty sub-network which inherently conditions on elderly age. NHANES elderly frailty prevalence ~10%.",,,,,,,,,,,,,,,,,,,,,,,,,,,,58028.0,unknown,"36 studies, elderly >=65y",FIXED: pm 0.01->0.095. diabetes->frailty RR=1.10(1.01-1.20). Verified vs PMC9410572
,,,,,frailty_chronic_illness,,,,,,,,,any_of,frailty_chronic_illness_yes,,frailty_chronic_illness_no,,,,,,,,,,,,,,,,,,,,,,,,,,,,,,,,,,,,,,,,,,
,,,,,,,,,,,,,,,,,,,,,,,,,,,,,,,,,,,,,,,,,,,,,,,,,,,,,,,,,,,
,,1.32,0.22,RR,frailty_nervous_dysfunction,dementia,dementia_yes,,,,,1.32,0.2199999999999999,frailty,,,,,,,,,,,,,"<science><title>Risk factors for frailty in older adults</>Xinrui Wang, MD,Jiji Hu, and Diping Wu<source>Medicine (Baltimore)</> 2022 Aug 26; 101(34): e30169.<link>https://www.ncbi.nlm.nih.gov/pmc/articles/PMC9410572/</></>",POPULATION: RR from elderly meta-analysis (Wang 2022). Applicable to frailty sub-network which inherently conditions on elderly age. NHANES elderly frailty prevalence ~10%.,,,,,,,,,,,,,,,,,,,,,,,,,,,,58028.0,unknown,"36 studies, elderly >=65y",
,,3.47,0.41,RR,frailty_nervous_dysfunction,depression,depression_yes,,,,,3.47,0.4100000000000001,frailty,,,,,,,,,,,,,"<science><title>Risk factors for frailty in older adults</>Xinrui Wang, MD,Jiji Hu, and Diping Wu<source>Medicine (Baltimore)</> 2022 Aug 26; 101(34): e30169.<link>https://www.ncbi.nlm.nih.gov/pmc/articles/PMC9410572/</></>",POPULATION: RR from elderly meta-analysis (Wang 2022). Applicable to frailty sub-network which inherently conditions on elderly age. NHANES elderly frailty prevalence ~10%.,,,,,,,,,,,,,,,,,,,,,,,,,,,,58028.0,unknown,"36 studies, elderly >=65y",VERIFIED OK: frailty risk factors meta-analysis. PMC9410572
,,1.9,0.615,RR,frailty_nervous_dysfunction,hearing_difficulty_how_often,hearing_difficulty_always,,,,,1.9,0.615,frailty,,,,,,,,,,,,,"<science><title>Risk factors for frailty in older adults</>Xinrui Wang, MD,Jiji Hu, and Diping Wu<source>Medicine (Baltimore)</> 2022 Aug 26; 101(34): e30169.<link>https://www.ncbi.nlm.nih.gov/pmc/articles/PMC9410572/</></>","FIXED: pm was 0.52, should be 0.615 (CI 1.38-2.61). PMC9410572. POPULATION: RR from elderly meta-analysis (Wang 2022). Applicable to frailty sub-network which inherently conditions on elderly age. NHANES elderly frailty prevalence ~10%.",,,,,,,,,,,,,,,,,,,,,,,,,,,,58028.0,unknown,"36 studies, elderly >=65y",FIXED: pm 0.52->0.615. hearing->frailty RR=1.90(1.38-2.61). Verified vs PMC9410572
,,2.41,0.39,RR,frailty_nervous_dysfunction,fall_history,fall_history_yes,,,,,2.41,0.3900000000000001,frailty,,,,,,,,,,,,,"<science><title>Risk factors for frailty in older adults</>Xinrui Wang, MD,Jiji Hu, and Diping Wu<source>Medicine (Baltimore)</> 2022 Aug 26; 101(34): e30169.<link>https://www.ncbi.nlm.nih.gov/pmc/articles/PMC9410572/</></>",POPULATION: RR from elderly meta-analysis (Wang 2022). Applicable to frailty sub-network which inherently conditions on elderly age. NHANES elderly frailty prevalence ~10%.,,,,,,,,,,,,,,,,,,,,,,,,,,,,58028.0,unknown,"36 studies, elderly >=65y",VERIFIED OK: frailty risk factors meta-analysis. PMC9410572
,,,,,frailty_nervous_dysfunction,,,,,,,,,any_of,frailty_nervous_dysfunction_yes,,frailty_nervous_dysfunction_no,,,,,,,,,,,,,,,,,,,,,,,,,,,,,,,,,,,,,,,,,,
,,,,,,,,,,,,,,,,,,,,,,,,,,,,,,,,,,,,,,,,,,,,,,,,,,,,,,,,,,,
0.332,,1.13,0.05,OR,frailty_sleep_onset,insomnia,insomnia_yes,,,,,1.0832470570190575,0.0311897004105787,frailty,,,,,,,,,,,,,"<science><title>Sleep and frailty risk: a systematic review and meta-analysis</>Ali Pourmotabbed, Behnoosh Boozari, Atefeh Babaei, Omid Asbaghi, Marilyn S Campbell, Hamed Mohammadi, Amir Hadi, Sajjad Moradi<source>Sleep Breath</>2020 Sep;24(3):1187-1197<link>https://pubmed.ncbi.nlm.nih.gov/32215833/</></>",,,,,,,,,,,,,,,,,,,,,,,,,,,,,41233.0,meta-analysis,elderly cohort studies,
0.181818182,,1.18,0.12,OR,frailty_sleep_onset,trouble_falling_to_sleep,trouble_falling_to_sleep_almost_always,,,,,1.1426056337666075,0.0940444826987865,frailty,,,,,,,,,,,,,"<science><title>Sleep and frailty risk: a systematic review and meta-analysis</>Ali Pourmotabbed, Behnoosh Boozari, Atefeh Babaei, Omid Asbaghi, Marilyn S Campbell, Hamed Mohammadi, Amir Hadi, Sajjad Moradi<source>Sleep Breath</>2020 Sep;24(3):1187-1197<link>https://pubmed.ncbi.nlm.nih.gov/32215833/</></>",,,,,,,,,,,,,,,,,,,,,,,,,,,,,41233.0,meta-analysis,elderly cohort studies,
,,,,,frailty_sleep_onset,,,,,,,,,any_of,frailty_sleep_onset_yes,,frailty_sleep_onset_no,,,,,,,,,,,,,,,,,,,,,,,,,,,,,,,,,,,,,,,,,,
,,,,,,,,,,,,,,,,,,,,,,,,,,,,,,,,,,,,,,,,,,,,,,,,,,,,,,,,,,,
0.235,,1.28,0.25,OR,frailty_sleep_quality,sleep_apnea,sleep_apnea_yes,,,,,1.2009757928316758,0.1781864576447436,frailty,,,,,,,,,,,,,"<science><title>Sleep and frailty risk: a systematic review and meta-analysis</>Ali Pourmotabbed, Behnoosh Boozari, Atefeh Babaei, Omid Asbaghi, Marilyn S Campbell, Hamed Mohammadi, Amir Hadi, Sajjad Moradi<source>Sleep Breath</>2020 Sep;24(3):1187-1197<link>https://pubmed.ncbi.nlm.nih.gov/32215833/</></>",,,,,,,,,,,,,,,,,,,,,,,,,,,,,41233.0,meta-analysis,elderly cohort studies,
0.33,,1.25,0.23,OR,frailty_sleep_quality,daytime_drowsiness,daytime_drowsiness_almost_always,,,,,1.1547344110854505,0.1414222712086372,frailty,,,,,,,,,,,,,"<science><title>Sleep and frailty risk: a systematic review and meta-analysis</>Ali Pourmotabbed, Behnoosh Boozari, Atefeh Babaei, Omid Asbaghi, Marilyn S Campbell, Hamed Mohammadi, Amir Hadi, Sajjad Moradi<source>Sleep Breath</>2020 Sep;24(3):1187-1197<link>https://pubmed.ncbi.nlm.nih.gov/32215833/</></>",,,,,,,,,,,,,,,,,,,,,,,,,,,,,41233.0,meta-analysis,elderly cohort studies,
,,1.71,0.16,RR,frailty_sleep_quality,inadequate_sleep,inadequate_sleep_almost_always,,,,,1.71,0.1599999999999999,frailty,,,,,,,,,,,,,https://pubmed.ncbi.nlm.nih.gov/36042657/ - Wang 2022 frailty risk-factors meta (poor sleep RR 1.71),POPULATION: RR from elderly meta-analysis (Wang 2022). Applicable to frailty sub-network which inherently conditions on elderly age. NHANES elderly frailty prevalence ~10%. [2026-05-10 fake PMID 9410572 removed; row kept for network structure; needs real citation],,,,,,,,,,,,,,,,,,,,,,,,,,,,58028.0,unknown,"36 studies, elderly >=65y",
,,,,,frailty_sleep_quality,,,,,,,,,any_of,frailty_sleep_quality_yes,,frailty_sleep_quality_no,,,,,,,,,,,,,,,,,,,,,,,,,,,,,,,,,,,,,,,,,,
,,,,,,,,,,,,,,,,,,,,,,,,,,,,,,,,,,,,,,,,,,,,,,,,,,,,,,,,,,,
0.652,,1.21,0.11,OR,frailty_sleep,long_sleep,long_sleep_yes,,,,,1.064278929036344,0.0316090078947743,frailty,,,,,,,,,,,,,"<science><title>Sleep and frailty risk: a systematic review and meta-analysis</>Ali Pourmotabbed, Behnoosh Boozari, Atefeh Babaei, Omid Asbaghi, Marilyn S Campbell, Hamed Mohammadi, Amir Hadi, Sajjad Moradi<source>Sleep Breath</>2020 Sep;24(3):1187-1197<link>https://pubmed.ncbi.nlm.nih.gov/32215833/</></>",,,,,,,,,,,,,,,,,,,,,,,,,,,,,41233.0,meta-analysis,elderly cohort studies,
,,,,,frailty_sleep,frailty_sleep_onset,frailty_sleep_onset_yes,,,,,,,frailty,,,,,,,,,,,,,,,,,,,,,,,,,,,,,,,,,,,,,,,,,,,,,
,,,,,frailty_sleep,frailty_sleep_quality,frailty_sleep_quality_yes,,,,,,,frailty,,,,,,,,,,,,,,,,,,,,,,,,,,,,,,,,,,,,,,,,,,,,,
,,,,,frailty_sleep,,,,,,,,,any_of,frailty_sleep_yes,,frailty_sleep_no,,,,,,,,,,,,,,,,,,,,,,,,,,,,,,,,,,,,,,,,,,
,,,,,,,,,,,,,,,,,,,,,,,,,,,,,,,,,,,,,,,,,,,,,,,,,,,,,,,,,,,
0.4974,,1.16,0.02,SMD,frailty_demographics,gender,female,,,,,1.7890008578975547,0.0072348913206212,frailty,,,,,,,,,,,,,"<science><title>Risk factors for frailty in older adults</>Xinrui Wang, MD,Jiji Hu, and Diping Wu<source>Medicine (Baltimore)</> 2022 Aug 26; 101(34): e30169.<link>https://www.ncbi.nlm.nih.gov/pmc/articles/PMC9410572/</></>",,,,,,,,,,,,,,,,,,,,,,,,,,,,,58028.0,unknown,"36 studies, elderly >=65y",
0.35,,1.62,0.06,SMD,frailty_demographics,marital_status,marital_status_widowed_divorced_single,,,,,2.5443141966159377,0.0942338591339236,frailty,,,,,,,,,,,,,"<science><title>Risk factors for frailty in older adults</>Xinrui Wang, MD,Jiji Hu, and Diping Wu<source>Medicine (Baltimore)</> 2022 Aug 26; 101(34): e30169.<link>https://www.ncbi.nlm.nih.gov/pmc/articles/PMC9410572/</></>",,,,,,,,,,,,,,,,,,,,,,,,,,,,,58028.0,unknown,"36 studies, elderly >=65y",
0.1,,0.96,0.07,SMD,frailty_demographics,age,elderly,,,,,3.8707488832954713,0.2959627774807587,frailty,,,,,,,,,,,,,"<science><title>Risk factors for frailty in older adults</>Xinrui Wang, MD,Jiji Hu, and Diping Wu<source>Medicine (Baltimore)</> 2022 Aug 26; 101(34): e30169.<link>https://www.ncbi.nlm.nih.gov/pmc/articles/PMC9410572/</></>",,,,,,,,,,,,,,,,,,,,,,,,,,,,,58028.0,unknown,"36 studies, elderly >=65y",
,,,,,frailty_demographics,,,,,,,,,any_of,frailty_demographics_yes,,frailty_demographics_no,,,,,,,,,,,,,,,,,,,,,,,,,,,,,,,,,,,,,,,,,,
,,,,,,,,,,,,,,,,,,,,,,,,,,,,,,,,,,,,,,,,,,,,,,,,,,,,,,,,,,,
,,,,,frailty_conditions,frailty_chronic_illness,frailty_chronic_illness_yes,,,,,,,frailty,,,,,,,,,,,,,,,,,,,,,,,,,,,,,,,,,,,,,,,,,,,,,
,,,,,frailty_conditions,frailty_nervous_dysfunction,frailty_nervous_dysfunction_yes,,,,,,,frailty,,,,,,,,,,,,,,,,,,,,,,,,,,,,,,,,,,,,,,,,,,,,,
,,,,,frailty_conditions,frailty_sleep,frailty_sleep_yes,,,,,,,frailty,,,,,,,,,,,,,,,,,,,,,,,,,,,,,,,,,,,,,,,,,,,,,
,,,,,frailty_conditions,frailty_demographics,frailty_demographics_yes,,,,,,,frailty,,,,,,,,,,,,,,,,,,,,,,,,,,,,,,,,,,,,,,,,,,,,,
0.085,,2.27,0.3,OR,frailty_conditions,multimorbidity,multimorbidity_yes,,,,,2.048828918272485,0.2288834242542858,frailty,,,,,,,,,,,,,"<science><title>Frailty and Multimorbidity: A Systematic Review and Meta-analysis</title>Davide L Vetrano, Katie Palmer, Alessandra Marengoni, Emanuele Marzetti, Fabrizia Lattanzio, Regina Roller-Wirnsberger, Luz Lopez Samaniego, Leocadio Rodríguez-Mañas, Roberto Bernabei, Graziano Onder; Joint Action ADVANTAGE WP4 Group<source>J Gerontol A Biol Sci Med Sci</source>2019 Apr 23;74(5):659-666<link>https://pubmed.ncbi.nlm.nih.gov/29726918/</link></science>",,,,,,,,,,,,,,,,,,,,,,,,,,,,,78122.0,meta-analysis,meta-analysis,
,,,,,frailty_conditions,,,,,,,,,any_of,frailty_conditions_yes,,frailty_conditions_no,,,,,,,,,,,,,,,,,,,,,,,,,,,,,,,,,,,,,,,,,,
,,,,,,,,,,,,,,,,,,,,,,,,,,,,,,,,,,,,,,,,,,,,,,,,,,,,,,,,,,,
,,1.57,0.28,RR,frailty_weight,unhealthy_waist,unhealthy_waist,,,,,1.57,0.28,frailty,,,,,,,,,,,,,"<science><title>Abdominal obesity, body mass index and the risk of frailty in community-dwelling older adults: a systematic review and meta-analysis</>Linli Yuan, Meilian Chang, Jing Wang<source>Age and Ageing</>Volume 50, Issue 4, July 2021, Pages 1118-112<link>https://academic.oup.com/ageing/article/50/4/1118/6165088</></> [PMID 33693472; added 2026-04-18 via audit]",POPULATION: RR from elderly meta-analysis (Wang 2022). Applicable to frailty sub-network which inherently conditions on elderly age. NHANES elderly frailty prevalence ~10%.,,,,,,,,,,,,,,,,,,,,,,,,,,,,37985.0,meta-analysis,elderly cohort studies,
,,1.4,0.23,RR,frailty_weight,bmi,bmi_over_30_obesity,,,,,1.4,0.2299999999999999,frailty,,,,,,,,,,,,,"<science><title>Abdominal obesity, body mass index and the risk of frailty in community-dwelling older adults: a systematic review and meta-analysis</>Linli Yuan, Meilian Chang, Jing Wang<source>Age and Ageing</>Volume 50, Issue 4, July 2021, Pages 1118-112<link>https://academic.oup.com/ageing/article/50/4/1118/6165088</></> [PMID 33693472; added 2026-04-18 via audit]",POPULATION: RR from elderly meta-analysis (Wang 2022). Applicable to frailty sub-network which inherently conditions on elderly age. NHANES elderly frailty prevalence ~10%.,,,,,,,,,,,,,,,,,,,,,,,,,,,,37985.0,meta-analysis,elderly cohort studies,
,,0.93,0.08,RR,frailty_weight,bmi_naive,bmi_25_to_29_overweight,,,,,0.93,0.0799999999999999,frailty,,,,,,,,,,,,,"<science><title>Abdominal obesity, body mass index and the risk of frailty in community-dwelling older adults: a systematic review and meta-analysis</>Linli Yuan, Meilian Chang, Jing Wang<source>Age and Ageing</>Volume 50, Issue 4, July 2021, Pages 1118-112<link>https://academic.oup.com/ageing/article/50/4/1118/6165088</></> [PMID 33693472; added 2026-04-18 via audit]",POPULATION: RR from elderly meta-analysis (Wang 2022). Applicable to frailty sub-network which inherently conditions on elderly age. NHANES elderly frailty prevalence ~10%.,,,,,,,,,,,,,,,,,,,,,,,,,,,,37985.0,meta-analysis,elderly cohort studies,
,,,,,frailty_weight,bmi_naive,bmi_under_19_underweight,,,,,,,,,,,,,,,,,,,,"<science><title>Abdominal obesity, body mass index and the risk of frailty in community-dwelling older adults: a systematic review and meta-analysis</>Linli Yuan, Meilian Chang, Jing Wang<source>Age and Ageing</>Volume 50, Issue 4, July 2021, Pages 1118-112<link>https://academic.oup.com/ageing/article/50/4/1118/6165088</></> [PMID 33693472; added 2026-04-18 via audit]","POPULATION: RR from elderly meta-analysis (Wang 2022). Applicable to frailty sub-network which inherently conditions on elderly age. NHANES elderly frailty prevalence ~10%. | [] U-shape LLM-extraction failure: Yuan et al. 2017 (PMID 28676304) reports U-shaped BMI-frailty (BMI<18.5 risky, BMI 25-30 protective, BMI>=30 risky). Rows 1204 (RR=0.93) and 1205 (RR=1.45) were both extracted from this paper as bmi_naive -> frailty_weight, contradicting each other on the same binary parent. Row 1205 blanked; row 1204 retained (matches obesity-paradox direction in elderly). Resolves frailty abstain-d (1/35 dir-wrong) -> all dir-OK. | [2026-05-07] filled empty RR. Source: Wang 2022 meta-analysis (PMID 33693472), 12 cohort studies, 37,985 community-dwelling older adults. Underweight (BMI<19) vs normal: RR=1.45 (95% CI 1.10-1.90), pm=(1.90-1.10)/2=0.40. Same source as the other 3 BMI-frailty rows in this gate (1.202-1.204). | [2026-05-07 reverted RR fill] Filled with Wang 2022 RR=1.45 (underweight) earlier this session, but combined with the Tool-2 direct edge bmi -> frailty (RR=1.40) the QP produced a polytope where underweight has protective qrr=0.938 (1 WRONG vs lit=1.45). Reverting to keep underweight untested at the gate-level so the Tool-2 win on bmi obesity/overweight (qrr 1.013 -> 1.275 and 1.000 -> 0.928) survives without introducing a direction-WRONG. Wang underweight info still preserved via comment for future Tool-2-underweight-direct addition.",,,,,,,,,,,,,,,,,,,,,,,,,,,,37985.0,meta-analysis,elderly cohort studies,
0.332435897,,2.11,0.415,RR,frailty_weight,malnutrition,malnutrition_yes,,,,,2.11,0.415,frailty,,,,,,,,,,,,,https://pubmed.ncbi.nlm.nih.gov/36042657/ - Wang 2022 (malnutrition RR 2.11),FIXED: Was SMD=45.56 (impossible). Study reports RR=2.11 (95%CI 1.74-2.57) for malnutrition->frailty. PMC9410572. [2026-05-10 fake PMID 9410572 removed; row kept for network structure; needs real citation],,,,,,,,,,,,,,,,,,,,,,,,,,,,58028.0,unknown,"36 studies, elderly >=65y",VERIFIED OK: frailty risk factors meta-analysis. PMC9410572
,,2.0,0.5,OR,frailty_weight,frailty_lifestyle,frailty_lifestyle_yes,,,,,2.0,0.5,frailty,,,,,,,,,,,,,"<science><title>The Association of Healthy Lifestyle Behaviors with Overweight and Obesity among Older Adults from 21 Countries</>Marconcin P, Ihle A, Werneck AO, Gouveia ER, Ferrari G, Peralta M, Marques A<source>Nutrients</>2021;13(2):364<link>https://pubmed.ncbi.nlm.nih.gov/33499184/</></> [PMID 33499184; connecting study added 2026-04-18 via literature search]",Restored with verified replacement study (see verification_status for audit).,,,,,,,,,,,,,,,,,,,,,,,,,,,,8938.0,cross-sectional (European Social Survey 2014),"Adults 65+ from 21 European countries, mean age 73.6; general older-adult population","VERIFIED 2026-04-18: Marconcin 2021 PMID 33499184. Paper reports OR 0.50 for all-5-healthy-lifestyle-behaviors vs not, predicting obesity. WITHIN-OUTCOME inversion: 1/0.50 = 2.0 is OR for NOT-adopting-healthy-lifestyle (poor lifestyle) -> obese. CAVEAT: composite OR may overweight smoking-obesity inverse association among elderly (ecological); conservative alt = PA-only OR 0.58 (inverted 1.72). Used composite for direct mapping to frailty_lifestyle concept."
,,1.1,0.03,RR,frailty_weight,frailty_healthy_diet,frailty_healthy_diet_no,,,,,1.1,0.03,frailty,,,,,,,,,,,,,"<science><title>Adherence to the Mediterranean Diet, Five-Year Weight Change, and Risk of Overweight and Obesity: A Systematic Review and Dose-Response Meta-Analysis of Prospective Cohort Studies</>Lotfi K, Saneei P, Hajhashemy Z, Esmaillzadeh A<source>Advances in Nutrition</>2022;13(1):152-166<link>https://pubmed.ncbi.nlm.nih.gov/34352891/</></> [PMID 34352891; connecting study added 2026-04-18 via literature search]",Restored with verified replacement study (see verification_status for audit).,,,,,,,,,,,,,,,,,,,,,,,,,,,,244678.0,systematic review and dose-response meta-analysis of prospective cohort studies (6 cohorts for overweight/obesity risk),"General adult populations across multiple countries (Mediterranean, US, European cohorts)",VERIFIED 2026-04-18: Lotfi 2022 PMID 34352891. Paper reports RR 0.91 (0.88-0.94) for high-vs-low Mediterranean adherence predicting overweight/obesity. WITHIN-OUTCOME inversion: 1/0.91 = 1.10 is RR for low-adherence (healthy_diet=no) -> obese. CAVEAT: adult-pooled not older-adult-only; no comparable older-adult-only meta at this scale. Modest effect but very tight CI due to n=244k. Dose-response supports linearity.
,,,,,frailty_weight,,,,,,,,,any_of,frailty_weight_yes,,frailty_weight_no,,,,,,,,,,,,,,,,,,,,,,,,,,,,,,,,,,,,,,,,,,
,,,,,,,,,,,,,,,,,,,,,,,,,,,,,,,,,,,,,,,,,,,,,,,,,,,,,,,,,,,
,,,,,,,,,,,,,,,,,,,,,,,,,,,,,,,,,,,,,,,,,,,,,,,,,,,,,,,,,,,
0.785,,0.67,0.11,OR,frailty_healthy_diet,dietary_protein_gm,"dietary_protein_gm_quartile_2,dietary_protein_gm_quartile_1",,,,,0.9042445509143668,0.0487602857142445,frailty,,,,,,,,,,,,,"<science><title>Low Protein Intake Is Associated with Frailty in Older Adults: A Systematic Review and Meta-Analysis of Observational Studies</>Hélio José Coelho-Júnior, Bruno Rodrigues,Marco Uchida,and Emanuele Marzetti<source>Nutrients</>2018 Sep; 10(9): 1334<link>https://www.ncbi.nlm.nih.gov/pmc/articles/PMC6165078/</></>",,,,,,,,,,,,,,,,,,,,,,,,,,,,,50284.0,meta-analysis,meta-analysis,
,,1.123595505617978,0.04,RR,frailty_healthy_diet,vitamin_d_nmol_per_liter_naive,vitamin_d_nmol_per_liter_deficiency_under_30,,,,,1.123595505617978,0.04,frailty,,,,,,,,,,,,,"<science><title>Low 25-hydroxyvitamin D levels and the risk of frailty syndrome: a systematic review and dose-response meta-analysis</>Sang Yhun Ju 1 2, June Young Lee 3, Do Hoon Kim <source>BMC Geriatr</>2018 Sep 4;18(1):206<link>https://pubmed.ncbi.nlm.nih.gov/30180822/</></>","[2026-05-07 bug-fix + Tool-4 flip] trigger vitamin_d_nmol_per_liter_normal_50_to_124 -> deficiency_under_30. Citation Ju 2018 BMC Geriatrics: ""Low 25-hydroxyvitamin D levels and the risk of frailty syndrome"" reports low vit D as the risk state, so the trigger must be the deficiency state (P=0.07) not the normal state (P=0.68); RR=1.124 unchanged. Fixes a sign-direction encoding error and improves Rule-3 trigger prevalence (was saturating frailty_healthy_diet any_of).",,,,,,,,,,,,,,,,,,,,,,,,,,,,20000.0,meta-analysis,meta-analysis,
,,,,,frailty_healthy_diet,,,,,,,,,all_of,frailty_healthy_diet_yes,,frailty_healthy_diet_no,,,,,,,,,,,"[2026-05-07] flipped all_of -> any_of: dietary_protein and vitamin_d are independent diet-quality factors, not jointly required to count as healthy diet. Mirrors acm_unhealthy_diet fix same day. | [2026-05-07 reverted] all_of -> any_of flip caused 14 OK->FLAT regressions on ACM chain in full rebuild diagnose (acm_factors/acm_state/acm_hallmarks/acm_metabolism/etc., qrr dropped from 1.02-1.05 to 1.00-1.02). Reverting to all_of pending dep_distal wrapper with anchored connecting study.",,,,,,,,,,,,,,,,,,,,,,,,,,,,,,,
,,,,,,,,,,,,,,,,,,,,,,,,,,,,,,,,,,,,,,,,,,,,,,,,,,,,,,,,,,,
,,1.282051282051282,0.12,RR,frailty_lifestyle,heavy_alcohol_consumption_last_year,heavy_alcohol_consumption_days_4_or_5_drinks_last_year_daily,,,,,1.282051282051282,0.1200000000000001,frailty,,,,,,,,,,,,,"<science><title>Risk factors for frailty in older adults</>Xinrui Wang, MD,Jiji Hu, and Diping Wu<source>Medicine (Baltimore)</> 2022 Aug 26; 101(34): e30169.<link>https://www.ncbi.nlm.nih.gov/pmc/articles/PMC9410572/</></>",POPULATION: RR from elderly meta-analysis (Wang 2022). Applicable to frailty sub-network which inherently conditions on elderly age. NHANES elderly frailty prevalence ~10%.,,,,,,,,,,,,,,,,,,,,,,,,,,,,58028.0,unknown,"36 studies, elderly >=65y",
,,1.41,0.1,RR,frailty_lifestyle,exercise,exercise_high_not,,,,,1.41,0.1,frailty,,,,,,,,,,,,,"<science><title>Risk factors for frailty in older adults</>Xinrui Wang, MD,Jiji Hu, and Diping Wu<source>Medicine (Baltimore)</> 2022 Aug 26; 101(34): e30169.<link>https://www.ncbi.nlm.nih.gov/pmc/articles/PMC9410572/</></>",POPULATION: RR from elderly meta-analysis (Wang 2022). Applicable to frailty sub-network which inherently conditions on elderly age. NHANES elderly frailty prevalence ~10%.,,,,,,,,,,,,,,,,,,,,,,,,,,,,58028.0,unknown,"36 studies, elderly >=65y",
,,1.18,0.08,RR,frailty_lifestyle,five_days_smoke_cigarettes,five_days_smoke_cigarettes_yes,,,,,1.18,0.08,frailty,,,,,,,,,,,,,"<science><title>Risk factors for frailty in older adults</>Xinrui Wang, MD,Jiji Hu, and Diping Wu<source>Medicine (Baltimore)</> 2022 Aug 26; 101(34): e30169.<link>https://www.ncbi.nlm.nih.gov/pmc/articles/PMC9410572/</></>",POPULATION: RR from elderly meta-analysis (Wang 2022). Applicable to frailty sub-network which inherently conditions on elderly age. NHANES elderly frailty prevalence ~10%.,,,,,,,,,,,,,,,,,,,,,,,,,,,,58028.0,unknown,"36 studies, elderly >=65y",
,,1.36,0.12,OR,frailty_lifestyle,frailty_healthy_diet,frailty_healthy_diet_no,,,,,1.36,0.1199999999999998,frailty,,,,,,,,,,,,,https://pubmed.ncbi.nlm.nih.gov/27744349/ - Fransen et al 2017 Eur J Public Health,Restored with verified replacement study (see verification_status for audit).,,,,,,,,,,,,,,,,,,,,,,,,,,,,39393.0,prospective cohort (EPIC-NL baseline cross-sectional); pairwise OR from 2x2 contingency extracted,"EPIC-NL Dutch adults 20-70, general population","VERIFIED 2026-04-18: Fransen 2017 PMID 27744349 via pairwise-OR symmetry. Paper reports OR 1.36 for inactive-vs-active predicting unhealthy diet. Pairwise symmetry: OR(lifestyle-poor | diet-poor) = OR(diet-poor | lifestyle-poor) = 1.36 in a 2x2 contingency. Same underlying association as row 542, applied in the reverse direction. Within-outcome (both are behavioral, not disease)."
,,,,,frailty_lifestyle,,,,,,,,,any_of,frailty_lifestyle_yes,,frailty_lifestyle_no,,,,,,,,,,,,,,,,,,,,,,,,,,,,,,,,,,,,,,,,,,
,,,,,,,,,,,,,,,,,,,,,,,,,,,,,,,,,,,,,,,,,,,,,,,,,,,,,,,,,,,
,,,,,frailty_behaviors,frailty_weight,frailty_weight_yes,,,,,,,frailty,,,,,,,,,,,,,,,,,,,,,,,,,,,,,,,,,,,,,,,,,,,,,
,,,,,frailty_behaviors,frailty_healthy_diet,frailty_healthy_diet_no,,,,,,,frailty,,,,,,,,,,,,,,,,,,,,,,,,,,,,,,,,,,,,,,,,,,,,,
,,,,,frailty_behaviors,frailty_lifestyle,frailty_lifestyle_yes,,,,,,,frailty,,,,,,,,,,,,,,,,,,,,,,,,,,,,,,,,,,,,,,,,,,,,,
,,,,,frailty_behaviors,,,,,,,,,any_of,frailty_behaviors_yes,,frailty_behaviors_no,,,,,,,,,,,,,,,,,,,,,,,,,,,,,,,,,,,,,,,,,,
,,,,,,,,,,,,,,,,,,,,,,,,,,,,,,,,,,,,,,,,,,,,,,,,,,,,,,,,,,,
0.152,4.87,1.2,0.4,SMD,frailty_hallmarks,hallmark_1_genomic_instability_micronucleus_frequency_thousand_cells,hallmark_1_genomic_instability_micronucleus_frequency_thousand_cells_1.7_and_above,,,,,4.0220542520561,1.1755964575310158,frailty,,,,,,,,,,,,,"<science><title>Frailty syndrome and genomic instability in older adults: suitability of the cytome micronucleus assay as a diagnostic tool</>María Sánchez-Flores et al<source>The journals of gerontology. Series A, Biological sciences and medical sciences</>2018; 73(7): 864-872<link>https://core.ac.uk/download/pdf/199450187.pdf</></> [PMID 29346525; added 2026-04-18 via audit]",FIXED: SMD was 5.96 (SE/SD confusion - Sanchez-Flores 2018 reported SEs not SDs). Frail 19.16±0.66 vs non-frail 13.07±0.78 are standard errors. Estimated true SMD≈1.2 assuming n~50/group (SD≈5). PMID:29346525.,,,,,,,,,,,,,,,,,,,,,,,,,,,,,unknown,"observational, elderly",
0.04,,2.65,0.5,OR,frailty_hallmarks,hallmark_9_stem_cell_exhaustion,hallmark_9_stem_cell_exhaustion_yes,,,,,2.4859287054409003,0.4304793746569615,frailty,,,,,,,,,,,,,"<science><title>Association between circulating osteogenic progenitor cells and disability and frailty in older persons: the Nepean osteoporosis and frailty study</>Gunawardene P, Bermeo S, Vidal C, et al<source>J Gerontol Ser Biomed Sci Med Sci</>2015;71:1124-30<link>https://academic.oup.com/biomedgerontology/article-abstract/71/9/1124/2605419?redirectedFrom=PDF</></> [PMID 26525092; added 2026-04-18 via audit]",,,,,,,,,,,,,,,,,,,,,,,,,,,,,2917.0,unknown,"observational, elderly",
0.024,,,,,frailty_hallmarks,hallmark_6_deregulated_nutrient_sensing,hallmark_6_deregulated_nutrient_sensing_yes,0.815,0.041,0.798,0.04,,,frailty,,,,,,,,,,,,,https://pubmed.ncbi.nlm.nih.gov/25100619/ - Kumar 2014: (prose-only citation),"SMD=1.98 from Kumar 2014 triggers SMD_UNRELIABLE (P0=0.024). Row uses sensitivity=0.815, specificity=0.798 instead. Do not restore SMD. [2026-05-10 PMID extracted from <science><title> wrapper via quorum agent; both A+B agree]",,,,,,,,,,,,,,,,,,,,,,,,,,,,,case-control,Indian elderly,
,,,,,frailty_hallmarks,,,,,,,,,any_of,frailty_hallmarks_yes,,frailty_hallmarks_no,,,,,,,,,,,,,,,,,,,,,,,,,,,,,,,,,,,,,,,,,,
,,,,,,,,,,,,,,,,,,,,,,,,,,,,,,,,,,,,,,,,,,,,,,,,,,,,,,,,,,,
,,,,,,,,,,,,,,,,,,,,,,,,,,,,,,,,,,,,,,,,,,,,,,,,,,,,,,,,,,,
,,,,,,,,,,,,,,,,,,,,,,,,,,,,,,,,,,,,,,,,,,,,,,,,,,,,,,,,,,,
0.04,,4.73,2.34,OR,frailty,sarcopenia,sarcopenia_yes,,,,,4.115906717716673,1.8517915225669943,,,,,,,,,,,,,,https://pubmed.ncbi.nlm.nih.gov/35903871/ - Hasan 2022 sarcopenia-frailty (OR 4.73), [2026-05-10 fake PMID 9530539 removed; row kept for network structure; needs real citation],,,,,,,,,,,,,,,,,,,,,,,,,,,,1349.0,cohort,"community-dwelling older adults, Korea (KFACS)",
,,,,,frailty,frailty_hallmarks,frailty_hallmarks_yes,,,,,,,distal,,,,,,,,,,,,,https://pubmed.ncbi.nlm.nih.gov/25100619/ - Kumar 2014: Identification of serum sirtuins as novel noninvasive protein markers for frailty,[2026-05-10 PMID extracted from <science><title> wrapper via quorum agent; both A+B agree],,,,,,,,,,,,,,,,,,,,,,,,,,,,130.0,unknown,"case-control, Indian elderly",
,,,,,frailty,frailty_behaviors,frailty_behaviors_yes,,,,,,,distal,,,,,,,,,,,,,,,,,,,,,,,,,,,,,,,,,,,,,,,,,,,,,
,,,,,frailty,frailty_conditions,frailty_conditions_yes,,,,,,,distal,,,,,,,,,,,,,,,,,,,,,,,,,,,,,,,,,,,,,,,,,,,,,
,,,,,frailty,,,,,,,,,dependency_priors,frailty_yes,0.04,frailty_no,0.96,,,,,,,,,,,,,,,,,,,,,,,,,,,,,,,,,,,,,,,,,
,,,,,,,,,,,,,,,,,,,,,,,,,,,,,,,,,,,,,,,,,,,,,,,,,,,,,,,,,,,
,,,,,,,,,,,,,,,,,,,,,,,,,,,,,,,,,,,,,,,,,,,,,,,,,,,,,,,,,,,
,,,,,,,,,,,,,,,,,,,,,,,,,,,,,,,,,,,,,,,,,,,,,,,,,,,,,,,,,,,
,,,,,,,,,,,,,,,,,,,,,,,,,,,,,,,,,,,,,,,,,,,,,,,,,,,,,,,,,,,
0.36,,0.51,0.29,SMD,crp_chronic_illness,peridontal_disease,peridontal_disease_yes,,,,,1.6279678394809185,0.3617888152998605,c_reactive_protein_mg_L,,,,,,,,,,,,,"<science><title>Oxidative Stress, Systemic Inflammation, and Severe Periodontitis</>D'Aiuto, et al<source>Journal of Dental Research</>November 2010<link>https://www.researchgate.net/publication/45951970_Oxidative_Stress_Systemic_Inflammation_and_Severe_Periodontitis#fullTextFileContent</></> [PMID 20739696; added 2026-04-18 via audit]",,,,,,,,,,,,,,,,,,,,,,,,,,,,,,unknown,observational,
,,1.63,0.12,RR,crp_chronic_illness,coronary_artery_disease,coronary_artery_disease_yes,,,,,1.63,0.1200000000000001,c_reactive_protein_mg_L,,,,,,,,,,,,,"<science><title>C-reactive protein concentration and risk of coronary heart disease, stroke, and mortality: an individual participant meta-analysis</>Emerging Risk Factors Collaboration<source>Lancet</>2010 Jan 9;375(9709):132-40<link>https://www.thelancet.com/journals/lancet/article/PIIS0140-6736(09)61717-7/fulltext</></> [PMID 20031199; added 2026-04-18 via audit]",,,,,,,,,,,,,,,,,,,,,,,,,,,,,160309.0,meta-analysis,prospective cohort studies,
,,1.44,0.12,RR,crp_chronic_illness,stroke,stroke_yes,,,,,1.44,0.1200000000000001,c_reactive_protein_mg_L,,,,,,,,,,,,,"<science><title>C-reactive protein concentration and risk of coronary heart disease, stroke, and mortality: an individual participant meta-analysis</>Emerging Risk Factors Collaboration<source>Lancet</>2010 Jan 9;375(9709):132-40<link>https://www.thelancet.com/journals/lancet/article/PIIS0140-6736(09)61717-7/fulltext</></> [PMID 20031199; added 2026-04-18 via audit]",,,,,,,,,,,,,,,,,,,,,,,,,,,,,160309.0,meta-analysis,prospective cohort studies,
0.103,,1.21,0.28,SMD,crp_chronic_illness,copd,copd_yes,,,,,4.916921600987906,1.208089821705843,c_reactive_protein_mg_L,,,,,,,,,,,,,"<science><title>Inflammatory Markers and the Risk of Chronic Obstructive Pulmonary Disease: A Systematic Review and Meta-Analysis</>Bin Su, Tiansheng Liu,Haojun Fan,Feng Chen,Hui Ding,Zhouwei Wu,Hongwu Wang,and Shike Hou Hong-Long (James) Ji<source>PLoS One</>2016; 11(4): e0150586<link>https://www.ncbi.nlm.nih.gov/pmc/articles/PMC4841528/</></><science><title>Inflammatory Markers and the Risk of Chronic Obstructive Pulmonary Disease: A Systematic Review and Meta-Analysis</>Bin Su, Tiansheng Liu,Haojun Fan,Feng Chen,Hui Ding,Zhouwei Wu,Hongwu Wang,and Shike Hou Hong-Long (James) Ji<source>PLoS One</>2016; 11(4): e0150586<link>https://www.ncbi.nlm.nih.gov/pmc/articles/PMC4841528/</></>",,,,,,,,,,,,,,,,,,,,,,,,,,,,,39337.0,meta-analysis,"24 observational studies, 10,677 COPD + 28,660 controls",
,,,,,crp_chronic_illness,,,,,,,,,any_of,crp_chronic_illness_yes,,crp_chronic_illness_no,,,,,,,,,,,,,,,,,,,,,,,,,,,,,,,,,,,,,,,,,,
,,,,,,,,,,,,,,,,,,,,,,,,,,,,,,,,,,,,,,,,,,,,,,,,,,,,,,,,,,,
0.0875,,1.21,0.18,HR,crp_mental_illness,alzheimers,alzheimers_yes,,,,,1.1986164252380591,0.1700082861872776,c_reactive_protein_mg_L,,,,,,,,,,,,,"<science><title>The role of peripheral inflammatory markers in dementia and Alzheimer's disease: a meta-analysis</>Koyama, A., O'Brien, J., Weuve, J., Blacker, D., Metti, A. L., & Yaffe, K.<source>Journals of Gerontology Series A: Biomedical Sciences and Medical Sciences</>2013;68(4), 433-440<link>https://www.ncbi.nlm.nih.gov/pmc/articles/PMC3693673/</></>",,,,,,,,,,,,,,,,,,,,,,,,,,,,,5717.0,meta-analysis,"7 studies, elderly",
0.125,,1.45,0.35,HR,crp_mental_illness,dementia,dementia_yes,,,,,1.4082357931580134,0.3153851219436046,c_reactive_protein_mg_L,,,,,,,,,,,,,"<science><title>The role of peripheral inflammatory markers in dementia and Alzheimer's disease: a meta-analysis</>Koyama, A., O'Brien, J., Weuve, J., Blacker, D., Metti, A. L., & Yaffe, K.<source>Journals of Gerontology Series A: Biomedical Sciences and Medical Sciences</>2013;68(4), 433-440<link>https://www.ncbi.nlm.nih.gov/pmc/articles/PMC3693673/</></>",,,,,,,,,,,,,,,,,,,,,,,,,,,,,5717.0,meta-analysis,"7 studies, elderly",
0.036,,0.64,0.43,SMD,crp_mental_illness,ptsd,ptsd_yes,,,,,2.9525996750979786,1.5141160204970123,c_reactive_protein_mg_L,,,,,,,,,,,,,<science><title>Inflammatory and oxidative stress markers in post-traumatic stress disorder: a systematic review and meta-analysis</>Tatiana Lauxen Peruzzolo et al<source>Mol Psychiatrys</>2022 Apr 27<link>https://pubmed.ncbi.nlm.nih.gov/35477973/</></>,,,,,,,,,,,,,,,,,,,,,,,,,,,,,8394.0,meta-analysis,"meta-analysis, PTSD patients",
,,,,,crp_mental_illness,,,,,,,,,any_of,crp_mental_illness_yes,,crp_mental_illness_no,,,,,,,,,,,,,,,,,,,,,,,,,,,,,,,,,,,,,,,,,,
,,,,,,,,,,,,,,,,,,,,,,,,,,,,,,,,,,,,,,,,,,,,,,,,,,,,,,,,,,,
0.0004,,-0.37,0.45,SMD,crp_diet,low_calorie_diet,low_calorie_diet_yes,,,,,0.5119620766235105,0.2852083206164717,c_reactive_protein_mg_L,,,,,,,,,,,,,https://pubmed.ncbi.nlm.nih.gov/27410480/ - Meydani 2016: Long-term moderate calorie restriction inhibits inflammation without impairing cell-mediated immunit,[2026-05-10 PMID extracted from <science><title> wrapper via quorum agent; both A+B agree],,,,,,,,,,,,,,,,,,,,,,,,,,,,218.0,RCT,"CALERIE trial, healthy non-obese 20-50y",
0.171,,-0.715,0.15,SMD,crp_diet,dietary_restriction,dietary_restriction_yes,,,,,0.31297884968578,0.0713404740723377,c_reactive_protein_mg_L,,,,,,,,,,,,,"<science><title>Effects of dietary restriction on adipose mass and biomarkers of healthy aging in human</>Daniele Lettieri-Barbato,Esmeralda Giovannetti,and Katia Aquilano<source>Aging</>2016 Dec; 8(12): 3341-3355<link>https://www.ncbi.nlm.nih.gov/pmc/articles/PMC5270672/</></>",,,,,,,,,,,,,,,,,,,,,,,,,,,,,2094.0,unknown,"43 studies, mixed weight/healthy adults",
0.275,0.1,-0.169686951715779,0.1710157428522874,WMD,crp_diet,mediterranean_diet,mediterranean_diet_yes,,,,,0.0628388393029528,0.0599471969947522,c_reactive_protein_mg_L,,,,,,,,,,,,,"<science><title>Dietary patterns and associations with biomarkers of inflammation in adults: a systematic review of observational studies</>Michael J. Hart,Susan J. Torres, Sarah A. McNaughton, and Catherine M. Milte<source>Nutr J</>2021; 20: 24<link>https://www.ncbi.nlm.nih.gov/pmc/articles/PMC7955619/</></>","CHECK: C=-0.17 but cited meta-analysis reports WMD=-0.98 (95%CI -1.48 to -0.49, Schwingshackl 2014 intervention trials). C=-0.17 may be from a different observational analysis. Current RR=0.06 is implausibly low. Verify source.",,,,,,,,,,,,,,,,,,,,,,,,,,,,69.0,meta-analysis,observational studies,
0.04,,-0.356400564319033,0.264922060557315,SMD,crp_diet,probiotic_supplementation,probiotic_supplementation_yes,,,,,0.5347870635632914,0.2009872704504909,c_reactive_protein_mg_L,,,,,,,,,,,,,"<science><title>Efficacy of probiotics on cognition, and biomarkers of inflammation and oxidative stress in adults with Alzheimer’s disease or mild cognitive impairment - a meta-analysis of randomized controlled trials</>Haoyue Den,Xunhu Dong,Mingliang Chen,and Zhongmin Zou<source>Aging (Albany NY)</>2020 Feb 29; 12(4): 4010-4039<link>https://www.ncbi.nlm.nih.gov/pmc/articles/PMC7066922/</></>",,,,,,,,,,,,,,,,,,,,,,,,,,,,,297.0,meta-analysis,meta-analysis of RCTs,
,,,,,crp_diet,,,,,,,,,any_of,crp_diet_yes,,crp_diet_no,,,,,,,,,,,,,,,,,,,,,,,,,,,,,,,,,,,,,,,,,,
,,,,,,,,,,,,,,,,,,,,,,,,,,,,,,,,,,,,,,,,,,,,,,,,,,,,,,,,,,,
,,,,,,,,,,,,,,,,,,,,,,,,,,,,,,,,,,,,,,,,,,,,,,,,,,,,,,,,,,,
0.13,,1.0,0.6,SMD,crp_age_related_condition,frailty,frailty_yes,,,,,3.671353652332264,1.8590501168425115,c_reactive_protein_mg_L,,,,,,,,,,,,,"<science><title>Inflammation and frailty in the elderly: A systematic review and meta-analysis</>Pinar Soysal, Brendon Stubbs, Paola Lucato, Claudio Luchini, Marco Solmi, Roberto Peluso, Giuseppe Sergi, Ahmet Turan Isik, Enzo Manzato, Stefania Maggi, Marcello Maggio, A Matthew Prina, Theodore D Cosco, Yu-Tzu Wu, Nicola Veronese<source>Ageing Res Rev</>2016 Nov;31:1-8<link> https://pubmed.ncbi.nlm.nih.gov/27592340/</></>",,,,,,,,,,,,,,,,,,,,,,,,,,,,,3402.0,meta-analysis,"meta-analysis, elderly",
0.427,,2.517081259754131,1.178248001610345,SMD,crp_age_related_condition,sarcopenia,sarcopenia_yes,,,,,2.150836262653041,0.0578438629013398,c_reactive_protein_mg_L,,,,,,,,,,,,,"<science><title>Inflammation and sarcopenia: A systematic review and meta-analysis</>Giulia Bano, Caterina Trevisan, Sara Carraro, Marco Solmi, Claudio Luchini, Brendon Stubbs, Enzo Manzato, Giuseppe Sergi, Nicola Veronese<source>Maturitas</>2017 Feb;96:10-15<link>https://pubmed.ncbi.nlm.nih.gov/28041587/</></>",,,,,,,,,,,,,,,,,,,,,,,,,,,,,11249.0,meta-analysis,meta-analysis,
0.032780958,,1.99,0.44,OR,crp_age_related_condition,age_related_macular_degeneration,late_age_related_macular_degeneration,,,,,1.927448236315002,0.4048990773334324,c_reactive_protein_mg_L,,,,,,,,,,,,,"<science><title>Systemic levels of C-reactive protein in patients with age-related macular degeneration: A systematic review with meta-analyses</>Chen Feng, Marie Krogh Nielsen, Torben Lykke Sørensen, Yousif Subhi <source>Mech Ageing Dev</>2020 Oct;191:111353<link>https://pubmed.ncbi.nlm.nih.gov/32937187/</></>",,,,,,,,,,,,,,,,,,,,,,,,,,,,,60598.0,meta-analysis,"meta-analysis, AMD patients",
0.032780958,,2.07,0.605,OR,crp_age_related_condition,age_related_macular_degeneration,early_age_related_macular_degeneration,,,,,1.999853875295352,0.5568497963840011,c_reactive_protein_mg_L,,,,,,,,,,,,,"<science><title>Systemic levels of C-reactive protein in patients with age-related macular degeneration: A systematic review with meta-analyses</>Chen Feng, Marie Krogh Nielsen, Torben Lykke Sørensen, Yousif Subhi <source>Mech Ageing Dev</>2020 Oct;191:111353<link>https://pubmed.ncbi.nlm.nih.gov/32937187/</></>","FIXED: D was 0.52 (lower CI distance). Correct: CRP->AMD OR~2.07 (1.55-2.76), pm=0.605. PMID:32937187",,,,,,,,,,,,,,,,,,,,,,,,,,,,60598.0,meta-analysis,"meta-analysis, AMD patients",FIXED: pm 0.52->0.605. CRP->AMD OR~2.07(1.55-2.76). Verified vs PMID:32937187
,,,,,crp_age_related_condition,,,,,,,,,any_of,crp_age_related_condition_yes,,crp_age_related_condition_no,,,,,,,,,,,,,,,,,,,,,,,,,,,,,,,,,,,,,,,,,,
,,,,,,,,,,,,,,,,,,,,,,,,,,,,,,,,,,,,,,,,,,,,,,,,,,,,,,,,,,,
,,,,,globulin_g_dL,c_reactive_protein_mg_L,,,,,,,,naive_0_nhanes_explicit,globulin_g_dL_high_3.6 and_above,3.6-1000,globulin_g_dL_3.1_to_3.5,3.1-3.5,globulin_g_dL_2.6_to_3.0,2.6-3.0,globulin_g_dL_low_2.5_and_below,0-2.5,,,LBXSGB,,,,,,,,,,,,,,,,,,,,,,,,,,,,,,,,,,
,,,,,eosinophils_percent_naive,,,,,,,,,naive_0_nhanes_explicit,eosinophils_percent_high_above_4,4.00001-100,eosinophils_percent_high_above_4_not,0-4,,,,,,,LBXEOPCT,,,"[2026-05-13 naive_0 guard-3 removal cycle] Blanked input column (was 'c_reactive_protein_mg_L'). Leaf eosinophils_percent_naive is the input of an equivalent_to row, so a parent-conditional CPT here would create a triple-constraint conflict with the equivalent_to mapping + the wrapper's dep_nhanes_explicit marginal. The dependency.py guard (3) was silently demoting this to discrete priors anyway; making the CSV honest about that.",,,,,,,,,,,,,,,,,,,,,,,,,,,,,,,
,,,,,lymphocite_number_1000_cells_uL_naive,,,,,,,,,naive_0_nhanes_explicit,lymphocite_number_1000_cells_uL_above_normal_above_4.8,4.9-1000,lymphocite_number_1000_cells_uL_high_normal_3_to_4.8,3-4.8,lymphocite_number_1000_cells_uL_mid_normal_2_to_2.9,2-2.9,lymphocite_number_1000_cells_uL_low_normal_1_to 1.9,1-1.9,lymphocite_number_1000_cells_uL_below_normal_under_1,0-1,LBDLYMNO,3.0,,"[2026-05-13 naive_0 guard-3 removal cycle] Blanked input column (was 'c_reactive_protein_mg_L'). Leaf lymphocite_number_1000_cells_uL_naive is the input of an equivalent_to row, so a parent-conditional CPT here would create a triple-constraint conflict with the equivalent_to mapping + the wrapper's dep_nhanes_explicit marginal. The dependency.py guard (3) was silently demoting this to discrete priors anyway; making the CSV honest about that.",,,,,,,,,,,,,,,,,,,,,,,,,,,,,,,
,,,,,lymphocyte_percent,c_reactive_protein_mg_L,,,,,,,,naive_0_nhanes_quartile,,,,,,,,,,,LBXLYPCT,,,,,,,,,,,,,,,,,,,,,,,,,,,,,,,,,,
,,,,,mean_platelet_volume_fL_naive,,,,,,,,,dependency_nhanes_explicit,mean_platelet_volume_fL_high_11.5_and_above,11.5-1000,mean_platelet_volume_fL_normal_under_11.5,0-11.4,,,,,,,LBXMPSI,,,changed naive_0_nhanes_explicit -> dependency_nhanes_explicit so the QP solver builds a CPT from the rerouted study inputs (otherwise naive_0 with env_var OFF drops inputs),,,,,,,,,,,,,,,,,,,,,,,,,,,,,,,
,,,,,artificial_joints,c_reactive_protein_mg_L,,,,,,,,naive_0_nhanes_explicit,artificial_joints_yes,1,artificial_joints_no,2,,,,,,,OSQ230,,,,,,,,,,,,,,,,,,,,,,,,,,,,,,,,,,
,,,,,platelet_count_si_naive,,,,,,,,,naive_0_nhanes_explicit,platelet_count_si_high_450K_and_above,450-10000,platelet_count_si_normal_150K-449K,150-499.999,platelet_count_si_low_under_150K,0-149.999,,,,,LBXPLTSI,,,"[2026-05-13 naive_0 guard-3 removal cycle] Blanked input column (was 'c_reactive_protein_mg_L'). Leaf platelet_count_si_naive is the input of an equivalent_to row, so a parent-conditional CPT here would create a triple-constraint conflict with the equivalent_to mapping + the wrapper's dep_nhanes_explicit marginal. The dependency.py guard (3) was silently demoting this to discrete priors anyway; making the CSV honest about that.",,,,,,,,,,,,,,,,,,,,,,,,,,,,,,,
,,,,,segmented_neutrophils_naive,,,,,,,,,naive_0_nhanes_explicit,segmented_neutrophils_1000_cells_uL_high_above_6,6.1-1000,segmented_neutrophils_1000_cells_uL_normal_2.5_to_6,2.5-6,segmented_neutrophils_1000_cells_uL_low_under_2.5,0-2.4,,,,,LBDNENO,,,"[2026-05-13 naive_0 guard-3 removal cycle] Blanked input column (was 'c_reactive_protein_mg_L'). Leaf segmented_neutrophils_naive is the input of an equivalent_to row, so a parent-conditional CPT here would create a triple-constraint conflict with the equivalent_to mapping + the wrapper's dep_nhanes_explicit marginal. The dependency.py guard (3) was silently demoting this to discrete priors anyway; making the CSV honest about that.",,,,,,,,,,,,,,,,,,,,,,,,,,,,,,,
,,,,,segmented_neutrophils_percent,c_reactive_protein_mg_L,,,,,,,,naive_0_nhanes_quartile,,,,,,,,,,,LBXNEPCT,,,,,,,,,,,,,,,,,,,,,,,,,,,,,,,,,,
,,,,,white_blood_cell_count_si_naive,,,,,,,,,naive_0_nhanes_explicit,white_blood_cell_count_si_high_above_9.6,9.7-1000,white_blood_cell_count_si_normal_3.4_to_9.6,3.4-9.6,white_blood_cell_count_si_low_below_3.4,0-3.3,,,,,LBXWBCSI,,,"[2026-05-13 naive_0 guard-3 removal cycle] Blanked input column (was 'c_reactive_protein_mg_L'). Leaf white_blood_cell_count_si_naive is the input of an equivalent_to row, so a parent-conditional CPT here would create a triple-constraint conflict with the equivalent_to mapping + the wrapper's dep_nhanes_explicit marginal. The dependency.py guard (3) was silently demoting this to discrete priors anyway; making the CSV honest about that.",,,,,,,,,,,,,,,,,,,,,,,,,,,,,,,
,,,,,c_reactive_protein_mg_L,crp_chronic_illness,crp_chronic_illness_yes,,,,,,,distal,,,,,,,,,,,,,,,,,,,,,,,,,,,,,,,,,,,,,,,,,,,,,
,,,,,c_reactive_protein_mg_L,crp_mental_illness,crp_mental_illness_yes,,,,,,,distal,,,,,,,,,,,,,,,,,,,,,,,,,,,,,,,,,,,,,,,,,,,,,
,,,,,c_reactive_protein_mg_L,crp_diet,crp_diet_yes,,,,,,,distal,,,,,,,,,,,,,,,,,,,,,,,,,,,,,,,,,,,,,,,,,,,,,
,,,,,c_reactive_protein_mg_L,crp_age_related_condition,crp_age_related_condition_yes,,,,,,,distal,,,,,,,,,,,,,,,,,,,,,,,,,,,,,,,,,,,,,,,,,,,,,
,,,,,c_reactive_protein_mg_L,,,,,,,,,dependency_nhanes_explicit,c_reactive_protein_mg_L_high_above_2,2.1-1000,c_reactive_protein_mg_L_low_2_and_below,0-2.099,,,,,,,LBXHSCRP,,,,,,,,,,,,,,,,,,,,,,,,,,,,,,,,,,
,,,,,,,,,,,,,,,,,,,,,,,,,,,,,,,,,,,,,,,,,,,,,,,,,,,,,,,,,,,
0.035,,0.93,0.84,SMD,platelet_distribution_width_percent,diabetes,diabetes_yes,,,,,4.667262520074525,3.4975863556453324,,,,,,,,,,,,,,"https://pubmed.ncbi.nlm.nih.gov/25421610/ - Zaccardi 2015: Platelet mean volume, distribution width, and count in type 2 diabetes, impaired fasting glucose, an",[2026-05-10 PMID extracted from <science><title> wrapper via quorum agent; both A+B agree],,,,,,,,,,,,,,,,,,,,,,,,,,,,24245.0,meta-analysis,"meta-analysis, T2DM","FIXED P0: was 0.125, corrected to 0.0350 (output NHANES prior)"
0.035,,0.55,0.44,SMD,platelet_distribution_width_percent,non_alcoholic_fatty_liver_disease,non_alcoholic_fatty_liver_disease_yes,,,,,2.553594998575746,1.3426283359502127,,,,,,,,,,,,,,"<science><title>Association between platelet indices and non-alcoholic fatty liver disease: a systematic review and meta-analysis</><>Li L, Yu J, Zhou Z<source>Rev Esp Enferm Dig</>2024;116(5):264-273<link>https://pubmed.ncbi.nlm.nih.gov/36263810/</></>","is high - verify against source study. PDW threshold is >15.5% (prior=0.0285), P0=0.029. SMD_UNRELIABLE guard does not trigger because Chinn RR evaluates to ~5.0 at P0=0.029. FIXED: SMD was 2.71 (implausibly large, ~5x meta-analytic pooled). Correct: SMD=0.55 (0.11-0.99) from Li 2024 (19 studies, n=4786). pm=0.44.",,,,,,,,,,,,,,,,,,,,,,,,,,,,,,,FIXED P0: was 0.32 (study rate?). Changed to 0.035 (NHANES prior).
,,,,,platelet_distribution_width_percent,,,,,,,,,dependency_priors,platelet_distribution_width_percent_high_above_15.5,0.035,platelet_distribution_width_percent_normal_15.5_and_below,0.965,,,,,,,,,,"https://journals.lww.com/pbj/fulltext/2020/12000/diagnostic_importance_of_mean_platelet_volume,.10.aspx#:~:text=The%20value%20of%20PDW%20ranges,to%2056.6%25%20in%20healthy%20individual.&text=It%20is%20the%20measure%20of%20variability%20in%20size%20of%20platelets.",,,,,,,,,,,,,,,,,,,,,,,,,,,,,,,
,,,,,,,,,,,,,,,,,,,,,,,,,,,,,,,,,,,,,,,,,,,,,,,,,,,,,,,,,,,
0.1,428.44,-23.73,18.0,WMD,icam1_ng_mL,mediterranean_diet,mediterranean_diet_yes,,,,,0.9133229470454424,0.061178209233666,,,,,,,,,,,,,,"<science><title>Dietary patterns and associations with biomarkers of inflammation in adults: a systematic review of observational studies</>Michael J. Hart,Susan J. Torres, Sarah A. McNaughton, and Catherine M. Milte<source>Nutr J</>2021; 20: 24<link>https://www.ncbi.nlm.nih.gov/pmc/articles/PMC7955619/</></>",,,,,,,,,,,,,,,,,,,,,,,,,,,,,69.0,meta-analysis,observational studies,"FIXED P0: was 0.0671319797, corrected to 0.1000 (output NHANES prior)"
,,,,,icam1_ng_mL,,,,,,,,,dependency_priors,icam1_ng_mL_high_550_and_above,0.1,icam1_ng_mL_normal_below_450,0.9,,,,,,,,,,"https://www.abcam.com/products/elisa/human-icam1-elisa-kit-cd54-ab174445.html#:~:text=The%20levels%20of%20ICAM%2D1%20are%20shown%20for%20the%20percentage,deviation%20of%2077%20ng%2FmL.",,,,,,,,,,,,,,,,,,,,,,,,,,,,,,,
,,,,,,,,,,,,,,,,,,,,,,,,,,,,,,,,,,,,,,,,,,,,,,,,,,,,,,,,,,,
0.0073412635808117,,,,,white_blood_cell_count_si_naive,probiotic_supplementation,probiotic_supplementation_yes,,,,,,,,,,,,,,,,,,,,https://pubmed.ncbi.nlm.nih.gov/31263284/ - Depommier 2019: Supplementation with Akkermansia muciniphila in overweight and obese human volunteers: a proof-of-co,"[c11→c12 SUBNET-FIX white_blood_cell_count_si_naive] Blanked Stat fields. Reason: M7 implausible single-trial SMD scaling. Source = Depommier 2019 Akkermansia muciniphila proof-of-concept (n=32 RCT, NOT meta-analysis). Original {'Stat': 'SMD', 'Stat Value': 0.84, 'Plus minus': 0.73, 'RR Stat Value': 4.457108500464138, 'RR plus minus': 3.238774932914396}. Per-trial SMDs 0.77-1.12 at n=32 are high-variance single-trial estimates that wouldn't replicate; converted RR>3 forces QP into corners. Direction (probiotic_no → enzymes up) is plausible but magnitude implausible. Removing this row preserves the structural edge while letting NHANES marginals close the system. [2026-05-10 PMID extracted from <science><title> wrapper via quorum agent; both A+B agree]",,,,,,,,,,,,,,,,,,,,,,,,,,,,40.0,unknown,"overweight/obese, RCT",
0.0073412635808117,,0.26,0.15,SMD,white_blood_cell_count_si_naive,low_calorie_diet,low_calorie_diet_yes,,,,,1.59392246608816,0.3755888985384177,,,,,,,,,,,,,,https://pubmed.ncbi.nlm.nih.gov/27410480/ - Meydani 2016: Long-term moderate calorie restriction inhibits inflammation without impairing cell-mediated immunit,"[autofill Apr-20] col A updated to NHANES P0 per , 2026 convention delta J: re-routed SMD study from WBC wrapper to WBC_naive so signal can propagate through equivalent_to chain (WBC_naive marginal moves with parent → WBC marginal tracks via sens=spec=1). [2026-05-10 PMID extracted from <science><title> wrapper via quorum agent; both A+B agree]",,,,,,,,,,,,,,,,,,,,,,,,,,,,218.0,RCT,"CALERIE trial, healthy non-obese 20-50y",
,,,,,white_blood_cell_count_si,white_blood_cell_count_si_naive,white_blood_cell_count_si_low_below_3.4,,,,,,,equivalent_to,,,,,,,,,,,,,,,,,,,,,,,,,,,,,,,,,,,,,,,,,,,,,
,,,,,white_blood_cell_count_si,,,,,,,,,dependency_nhanes_explicit,white_blood_cell_count_si_low_below_3.4,0-3.3,white_blood_cell_count_si_low_below_3.4_not,3.4-1000,,,,,,,LBXWBCSI,,,,,,,,,,,,,,,,,,,,,,,,,,,,,,,,,,
,,,,,,,,,,,,,,,,,,,,,,,,,,,,,,,,,,,,,,,,,,,,,,,,,,,,,,,,,,,
0.023,,-0.18,0.41,SMD,eosinophils_percent,low_calorie_diet,low_calorie_diet_yes,,,,,0.7265962622976868,0.3775988262663525,,,,,,,,,,,,,,https://pubmed.ncbi.nlm.nih.gov/27410480/ - Meydani 2016: Long-term moderate calorie restriction inhibits inflammation without impairing cell-mediated immunit,"[autofill Apr-20] col A updated to NHANES P0 per , 2026 convention [2026-05-10 PMID extracted from <science><title> wrapper via quorum agent; both A+B agree]",,,,,,,,,,,,,,,,,,,,,,,,,,,,218.0,RCT,"CALERIE trial, healthy non-obese 20-50y",
,,,,,eosinophils_percent,eosinophils_percent_naive,eosinophils_percent_high_above_4,,,,,,,equivalent_to,,,,,,,,,,,,,,,,,,,,,,,,,,,,,,,,,,,,,,,,,,,,,
,,,,,eosinophils_percent,,,,,,,,,dependency_nhanes_explicit,eosinophils_percent_high_above_4,4.00001-100,eosinophils_percent_high_above_4_not,0-4,,,,,,,LBXEOPCT,,,,,,,,,,,,,,,,,,,,,,,,,,,,,,,,,,
,,,,,,,,,,,,,,,,,,,,,,,,,,,,,,,,,,,,,,,,,,,,,,,,,,,,,,,,,,,
0.03,,-0.2,0.33,SMD,lymphocite_number_1000_cells_uL,low_calorie_diet,low_calorie_diet_yes,,,,,0.7026849016764865,0.3122997533722158,,,,,,,,,,,,,,https://pubmed.ncbi.nlm.nih.gov/27410480/ - Meydani 2016: Long-term moderate calorie restriction inhibits inflammation without impairing cell-mediated immunit,"[autofill Apr-20] col A updated to NHANES P0 per , 2026 convention [2026-05-10 PMID extracted from <science><title> wrapper via quorum agent; both A+B agree]",,,,,,,,,,,,,,,,,,,,,,,,,,,,218.0,RCT,"CALERIE trial, healthy non-obese 20-50y",
,,,,,lymphocite_number_1000_cells_uL,lymphocite_number_1000_cells_uL_naive,lymphocite_number_1000_cells_uL_above_normal_above_4.8,,,,,,,equivalent_to,,,,,,,,,,,,,,,,,,,,,,,,,,,,,,,,,,,,,,,,,,,,,
,,,,,lymphocite_number_1000_cells_uL,,,,,,,,,dependency_nhanes_explicit,lymphocite_number_1000_cells_uL_above_normal_above_4.8,4.9-1000,lymphocite_number_1000_cells_uL_above_normal_above_4.8_not,0-4.8,,,,,,,LBDLYMNO,,,,,,,,,,,,,,,,,,,,,,,,,,,,,,,,,,
,,,,,,,,,,,,,,,,,,,,,,,,,,,,,,,,,,,,,,,,,,,,,,,,,,,,,,,,,,,
0.016,,-0.25,0.35,SMD,segmented_neutrophils,low_calorie_diet,low_calorie_diet_yes,,,,,0.6397616749245174,0.2985814613147233,,,,,,,,,,,,,,https://pubmed.ncbi.nlm.nih.gov/27410480/ - Meydani 2016: Long-term moderate calorie restriction inhibits inflammation without impairing cell-mediated immunit,"[autofill Apr-20] col A updated to NHANES P0 per , 2026 convention [2026-05-10 PMID extracted from <science><title> wrapper via quorum agent; both A+B agree]",,,,,,,,,,,,,,,,,,,,,,,,,,,,218.0,RCT,"CALERIE trial, healthy non-obese 20-50y",
,,,,,segmented_neutrophils,segmented_neutrophils_naive,segmented_neutrophils_1000_cells_uL_high_above_6,,,,,,,equivalent_to,,,,,,,,,,,,,,,,,,,,,,,,,,,,,,,,,,,,,,,,,,,,,
,,,,,segmented_neutrophils,,,,,,,,,dependency_nhanes_explicit,segmented_neutrophils_1000_cells_uL_high_above_6,6.999-1000,segmented_neutrophils_1000_cells_uL_high_above_6_not,0-6.998,,,,,,,LBDNENO,,,,,,,,,,,,,,,,,,,,,,,,,,,,,,,,,,
,,,,,,,,,,,,,,,,,,,,,,,,,,,,,,,,,,,,,,,,,,,,,,,,,,,,,,,,,,,
,,,,,,,,,,,,,,,,,,,,,,,,,,,,,,,,,,,,,,,,,,,,,,,,,,,,,,,,,,,
,,,,,,,,,,,,,,,,,,,,,,,,,,,,,,,,,,,,,,,,,,,,,,,,,,,,,,,,,,,
,,,,,,,,,,,,,,,,,,,,,,,,,,,,,,,,,,,,,,,,,,,,,,,,,,,,,,,,,,,
,,,,,,,,,,,,,,,,,,,,,,,,,,,,,,,,,,,,,,,,,,,,,,,,,,,,,,,,,,,
,,,,,,,,,,,,,,,,,,,,,,,,,,,,,,,,,,,,,,,,,,,,,,,,,,,,,,,,,,,
,,,,,,,,,,,,,,,,,,,,,,,,,,,,,,,,,,,,,,,,,,,,,,,,,,,,,,,,,,,
,,,,,,,,,,,,,,,,,,,,,,,,,,,,,,,,,,,,,,,,,,,,,,,,,,,,,,,,,,,
0.12,,-0.31,0.205,SMD,interleukin6_1beta_pg_mL,low_calorie_diet,low_calorie_diet_yes,,,,,0.6015806952765286,0.1769826298590957,,,,,,,,,,,,,,"<science><title>Effects of intermittent fasting and caloric restriction on inflammatory biomarkers in individuals with obesity/overweight</><>Aamir K, et al<source>Obes Rev</>2025;26(1):e13838<link>https://pubmed.ncbi.nlm.nih.gov/39289905/</></>","FIXED: was RR=0.44 from CALERIE RCT (highly selected). Replaced with Aamir 2025 meta-analysis of CR RCTs. Pooled SMD=-0.31 (-0.51 to -0.10) for IL-6 reduction. More conservative than single CALERIE trial.; [autofill Apr-20] col A updated to NHANES P0 per , 2026 convention",,,,,,,,,,,,,,,,,,,,,,,,,,,,218.0,unknown,CALERIE RCT,
,,,,,interleukin6_1beta_pg_mL,,,,,,,,,dependency_priors,interleukin6_1beta_pg_mL_high_above_10,0.25,interleukin6_1beta_pg_mL_high_above_10_not,0.75,,,,,,,,,,,,,,,,,,,,,,,,,,,,,,,,,,,,,,,,,
,,,,,,,,,,,,,,,,,,,,,,,,,,,,,,,,,,,,,,,,,,,,,,,,,,,,,,,,,,,
,,,,,,,,,,,,,,,,,,,,,,,,,,,,,,,,,,,,,,,,,,,,,,,,,,,,,,,,,,,
0.5,,5.49,3.22,SMD,hallmark_8_cellular_senescence_p16_mrna_log2,sirt1_ng_uL,sirt1_ng_uL_low_below_4.29,,,,,1.8758119575033825,1.1002030060402352,,,,,,,,,,,,,,https://pubmed.ncbi.nlm.nih.gov/18320031/ - Huang 2008: SIRT1 Overexpression Antagonizes Cellular Senescence with Activated ERK/S6k1 Signaling in Human Dipl,"SMD=5.49 from in vitro SIRT1 overexpression study (PLOS ONE 2008). Capped to 1.5 by formula, giving RR=1.88 with P0=0.5. No human cohort study of SIRT1→p16 exists. Best available evidence. [2026-05-10 PMID extracted from <science><title> wrapper via quorum agent; both A+B agree]",,,,,,,,,,,,,,,,,,,,,,,,,,,,,unknown,cell biology,"FIXED P0: was 0.35, corrected to 0.5000 (output NHANES prior)"
0.5,,0.41,0.17,SMD,hallmark_8_cellular_senescence_p16_mrna_log2,heavy_smoking,heavy_smoking_yes,,,,,1.3549097952571427,0.141062081486776,,,,,,,,,,,,,,https://pubmed.ncbi.nlm.nih.gov/19485966/ - Liu 2009: Expression of p16INK4a in peripheral blood T-cells is a biomarker of human aging,[2026-05-10 PMID extracted from <science><title> wrapper via quorum agent; both A+B agree],,,,,,,,,,,,,,,,,,,,,,,,,,,,170.0,unknown,"observational, adults","FIXED P0: was 0.34, corrected to 0.5000 (output NHANES prior)"
0.5,,0.35,0.23,SMD,hallmark_8_cellular_senescence_p16_mrna_log2,interleukin6_pg_mL,interleukin6_pg_mL_quartile_4_above_2.28,,,,,1.3065653048414414,0.1983902416309693,,,,,,,,,,,,,,https://pubmed.ncbi.nlm.nih.gov/19485966/ - Liu 2009: Expression of p16INK4a in peripheral blood T-cells is a biomarker of human aging,[2026-05-10 PMID extracted from <science><title> wrapper via quorum agent; both A+B agree],,,,,,,,,,,,,,,,,,,,,,,,,,,,170.0,unknown,"observational, adults","FIXED P0: was 0.36, corrected to 0.5000 (output NHANES prior)"
0.5,,0.46,0.18,SMD,hallmark_8_cellular_senescence_p16_mrna_log2,exercise,exercise_high_not,,,,,1.3938088106450093,0.1456967692620703,,,,,,,,,,,,,,https://pubmed.ncbi.nlm.nih.gov/19485966/ - Liu 2009: Expression of p16INK4a in peripheral blood T-cells is a biomarker of human aging,[2026-05-10 PMID extracted from <science><title> wrapper via quorum agent; both A+B agree],,,,,,,,,,,,,,,,,,,,,,,,,,,,170.0,unknown,"observational, adults","FIXED P0: was 0.68, corrected to 0.5000 (output NHANES prior)"
,,,,,hallmark_8_cellular_senescence_p16_mrna_log2,,,,,,,,,dependency_priors,hallmark_8_cellular_senescence_p16_mrna_log2_above_6,0.5,hallmark_8_cellular_senescence_p16_mrna_log2_above_6_not,0.5,,,,,,,,,,Threshold p16INK4a mRNA log2 >6. Prior=0.50 (median). p16 increases with age and is a senescence biomarker. Log2=6 = 64 expression units. Prior 0.50 implies median threshold. Liu 2009 (Aging Cell) used p16 in peripheral blood T-cells.,,,,,,,,,,,,,,,,,,,,,,,,,,,,,,,
,,,,,,,,,,,,,,,,,,,,,,,,,,,,,,,,,,,,,,,,,,,,,,,,,,,,,,,,,,,
,,,,,hallmark_11_chronic_inflammation,inflammatory_diet,inflammatory_diet_yes,,,,,,,,,,,,,,,,,,,,,,,,,,,,,,,,,,,,,,,,,,,,,,,,,,,,
,,,,,hallmark_11_chronic_inflammation,inflammation_indicators,inflammation_indicators_yes,,,,,,,,,,,,,,,,,,,,,,,,,,,,,,,,,,,,,,,,,,,,,,,,,,,,
,,,,,hallmark_11_chronic_inflammation,,,,,,,,,all_of,hallmark_11_chronic_inflammation_yes,,hallmark_11_chronic_inflammation_no,,,,,,,,,,,,,,,,,,,,,,,,,,,,,,,,,,,,,,,,,,
,,,,,,,,,,,,,,,,,,,,,,,,,,,,,,,,,,,,,,,,,,,,,,,,,,,,,,,,,,,
,,,,,,,,,,,,,,,,,,,,,,,,,,,,,,,,,,,,,,,,,,,,,,,,,,,,,,,,,,,
0.16,,0.083,0.2,SMD,hallmark_10_altered_intercellular_communication_immune_age,cardiovascular_disease,cardiovascular_disease_yes,,,,,1.1327229226078297,0.2980857658180531,,,,,,,,,,,,,,"<science><title>A clinically meaningful metric of immune age derived from high-dimensional longitudinal monitoring</>Alpert A, Pickman Y, Leipold M, et al<source>Nat Med</>2019;25:487-95<link>https://cdn.doctorcarnivoor.nl/wp-content/uploads/2020/09/27145932/A-clinically-meaningful-metric-of-immune-age-derived-from-highdimensional-longitudinal-monitoring_NatMed_2019.pdf</></> [PMID 30842675; added 2026-04-18 via audit]",,,,,,,,,,,,,,,,,,,,,,,,,,,,,135.0,cohort,"Alpert cohort, longitudinal","FIXED P0: was 0.175, corrected to 0.1600 (output NHANES prior)"
0.16,,0.115,0.09,SMD,hallmark_10_altered_intercellular_communication_immune_age,hallmark_11_chronic_inflammation,hallmark_11_chronic_inflammation_yes,,,,,1.187434689006588,0.1488374562091341,,,,,,,,,,,,,,"<science><title>A clinically meaningful metric of immune age derived from high-dimensional longitudinal monitoring</>Alpert A, Pickman Y, Leipold M, et al<source>Nat Med</>2019;25:487-95<link>https://cdn.doctorcarnivoor.nl/wp-content/uploads/2020/09/27145932/A-clinically-meaningful-metric-of-immune-age-derived-from-highdimensional-longitudinal-monitoring_NatMed_2019.pdf</></> [PMID 30842675; added 2026-04-18 via audit]",,,,,,,,,,,,,,,,,,,,,,,,,,,,,135.0,cohort,"Alpert cohort, longitudinal","FIXED P0: was 0.75, corrected to 0.1600 (output NHANES prior)"
,,,,,hallmark_10_altered_intercellular_communication_immune_age,,,,,,,,,dependency_priors,hallmark_10_altered_intercellular_communication_immune_age_older_5_or_more_years,0.16,hallmark_10_altered_intercellular_communication_immune_age_older_5_or_more_years_not,0.84,,,,,,,,,,Threshold immune age >5yr acceleration. Prior=0.16. Based on IMM-AGE metric from Alpert et al 2019 (Nat Med). Similar concept to epigenetic age; 11-16% prevalence is plausible. Same study used for input RR (SMD=0.083 for CV disease).,,,,,,,,,,,,,,,,,,,,,,,,,,,,,,,
,,,,,,,,,,,,,,,,,,,,,,,,,,,,,,,,,,,,,,,,,,,,,,,,,,,,,,,,,,,
,,,,,,,,,,,,,,,,,,,,,,,,,,,,,,,,,,,,,,,,,,,,,,,,,,,,,,,,,,,
0.005,,0.6,0.315,SMD,malondialdehyde_mg_g_creatinine,probiotic_supplementation,probiotic_supplementation_no,,,,,2.9336160868905736,1.2641892182871273,,,,,,,,,,,,,,"https://pubmed.ncbi.nlm.nih.gov/32062613/ - Den 2020 probiotics+cognition+oxidative-stress (MDA SMD -0.60 - INVERTED to row's encoding for opposite state, magnitude OK)","FIXED: D was 3.94e+23 (formula error). Correct: SMD=-0.60 (95%CI -0.91 to -0.28) from PMC7066922. Entered as absolute SMD=0.60, pm=0.315. [2026-05-10 fake PMID 7066922 removed; row kept for network structure; needs real citation]",,,,,,,,,,,,,,,,,,,,,,,,,,,,297.0,meta-analysis,meta-analysis of RCTs,"FIXED P0: was 0.04, corrected to 0.0050 (output NHANES prior)"
,,,,,malondialdehyde_mg_g_creatinine,,,,,,,,,dependency_priors,malondialdehyde_mg_g_creatinine_above_1.5,0.005,malondialdehyde_mg_g_creatinine_above_1.5_not,0.995,,,,,,,,,,https://www.ncbi.nlm.nih.gov/pmc/articles/PMC9024833/,,,,,,,,,,,,,,,,,,,,,,,,,,,,,,,
,,,,,,,,,,,,,,,,,,,,,,,,,,,,,,,,,,,,,,,,,,,,,,,,,,,,,,,,,,,
0.25,,0.87,0.33,SMD,fibrinogen_mg_dL,copd,copd_yes,,,,,2.4672944807177664,0.5883585786331416,,,,,,,,,,,,,,"<science><title>Inflammatory Markers and the Risk of Chronic Obstructive Pulmonary Disease: A Systematic Review and Meta-Analysis</>Bin Su, Tiansheng Liu,Haojun Fan,Feng Chen,Hui Ding,Zhouwei Wu,Hongwu Wang,and Shike Hou Hong-Long (James) Ji<source>PLoS One</>2016; 11(4): e0150586<link>https://www.ncbi.nlm.nih.gov/pmc/articles/PMC4841528/</></>",,,,,,,,,,,,,,,,,,,,,,,,,,,,,39337.0,meta-analysis,"24 observational studies, 10,677 COPD + 28,660 controls","FIXED P0: was 0.103, corrected to 0.2500 (output NHANES prior)"
,,,,,fibrinogen_mg_dL,,,,,,,,,dependency_priors,fibrinogen_mg_dL_quartile_4_above_289,0.25,fibrinogen_mg_dL_quartile_4_above_289_not,0.75,,,,,,,,,,https://www.ahajournals.org/doi/10.1161/01.ATV.16.1.144,,,,,,,,,,,,,,,,,,,,,,,,,,,,,,,
,,,,,,,,,,,,,,,,,,,,,,,,,,,,,,,,,,,,,,,,,,,,,,,,,,,,,,,,,,,
,,,,,inflammatory_bowel_disease,,,,,,,,,discrete_priors,inflammatory_bowel_disease_yes,0.0006690000000000001,inflammatory_bowel_disease_no,0.999331,,,,,,,,,,,,,,,,,,,,,,,,,,,,,,,,,,,,,,,,,
,,,,,,,,,,,,,,,,,,,,,,,,,,,,,,,,,,,,,,,,,,,,,,,,,,,,,,,,,,,
0.00721,,-0.83,0.3,SMD,mean_platelet_volume_fL,inflammatory_bowel_disease,inflammatory_bowel_disease_yes,,,,,1.490879851225572,0.3231427035991217,,,,,,,,,,,,,,"https://pubmed.ncbi.nlm.nih.gov/36040881/ - Bambo 2022 MPV-IBD meta. Paper reports MD=-0.83 fL (95%CI -1.15,-0.50; IBD LOWERS MPV). Sign-corrected from original SMD=+0.22 to SMD-proxy=-0.83 using paper-reported MD value (typical MPV SD ~1 fL makes MD ≈ SMD).",[overnight] promoted from mean_platelet_volume_fL_digestion to mean_platelet_volume_fL direct; bypasses saturating any_of aggregator [2026-05-10 fake PMID 36040881 removed; row kept for network structure; needs real citation] [2026-05-10 RR direction-flipped to match paper; magnitude adjusted to paper-reported MD],,,,,,,,,,,,,,,,,,,,,,,,,,,,2957.0,meta-analysis,meta-analysis,
0.023,,1.9,0.91,OR,mean_platelet_volume_fL_naive,non_alcoholic_steatohepatitis,non_alcoholic_steatohepatitis_yes,,,,,1.8614676202606053,0.8712398678775575,,,,,,,,,,,,,,https://pubmed.ncbi.nlm.nih.gov/21969091/ - NASH→MPV stepwise increase (OR ~1.9 derivable from means),[overnight] promoted from mean_platelet_volume_fL_digestion to mean_platelet_volume_fL direct; bypasses saturating any_of aggregator [2026-05-10 fake PMID 3245344 removed; row kept for network structure; needs real citation],,,,,,,,,,,,,,,,,,,,,,,,,,,,,cross-sectional,obese women,
0.023,,0.89,0.56,SMD,mean_platelet_volume_fL_naive,non_alcoholic_fatty_liver_disease,non_alcoholic_fatty_liver_disease_yes,,,,,4.58474756509767,2.8010674227690524,,,,,,,,,,,,,,"<science><title>Association between platelet indices and non-alcoholic fatty liver disease: a systematic review and meta-analysis</>Li Li, Jianxiu Yu, Zhongwei Zhou<source>Rev Esp Enferm Dig</>2022 Oct 20<link>https://pubmed.ncbi.nlm.nih.gov/36263810/</></>",[overnight] promoted from mean_platelet_volume_fL_digestion to mean_platelet_volume_fL direct; bypasses saturating any_of aggregator,,,,,,,,,,,,,,,,,,,,,,,,,,,,4786.0,meta-analysis,meta-analysis,
,,,,,,,,,,,,,,,,,,,,,,,,,,,,[overnight] MPV aggregator/edge removed (flattened),,,,,,,,,,,,,,,,,,,,,,,,,,,,,,,
,,,,,,,,,,,,,,,,,,,,,,,,,,,,,,,,,,,,,,,,,,,,,,,,,,,,,,,,,,,
0.424,,0.79,0.3,SMD,mean_platelet_volume_fL_naive,bmi,bmi_over_30_obesity,,,,,2.16387429936262,0.1386729247832518,,,,,,,,,,,,,,https://pubmed.ncbi.nlm.nih.gov/35578358/ - Nkambule 2022 MPV-obesity meta. Paper reports MD=0.79 fL (obese > normal). Magnitude corrected from SMD=4.18 to SMD-proxy=0.79 using paper-reported MD value (typical MPV SD ~1 fL makes MD ≈ SMD).,[overnight] promoted from mean_platelet_volume_fL_glucose to mean_platelet_volume_fL direct; bypasses saturating any_of aggregator [2026-05-10 fake PMID 35578358 removed; row kept for network structure; needs real citation] [2026-05-10 magnitude corrected to paper-reported MD; was 5x too high],,,,,,,,,,,,,,,,,,,,,,,,,,,,13.0,meta-analysis,meta-analysis,
0.116,,0.7,0.21,SMD,mean_platelet_volume_fL_naive,diabetes,diabetes_yes,,,,,2.739718240748556,0.657021833167351,,,,,,,,,,,,,,"<science><title>Platelet mean volume, distribution width, and count in type 2 diabetes, impaired fasting glucose, and metabolic syndrome: a meta-analysis</>Francesco Zaccardi, Bianca Rocca, Dario Pitocco, Luigi Tanese, Alessandro Rizzi, Giovanni Ghirlanda<source>Diabetes Metab Res Rev</>2015 May;31(4):402-10<link>https://pubmed.ncbi.nlm.nih.gov/25421610/</></>",[overnight] promoted from mean_platelet_volume_fL_glucose to mean_platelet_volume_fL direct; bypasses saturating any_of aggregator,,,,,,,,,,,,,,,,,,,,,,,,,,,,24245.0,meta-analysis,mixed,
0.085,,2.03,1.27,OR,mean_platelet_volume_fL_naive,fasting_glucose_mg_dL,fasting_glucose_mg_dL_high_above_100,,,,,1.8665808468576155,1.0907539787481833,,,,,,,,,,,,,,https://pubmed.ncbi.nlm.nih.gov/22410814/ - Diabetes/MetSyn-MPV NHANES 1999-2004 (OR 2.03),[cycle6] restored from cycle5 blank - will be fixed by connecting study approach [2026-05-10 fake PMID 3329806 removed; row kept for network structure; needs real citation],,,,,,,,,,,,,,,,,,,,,,,,,,,,13021.0,cross-sectional,NHANES 1999-2004,
,,,,,,,,,,,,,,,,,,,,,,,,,,,,[overnight] MPV aggregator/edge removed (flattened),,,,,,,,,,,,,,,,,,,,,,,,,,,,,,,
,,,,,,,,,,,,,,,,,,,,,,,,,,,,,,,,,,,,,,,,,,,,,,,,,,,,,,,,,,,
,,,,,mean_platelet_volume_fL,mean_platelet_volume_fL_naive,mean_platelet_volume_fL_high_11.5_and_above,,,,,,,equivalent_to,,,,,,,,,,,,,,,,,,,,,,,,,,,,,,,,,,,,,,,,,,,,,
,,,,,,,,,,,,,,,,,,,,,,,,,,,,[overnight] MPV aggregator/edge removed (flattened),,,,,,,,,,,,,,,,,,,,,,,,,,,,,,,
,,,,,,,,,,,,,,,,,,,,,,,,,,,,[overnight] MPV aggregator/edge removed (flattened),,,,,,,,,,,,,,,,,,,,,,,,,,,,,,,
,,,,,mean_platelet_volume_fL,,,,,,,,,dependency_nhanes_explicit,mean_platelet_volume_fL_high_11.5_and_above,11.5-1000,mean_platelet_volume_fL_normal_under_11.5,0-11.4,,,,,,,LBXMPSI,,,,,,,,,,,,,,,,,,,,,,,,,,,,,,,,,,
,,,,,,,,,,,,,,,,,,,,,,,,,,,,,,,,,,,,,,,,,,,,,,,,,,,,,,,,,,,
0.3,,0.2108517498070411,0.1381049366077887,SMD,platelet_count_si,non_alcoholic_steatohepatitis,non_alcoholic_steatohepatitis_yes,,,,,1.28548292784372,0.1909600431310156,,,,,,,,,,,,,,"<science><title>Association between platelet indices and non-alcoholic fatty liver disease: a systematic review and meta-analysis</>Li Li, Jianxiu Yu, Zhongwei Zhou<source>Rev Esp Enferm Dig</>2022 Oct 20<link>https://pubmed.ncbi.nlm.nih.gov/36263810/</></>","[autofill Apr-20] col A updated to NHANES P0 per , 2026 convention",,,,,,,,,,,,,,,,,,,,,,,,,,,,4786.0,meta-analysis,meta-analysis,
0.32,,0.3028250599833612,0.2674844551719041,SMD,platelet_count_si,non_alcoholic_fatty_liver_disease,non_alcoholic_fatty_liver_disease_yes,,,,,1.4023932582083425,0.3584045553136525,,,,,,,,,,,,,,"<science><title>Association between platelet indices and non-alcoholic fatty liver disease: a systematic review and meta-analysis</>Li Li, Jianxiu Yu, Zhongwei Zhou<source>Rev Esp Enferm Dig</>2022 Oct 20<link>https://pubmed.ncbi.nlm.nih.gov/36263810/</></>","[autofill Apr-20] col A updated to NHANES P0 per , 2026 convention",,,,,,,,,,,,,,,,,,,,,,,,,,,,4786.0,meta-analysis,meta-analysis,
,,,,,platelet_count_si,platelet_count_si_naive,platelet_count_si_high_450K_and_above,,,,,,,equivalent_to,,,,,,,,,,,,,,,,,,,,,,,,,,,,,,,,,,,,,,,,,,,,,
0.0206352545225073,,0.18,0.06,SMD,platelet_count_si,fasting_glucose_mg_dL,fasting_glucose_mg_dL_high_above_100,,,,,,,,,,,,,,,,,,,,"https://pubmed.ncbi.nlm.nih.gov/25421610/ - Zaccardi et al 2015 Diabetes Metab Res Rev, ""Platelet mean volume, distribution width, and count in T2D, IFG, and metabolic syndrome: a meta-analysis"". Platelet count in IFG: SMD=0.18 (95%CI 0.12-0.24, N=3960). Row input value matches IFG (FPG ≥ 100 mg/dL).","[cycle6] restored from cycle5 blank - will be fixed by connecting study approach | [prep] BLANKED again: original OR=2 pm=0.8 stat=OR M=1.960; reason: OR was *estimated from threshold data*, not a direct meta-analysis (per row citation). It is the direction-wrong row keeping platelet_count_si at abstain-d (qRR 0.98 DOWN vs lit 1.96 UP). Removing should promote platelet_count_si to tight-LoTP per Theorem activity-K3 (ρ=0.986 > φ_loose=0.833). [2026-05-10 fake PMID 2660482 removed; row kept for network structure; needs real citation] [2026-05-10 real Zaccardi 2015 meta substituted; row Stat updated from empty to SMD=0.18 per paper IFG analysis]",,,,,,,,,,,,,,,,,,,,,,,,,,,,,cross-sectional,hyperglycemia,
0.416,,2.025668966842638,1.505733857992942,SMD,platelet_count_si,metabolic_syndrome,metabolic_syndrome_yes,,,,,2.199427876851073,0.6463430450898129,,,,,,,,,,,,,,"<science><title>Platelet mean volume, distribution width, and count in type 2 diabetes, impaired fasting glucose, and metabolic syndrome: a meta-analysis</>Francesco Zaccardi, Bianca Rocca, Dario Pitocco, Luigi Tanese, Alessandro Rizzi, Giovanni Ghirlanda<source>Diabetes Metab Res Rev</>2015 May;31(4):402-10<link>https://pubmed.ncbi.nlm.nih.gov/25421610/</></>","[autofill Apr-20] col A updated to NHANES P0 per , 2026 convention",,,,,,,,,,,,,,,,,,,,,,,,,,,,24245.0,meta-analysis,"meta-analysis, T2DM",
,,,,,platelet_count_si,,,,,,,,,dependency_nhanes_explicit,platelet_count_si_high_450K_and_above,450-10000,platelet_count_si_high_450K_and_above_not,0-449.999,,,,,,,LBXPLTSI,,,,,,,,,,,,,,,,,,,,,,,,,,,,,,,,,,
,,,,,,,,,,,,,,,,,,,,,,,,,,,,,,,,,,,,,,,,,,,,,,,,,,,,,,,,,,,
,,,,,coagulation_biomarker,malondialdehyde_mg_g_creatinine,malondialdehyde_mg_g_creatinine_above_1.5,,,,,,,,,,,,,,,,,,,,,,,,,,,,,,,,,,,,,,,,,,,,,,,,,,,,
,,,,,coagulation_biomarker,fibrinogen_mg_dL,fibrinogen_mg_dL_quartile_4_above_289,,,,,,,,,,,,,,,,,,,,,,,,,,,,,,,,,,,,,,,,,,,,,,,,,,,,
,,,,,coagulation_biomarker,mean_platelet_volume_fL,mean_platelet_volume_fL_high_11.5_and_above,,,,,,,,,,,,,,,,,,,,,,,,,,,,,,,,,,,,,,,,,,,,,,,,,,,,
,,,,,coagulation_biomarker,platelet_count_si,platelet_count_si_high_450K_and_above,,,,,,,,,,,,,,,,,,,,,,,,,,,,,,,,,,,,,,,,,,,,,,,,,,,,
,,,,,coagulation_biomarker,,,,,,,,,any_of,coagulation_biomarker_high,,coagulation_biomarker_normal,,,,,,,,,,,,,,,,,,,,,,,,,,,,,,,,,,,,,,,,,,
,,,,,,,,,,,,,,,,,,,,,,,,,,,,,,,,,,,,,,,,,,,,,,,,,,,,,,,,,,,
,,,,,inflammatory_biomarker,interleukin6_1beta_pg_mL,interleukin6_1beta_pg_mL_high_above_10,,,,,,,,,,,,,,,,,,,,,,,,,,,,,,,,,,,,,,,,,,,,,,,,,,,,
,,,,,inflammatory_biomarker,c_reactive_protein_mg_L,c_reactive_protein_mg_L_high_above_2,,,,,,,,,,,,,,,,,,,,,,,,,,,,,,,,,,,,,,,,,,,,,,,,,,,,
,,,,,inflammatory_biomarker,tnf_alpha_pg_mL,tnf_alpha_pg_mL_high_above_7.23,,,,,,,,,,,,,,,,,,,,,,,,,,,,,,,,,,,,,,,,,,,,,,,,,,,,
,,,,,inflammatory_biomarker,icam1_ng_mL,icam1_ng_mL_high_550_and_above,,,,,,,,,,,,,,,,,,,,,,,,,,,,,,,,,,,,,,,,,,,,,,,,,,,,
,,,,,inflammatory_biomarker,interleukin6_pg_mL,interleukin6_pg_mL_quartile_4_above_2.28,,,,,,,,,,,,,,,,,,,,,,,,,,,,,,,,,,,,,,,,,,,,,,,,,,,,
,,,,,inflammatory_biomarker,,,,,,,,,any_of,inflammatory_biomarker_high,,inflammatory_biomarker_normal,,,,,,,,,,,,,,,,,,,,,,,,,,,,,,,,,,,,,,,,,,
,,,,,,,,,,,,,,,,,,,,,,,,,,,,,,,,,,,,,,,,,,,,,,,,,,,,,,,,,,,
,,,,,inflammation_indicators,coagulation_biomarker,coagulation_biomarker_high,,,,,,,,,,,,,,,,,,,,,,,,,,,,,,,,,,,,,,,,,,,,,,,,,,,,
,,,,,inflammation_indicators,inflammatory_biomarker,inflammatory_biomarker_high,,,,,,,,,,,,,,,,,,,,,,,,,,,,,,,,,,,,,,,,,,,,,,,,,,,,
,,,,,inflammation_indicators,,,,,,,,,any_of,inflammation_indicators_yes,,inflammation_indicators_no,,,,,,,,,,,,,,,,,,,,,,,,,,,,,,,,,,,,,,,,,,
,,,,,,,,,,,,,,,,,,,,,,,,,,,,,,,,,,,,,,,,,,,,,,,,,,,,,,,,,,,
,,,,,dietary_epa_gm,poly_unsaturated_fat_gm,,,,,,,,naive_0_nhanes_quartile,,,,,,,,,,,DR1TP205,,,,,,,,,,,,,,,,,,,,,,,,,,,,,,,,,,
,,,,,tuna_eaten_times_per_month,poly_unsaturated_fat_gm,,,,,,,,naive_0_nhanes_explicit,tuna_eaten_per_month_0_or_1,0-1,tuna_eaten_per_month_2_to_3,2-3,tuna_eaten_per_month_4_to_7,4-7,tuna_eaten_per_month_8_or_more,8-25,,,DRD370BQ,,,,,,,,,,,,,,,,,,,,,,,,,,,,,,,,,,
,,,,,dietary_dha_gm,poly_unsaturated_fat_gm,,,,,,,,naive_0_nhanes_quartile,,,,,,,,,,,DR1TP226,,,poly_unsaturated_fat,,,,,,,,,,,,,,,,,,,,,,,,,,,,,,,
,,,,,fish_in_last_month,poly_unsaturated_fat_gm,,,,,,,,naive_0_nhanes_explicit,fish_in_last_month_no,2,fish_in_last_month_yes,1,,,,,,,DRQ360,,,healthy_diet,,,,,,,,,,,,,,,,,,,,,,,,,,,,,,,
,,,,,fish_last_month,poly_unsaturated_fat_gm,,,,,,,,naive_0_nhanes_explicit,fish_last_month_no,2,fish_last_month_yes,1,,,,,,,DRD360,,,,,,,,,,,,,,,,,,,,,,,,,,,,,,,,,,
,,,,,poly_unsaturated_fat_gm,,,,,,,,,discrete_nhanes_quartile_average,,,,,,,,,,,DR1IPFAT,,,,,,,,,,,,,,,,,,,,,,,,,,,,,,,,,,
,,,,,,,,,,,,,,,,,,,,,,,,,,,,,,,,,,,,,,,,,,,,,,,,,,,,,,,,,,,
,,,,,inflammatory_sugars_and_fats,carbohydrate_intake_gm,carbohydrate_intake_gm_quartile_4,,,,,,,,,,,,,,,,,,,,,,,,,,,,,,,,,,,,,,,,,,,,,,,,,,,,
,,,,,inflammatory_sugars_and_fats,dietary_cholesterol_mg,dietary_cholesterol_mg_quartile_4,,,,,,,,,,,,,,,,,,,,,,,,,,,,,,,,,,,,,,,,,,,,,,,,,,,,
,,,,,inflammatory_sugars_and_fats,dietary_fat_gm,dietary_fat_gm_quartile_4,,,,,,,,,,,,,,,,,,,,,,,,,,,,,,,,,,,,,,,,,,,,,,,,,,,,
,,,,,inflammatory_sugars_and_fats,,,,,,,,,any_of,inflammatory_sugars_and_fats_yes,,inflammatory_sugars_and_fats_no,,,,,,,,,,,,,,,,,,,,,,,,,,,,,,,,,,,,,,,,,,
,,,,,,,,,,,,,,,,,,,,,,,,,,,,,,,,,,,,,,,,,,,,,,,,,,,,,,,,,,,
,,,,,inflammatory_minerals_and_protein,dietary_protein_gm,dietary_protein_gm_quartile_4,,,,,,,,,,,,,,,,,,,,,,,,,,,,,,,,,,,,,,,,,,,,,,,,,,,,
,,,,,inflammatory_minerals_and_protein,dietary_b12_mcg,dietary_b12_mcg_quartile_4,,,,,,,,,,,,,,,,,,,,,,,,,,,,,,,,,,,,,,,,,,,,,,,,,,,,
,,,,,inflammatory_minerals_and_protein,dietary_iron_mg,dietary_iron_mg_quartile_4,,,,,,,,,,,,,,,,,,,,,,,,,,,,,,,,,,,,,,,,,,,,,,,,,,,,
,,,,,inflammatory_minerals_and_protein,,,,,,,,,any_of,inflammatory_minerals_and_protein_yes,,inflammatory_minerals_and_protein_no,,,,,,,,,,,,,,,,,,,,,,,,,,,,,,,,,,,,,,,,,,
,,,,,,,,,,,,,,,,,,,,,,,,,,,,,,,,,,,,,,,,,,,,,,,,,,,,,,,,,,,
,,,,,anti_inflammatory_fats_and_vitamin_deficiency,poly_unsaturated_fat_gm,poly_unsaturated_fat_gm_quartile_1,,,,,,,,,,,,,,,,,,,,,,,,,,,,,,,,,,,,,,,,,,,,,,,,,,,,
,,,,,anti_inflammatory_fats_and_vitamin_deficiency,dietary_vitamin_C_mg,dietary_vitamin_C_mg_quartile_1,,,,,,,,,,,,,,,,,,,,,,,,,,,,,,,,,,,,,,,,,,,,,,,,,,,,
,,,,,anti_inflammatory_fats_and_vitamin_deficiency,vitamin_d_nmol_per_liter,vitamin_d_nmol_per_liter_deficiency_under_30,,,,,,,,,,,,,,,,,,,,,,,,,,,,,,,,,,,,,,,,,,,,,,,,,,,,
,,,,,anti_inflammatory_fats_and_vitamin_deficiency,,,,,,,,,any_of,anti_inflammatory_fats_and_vitamin_deficiency_yes,,anti_inflammatory_fats_and_vitamin_deficiency_no,,,,,,,,,,,,,,,,,,,,,,,,,,,,,,,,,,,,,,,,,,
,,,,,,,,,,,,,,,,,,,,,,,,,,,,,,,,,,,,,,,,,,,,,,,,,,,,,,,,,,,
,,,,,anti_inflammatory_b_deficiency,dietary_b6_mg,dietary_b6_mg_quartile_1,,,,,,,,,,,,,,,,,,,,,,,,,,,,,,,,,,,,,,,,,,,,,,,,,,,,
,,,,,anti_inflammatory_b_deficiency,dietary_thiamin_mg,dietary_thiamin_mg_quartile_1,,,,,,,,,,,,,,,,,,,,,,,,,,,,,,,,,,,,,,,,,,,,,,,,,,,,
,,,,,anti_inflammatory_b_deficiency,dietary_riboflavin_mg,dietary_riboflavin_mg_quartile_1,,,,,,,,,,,,,,,,,,,,,,,,,,,,,,,,,,,,,,,,,,,,,,,,,,,,
,,,,,anti_inflammatory_b_deficiency,dietary_folate_mcg,dietary_folate_mcg_quartile_1,,,,,,,,,,,,,,,,,,,,,,,,,,,,,,,,,,,,,,,,,,,,,,,,,,,,
,,,,,anti_inflammatory_b_deficiency,,,,,,,,,any_of,anti_inflammatory_b_deficiency_yes,,anti_inflammatory_b_deficiency_no,,,,,,,,,,,,,,,,,,,,,,,,,,,,,,,,,,,,,,,,,,
,,,,,,,,,,,,,,,,,,,,,,,,,,,,,,,,,,,,,,,,,,,,,,,,,,,,,,,,,,,
,,,,,anti_inflammatory_mineral_and_fiber_deficiency,dietary_magnesium_mg,dietary_magnesium_mg_quartile_1,,,,,,,,,,,,,,,,,,,,,,,,,,,,,,,,,,,,,,,,,,,,,,,,,,,,
,,,,,anti_inflammatory_mineral_and_fiber_deficiency,dietary_zinc_mg,dietary_zinc_mg_quartile_1,,,,,,,,,,,,,,,,,,,,,,,,,,,,,,,,,,,,,,,,,,,,,,,,,,,,
,,,,,anti_inflammatory_mineral_and_fiber_deficiency,dietary_fiber_gm,dietary_fiber_gm_quartile_1,,,,,,,,,,,,,,,,,,,,,,,,,,,,,,,,,,,,,,,,,,,,,,,,,,,,
,,,,,anti_inflammatory_mineral_and_fiber_deficiency,,,,,,,,,any_of,anti_inflammatory_mineral_and_fiber_deficiency_yes,,anti_inflammatory_mineral_and_fiber_deficiency_no,,,,,,,,,,,,,,,,,,,,,,,,,,,,,,,,,,,,,,,,,,
,,,,,,,,,,,,,,,,,,,,,,,,,,,,,,,,,,,,,,,,,,,,,,,,,,,,,,,,,,,
,,,,,anti_inflammatory_vitamin_deficiency,dietary_alpha_tocopherol_mg,dietary_alpha_tocopherol_mg_quartile_1,,,,,,,,,,,,,,,,,,,,,,,,,,,,,,,,,,,,,,,,,,,,,,,,,,,,
,,,,,anti_inflammatory_vitamin_deficiency,dietary_beta_carotene_mcg,dietary_beta_carotene_mcg_quartile_1,,,,,,,,,,,,,,,,,,,,,,,,,,,,,,,,,,,,,,,,,,,,,,,,,,,,
,,,,,anti_inflammatory_vitamin_deficiency,dietary_alpha_carotene_mcg,dietary_alpha_carotene_mcg_quartile_1,,,,,,,,,,,,,,,,,,,,,,,,,,,,,,,,,,,,,,,,,,,,,,,,,,,,
,,,,,anti_inflammatory_vitamin_deficiency,,,,,,,,,any_of,anti_inflammatory_vitamin_deficiency_yes,,anti_inflammatory_vitamin_deficiency_no,,,,,,,,,,,,,,,,,,,,,,,,,,,,,,,,,,,,,,,,,,
,,,,,,,,,,,,,,,,,,,,,,,,,,,,,,,,,,,,,,,,,,,,,,,,,,,,,,,,,,,
,,,,,inflammatory_nutrients,inflammatory_sugars_and_fats,inflammatory_sugars_and_fats_yes,,,,,,,,,,,,,,,,,,,,,,,,,,,,,,,,,,,,,,,,,,,,,,,,,,,,
,,,,,inflammatory_nutrients,inflammatory_minerals_and_protein,inflammatory_minerals_and_protein_yes,,,,,,,,,,,,,,,,,,,,,,,,,,,,,,,,,,,,,,,,,,,,,,,,,,,,
,,,,,inflammatory_nutrients,,,,,,,,,any_of,inflammatory_nutrients_yes,,inflammatory_nutrients_no,,,,,,,,,,,,,,,,,,,,,,,,,,,,,,,,,,,,,,,,,,
,,,,,,,,,,,,,,,,,,,,,,,,,,,,,,,,,,,,,,,,,,,,,,,,,,,,,,,,,,,
,,,,,anti_inflammatory_nutrient_deficiency,anti_inflammatory_fats_and_vitamin_deficiency,anti_inflammatory_fats_and_vitamin_deficiency_yes,,,,,,,,,,,,,,,,,,,,,,,,,,,,,,,,,,,,,,,,,,,,,,,,,,,,
,,,,,anti_inflammatory_nutrient_deficiency,anti_inflammatory_b_deficiency,anti_inflammatory_b_deficiency_yes,,,,,,,,,,,,,,,,,,,,,,,,,,,,,,,,,,,,,,,,,,,,,,,,,,,,
,,,,,anti_inflammatory_nutrient_deficiency,anti_inflammatory_mineral_and_fiber_deficiency,anti_inflammatory_mineral_and_fiber_deficiency_yes,,,,,,,,,,,,,,,,,,,,,,,,,,,,,,,,,,,,,,,,,,,,,,,,,,,,
,,,,,anti_inflammatory_nutrient_deficiency,anti_inflammatory_vitamin_deficiency,anti_inflammatory_vitamin_deficiency_yes,,,,,,,,,,,,,,,,,,,,,,,,,,,,,,,,,,,,,,,,,,,,,,,,,,,,
,,,,,anti_inflammatory_nutrient_deficiency,,,,,,,,,any_of,anti_inflammatory_nutrient_deficiency_yes,,anti_inflammatory_nutrient_deficiency_no,,,,,,,,,,,,,,,,,,,,,,,,,,,,,,,,,,,,,,,,,,
,,,,,,,,,,,,,,,,,,,,,,,,,,,,,,,,,,,,,,,,,,,,,,,,,,,,,,,,,,,
,,,,,inflammatory_diet,inflammatory_nutrients,inflammatory_nutrients_yes,,,,,,,,,,,,,,,,,,,,,,,,,,,,,,,,,,,,,,,,,,,,,,,,,,,,
,,,,,inflammatory_diet,anti_inflammatory_nutrient_deficiency,anti_inflammatory_nutrient_deficiency_yes,,,,,,,,,,,,,,,,,,,,,,,,,,,,,,,,,,,,,,,,,,,,,,,,,,,,
,,,,,inflammatory_diet,,,,,,,,,all_of,inflammatory_diet_yes,,inflammatory_diet_no,,,,,,,,,,,,,,,,,,,,,,,,,,,,,,,,,,,,,,,,,,
,,,,,,,,,,,,,,,,,,,,,,,,,,,,,,,,,,,,,,,,,,,,,,,,,,,,,,,,,,,
,,,,,hip_fracture_naive,,,,,,,,,naive_0_nhanes_explicit,hip_fracture_yes,1,hip_fracture_no,2,,,,,,,OSQ010A,,,"[2026-05-13 naive_0 guard-3 removal cycle] Blanked input column (was 'osteoporosis'). Leaf hip_fracture_naive is the input of an equivalent_to row, so a parent-conditional CPT here would create a triple-constraint conflict with the equivalent_to mapping + the wrapper's dep_nhanes_explicit marginal. The dependency.py guard (3) was silently demoting this to discrete priors anyway; making the CSV honest about that. | ORIGINAL: fracture_risk",,,,,,,,,,,,,,,,,,,,,,,,,,,,,,,
,,,,,spine_fracture,osteoporosis,,,,,,,,naive_0_nhanes_explicit,spine_fracture_yes,1,spine_fracture_no,2,,,,,,,OSQ010C,,,fracture_risk,,,,,,,,,,,,,,,,,,,,,,,,,,,,,,,
,,0.7,0.14,RR,osteoporosis,vitamin_d_supplementation_mcg,vitamin_d_supplementation_mcg_quartile_4,,,,,0.7,0.14,,,,,,,,,,,,,,"<science><title>A pooled analysis of vitamin D dose requirements for fracture prevention</><>Bischoff-Ferrari HA, Willett WC, Orav EJ, Lips P, Meunier PJ, Lyons RA, Flicker L, Wark J, Jackson RD, Cauley JA, Meyer HE, Pfeifer M, Sanders KM, Stähelin HB, Theiler R, Dawson-Hughes B<source>N Engl J Med</>2012 Jul 5;367(1):40-49<link>https://pubmed.ncbi.nlm.nih.gov/22762317/</></>",FIXED: was Zeng 2019 (vitamin C study). Replaced with Bischoff-Ferrari 2012 (NEJM) vitamin D pooled analysis. HR=0.70 (0.58-0.86) for hip fracture with >=800 IU/d.,,,,,,,,,,,,,,,,,,,,,,,,,,,,19484.0,meta-analysis,meta-analysis,
,,1.5,0.2,RR,osteoporosis,bmi_naive,bmi_under_19_underweight,,,,,1.5,0.2,,,,,,,,,,,,,,"<science><title>Body mass index as a predictor of fracture risk: a meta-analysis</><De Laet C, Kanis JA, Oden A, Johansson H, Johnell O, Delmas P, Eisman JA, Kroger H, Fujiwara S, Garnero P, McCloskey EV, Mellstrom D, Melton LJ, Meunier PJ, Pols HA, Reeve J, Silman A, Tenenhouse A><source>Osteoporos Int</>2005 Nov;16(11):1330-8<link>https://pubmed.ncbi.nlm.nih.gov/15928804/</></>","Add 2026-05-09: low BMI (underweight) is established osteoporosis/fracture risk factor; meta-analysis of 12 prospective cohorts, ~60K subjects, RR~1.5 underweight vs normal.",,,,,,,,,,,,,,,,,,,,,,,,,,,,60000.0,meta-analysis,general,
,,1.31,0.1,RR,osteoporosis,smoked_100_cigarettes,smoked_100_cigarettes_yes,,,,,1.31,0.1,,,,,,,,,,,,,,"<science><title>Smoking and fracture risk: a meta-analysis</><Kanis JA, Johnell O, Oden A, Johansson H, De Laet C, Eisman JA, Fujiwara S, Kroger H, McCloskey EV, Mellstrom D, Melton LJ, Pols H, Reeve J, Silman A, Tenenhouse A><source>Osteoporos Int</>2005 Feb;16(2):155-62<link>https://pubmed.ncbi.nlm.nih.gov/15175845/</></>","Add 2026-05-09: ever-smoking is established osteoporosis/fracture risk factor; meta-analysis of 10 cohorts, RR=1.31 for current smoker vs never.",,,,,,,,,,,,,,,,,,,,,,,,,,,,59000.0,meta-analysis,general,
,,3.0,0.6,RR,osteoporosis,age,elderly,,,,,,,,,,,,,,,,,,,,"https://pubmed.ncbi.nlm.nih.gov/34774085/ - Salari et al 2021 J Orthop Surg Res - elderly osteoporosis prevalence 21.7% vs ~5-7% in younger, 40 studies, 79k participants; RR ~3-4x",[2026-05-10 quorum-verified A+B; replaces deleted iter#1-4 fake-cite row],,,,,,,,,,,,,,,,,,,,,,,,,,,,,,,
,,2.0,0.4,RR,osteoporosis,gender,female,,,,,,,,,,,,,,,,,,,,"https://pubmed.ncbi.nlm.nih.gov/34774085/ - Salari et al 2021 J Orthop Surg Res - women osteoporosis prev 23.1% vs men 11.7%, RR ~2.0 (35.3% vs 12.5% in elderly subgroup)",[2026-05-10 user-approved disagreement-resolution pick; replaces deleted iter#1-4 fake-cite row],,,,,,,,,,,,,,,,,,,,,,,,,,,,,,,
,,,,,osteoporosis,,,,,,,,,dependency_nhanes_explicit,osteoporosis_yes,1,osteoporosis_no,2,,,,,,,OSQ060,,,,,,,,,,,,,,,,,,,,,,,,,,,,,,,,,,
,,,,,,,,,,,,,,,,,,,,,,,,,,,,,,,,,,,,,,,,,,,,,,,,,,,,,,,,,,,
,,0.7,0.14,RR,hip_fracture,vitamin_d_supplementation_mcg,vitamin_d_supplementation_mcg_quartile_4,,,,,0.7,0.14,,,,,,,,,,,,,,"<science><title>A pooled analysis of vitamin D dose requirements for fracture prevention</><>Bischoff-Ferrari HA, Willett WC, Orav EJ, Lips P, Meunier PJ, Lyons RA, Flicker L, Wark J, Jackson RD, Cauley JA, Meyer HE, Pfeifer M, Sanders KM, Stähelin HB, Theiler R, Dawson-Hughes B<source>N Engl J Med</>2012 Jul 5;367(1):40-49<link>https://pubmed.ncbi.nlm.nih.gov/22762317/</></>","FIXED: D was 0.19. Correct: VitD->hip_fracture RR~0.66 (0.44-0.88), pm=0.22. NOF meta-analysis FIXED: was Zeng 2019 (vitamin C study). Replaced with Bischoff-Ferrari 2012 (NEJM) vitamin D pooled analysis. HR=0.70 (0.58-0.86) for hip fracture with >=800 IU/d.",,,,,,,,,,,,,,,,,,,,,,,,,,,,19484.0,meta-analysis,meta-analysis,FIXED: pm 0.19->0.22. VitD->hip_frac RR~0.66(0.44-0.88). Verified vs NOF meta
,,,,,hip_fracture,hip_fracture_naive,hip_fracture_yes,,,,,,,equivalent_to,,,,,,,,,,,,,,,,,,,,,,,,,,,,,,,,,,,,,,,,,,,,,
,,,,,hip_fracture,,,,,,,,,dependency_nhanes_explicit,hip_fracture_yes,1,hip_fracture_no,2,,,,,,,OSQ010A,,,,,,,,,,,,,,,,,,,,,,,,,,,,,,,,,,
,,,,,,,,,,,,,,,,,,,,,,,,,,,,,,,,,,,,,,,,,,,,,,,,,,,,,,,,,,,
,,,,,,,,,,,,,,,,,,,,,,,,,,,,,,,,,,,,,,,,,,,,,,,,,,,,,,,,,,,
,,,,,fracture_risk,hip_fracture,hip_fracture_yes,,,,,,,is_a,,,,,,,,,,,,,,,,,,,,,,,,,,,,,,,,,,,,,,,,,,,,,
,,,,,fracture_risk,spine_fracture,spine_fracture_yes,,,,,,,is_a,,,,,,,,,,,,,,,,,,,,,,,,,,,,,,,,,,,,,,,,,,,,,
0.2137,,0.62,0.225,OR,fracture_risk,how_healthy_diet,how_healthy_diet_excellent,,,,,0.6747976151346221,0.221145630522038,,,,,,,,,,,,,,"<science><title>Dietary Patterns in Relation to Low Bone Mineral Density and Fracture Risk: A Systematic Review and Meta-Analysis</>Brian L Rostron,corresponding author Joanne T Chang, Gabriella M Anic, Manju Tanwar, Cindy M Chang, and Catherine G Corey<source>Adv Nutr.</> 2019 Mar; 10(2): 219-236<link>https://www.ncbi.nlm.nih.gov/pmc/articles/PMC6416046/</></>","FIXED: D was 0.18. Correct: healthy_diet->fracture OR=0.62 (0.44-0.89), pm=0.225. PMID:30657847",,,,,,,,,,,,,,,,,,,,,,,,,,,,256429.0,meta-analysis,"observational studies, elderly","FIXED P0: was 0.252, corrected to 0.2137 (output NHANES prior)"
0.2137,,0.7633587786259541,0.26,OR,fracture_risk,eat_red_meat,eat_red_meat_no,,,,,0.8040181611622244,0.2408937316203376,,,,,,,,,,,,,,"<science><title>Dietary Patterns in Relation to Low Bone Mineral Density and Fracture Risk: A Systematic Review and Meta-Analysis</>Brian L Rostron,corresponding author Joanne T Chang, Gabriella M Anic, Manju Tanwar, Cindy M Chang, and Catherine G Corey<source>Adv Nutr.</> 2019 Mar; 10(2): 219-236<link>https://www.ncbi.nlm.nih.gov/pmc/articles/PMC6416046/</></>",,,,,,,,,,,,,,,,,,,,,,,,,,,,,256429.0,meta-analysis,"observational studies, elderly","FIXED P0: was 0.748, corrected to 0.2137 (output NHANES prior)"
0.2137,,0.57,0.11,OR,fracture_risk,daily_servings_milk,daily_servings_milk_3_or_more,,,,,0.6276779549591514,0.107670087014019,,,,,,,,,,,,,,"<science><title>Dietary Patterns in Relation to Low Bone Mineral Density and Fracture Risk: A Systematic Review and Meta-Analysis</>Brian L Rostron,corresponding author Joanne T Chang, Gabriella M Anic, Manju Tanwar, Cindy M Chang, and Catherine G Corey<source>Adv Nutr.</> 2019 Mar; 10(2): 219-236<link>https://www.ncbi.nlm.nih.gov/pmc/articles/PMC6416046/</></>",,,,,,,,,,,,,,,,,,,,,,,,,,,,,256429.0,meta-analysis,"observational studies, elderly","FIXED P0: was 0.006, corrected to 0.2137 (output NHANES prior)"
,,,,,fracture_risk,,,,,,,,,dependency_priors,fracture_risk_high,0.2137,fracture_risk_normal,0.7863,,,,,,,,,,,,,,,,,,,,,,,,,,,,,,,,,,,,,,,,,
,,,,,,,,,,,,,,,,,,,,,,,,,,,,,,,,,,,,,,,,,,,,,,,,,,,,,,,,,,,
0.1,,1.05,0.02,HR,acm_hallmarks,hallmark_10_altered_intercellular_communication_immune_age,hallmark_10_altered_intercellular_communication_immune_age_older_5_or_more_years,,,,,1.0472875666252202,0.0188851384615695,all_cause_mortality,,,,,,,,,,,,,"<science><title>A clinically meaningful metric of immune age derived from high-dimensional longitudinal monitoring</>Alpert A, Pickman Y, Leipold M, et al<source>Nat Med</>2019;25:487-95<link>https://cdn.doctorcarnivoor.nl/wp-content/uploads/2020/09/27145932/A-clinically-meaningful-metric-of-immune-age-derived-from-highdimensional-longitudinal-monitoring_NatMed_2019.pdf</></> [PMID 30842675; added 2026-04-18 via audit]","Alpert 2019 remains the primary reference. Sayed 2021 (Nature Aging) developed iAge clock and identified CXCL9 as top contributor, but did not report a specific HR for mortality. iAge validated in Framingham (p=0.02) but no clean effect size.",,,,,,,,,,,,,,,,,,,,,,,,,,,,135.0,cohort,"Alpert cohort, longitudinal",
0.179,,1.26,0.11,HR,acm_hallmarks,hallmark_2_telomere_attrition_telomere_length_rtl,hallmark_2_telomere_attrition_telomere_length_rtl_below_.93,,,,,1.2292732678192728,0.0955673245568928,all_cause_mortality,,,,,,,,,,,,,"<science><title>Telomere length and all-cause mortality: a meta-analysis</>Wang Q, Zhan Y, Pedersen NL, et al<source>Ageing Res Rev</> 2018;48:11-20<link>https://pubmed.ncbi.nlm.nih.gov/30254001/</></>","Wang 2018 meta-analysis (25 cohorts, n=121,749). HR=1.26 (1.15-1.38) shortest vs longest quartile for ACM. Confirmed by Schneider 2022 UK Biobank (n=472,432): Q1 vs Q4 HR~1.76, per-SD HR=1.08. Wang pooled estimate preferred (meta-analysis > single cohort).",,,,,,,,,,,,,,,,,,,,,,,,,,,,121749.0,meta-analysis,meta-analysis,
0.179,,1.5,0.195,HR,acm_hallmarks,hallmark_3_epigenetic_alterations_epigenetic_age,hallmark_3_epigenetic_alterations_epigenetic_age_older_5_or_more_years,,,,,1.4307245635079355,0.1629492540643335,all_cause_mortality,,,,,,,,,,,,,"<science><title>Epigenetic age acceleration and mortality risk prediction in U.S. adults</><>Mendy VL, Mersha TB<source>GeroScience</>2025;47:6029-6038<link>https://pubmed.ncbi.nlm.nih.gov/39228731/</></>","FIXED: was HR=1.16 (Marioni 2015, Horvath 1st-gen clock). Upgraded to GrimAge 2nd-gen clock: Mendy & Mersha 2025 (NHANES 1999-2002, n=2105, 17.5yr follow-up). HR=1.50 (1.32-1.71) per 5yr EAA for ACM. Also supported by DunedinPACE HR=1.65/SD (Belsky 2022, Framingham n=2471).",,,,,,,,,,,,,,,,,,,,,,,,,,,,1863.0,unknown,Lothian Birth Cohort,
,,,,,acm_hallmarks,,,,,,,,,any_of,acm_hallmarks_yes,,acm_hallmarks_no,,,,,,,,,,,,,,,,,,,,,,,,,,,,,,,,,,,,,,,,,,
,,,,,,,,,,,,,,,,,,,,,,,,,,,,,,,,,,,,,,,,,,,,,,,,,,,,,,,,,,,
0.701,,1.08,0.09,HR,acm_inflammation_extended,tnf_alpha_pg_mL,tnf_alpha_pg_mL_high_above_7.23,,,,,1.039269756712849,0.0444505571464615,all_cause_mortality,,,,,,,,,,,,,https://pubmed.ncbi.nlm.nih.gov/32732919/ - Hirata 2020: Associations of cardiovascular biomarkers and plasma albumin with exceptional survival to the highes,[cycle7] promoted from acm_inflammation to all_cause_mortality direct (bypass saturating any_of) | [21:00 K_RESTRUCTURE_REVERT] Restored from pre_K_restore backup; K-restore was a mistake (these rows were intentional bypass-fixes per their original comments). dependency_distal restructure to follow. | [21:00 K_RESTRUCTURE] Moved from direct ACM parent to acm_inflammation_extended gate child (Type=all_cause_mortality activates distal aggregation for ACM) [2026-05-10 PMID extracted from <science><title> wrapper via quorum agent; both A+B agree],,,,,,,,,,,,,,,,,,,,,,,,,,,,1427.0,unknown,Leiden Longevity Study,
0.17,,1.063829787234043,0.1114488348530902,HR,acm_inflammation_extended,interleukin6_1beta_pg_mL,interleukin6_1beta_pg_mL_high_above_10,,,,,1.0577237203722551,0.1012367992304046,all_cause_mortality,,,,,,,,,,,,,https://pubmed.ncbi.nlm.nih.gov/28855077/ - Ridker 2017: Effect of interleukin-1β inhibition with canakinumab on incident lung cancer in patients with athero,[cycle7] promoted from acm_inflammation to all_cause_mortality direct (bypass saturating any_of) | [21:00 K_RESTRUCTURE_REVERT] Restored from pre_K_restore backup; K-restore was a mistake (these rows were intentional bypass-fixes per their original comments). dependency_distal restructure to follow. | [21:00 K_RESTRUCTURE] Moved from direct ACM parent to acm_inflammation_extended gate child (Type=all_cause_mortality activates distal aggregation for ACM) [2026-05-10 PMID extracted from <science><title> wrapper via quorum agent; both A+B agree],,,,,,,,,,,,,,,,,,,,,,,,,,,,10061.0,RCT,"CANTOS RCT, post-MI patients",
0.701,,1.18,0.09,HR,acm_inflammation_extended,interleukin6_pg_mL,interleukin6_pg_mL_quartile_4_above_2.28,,,,,1.083312419274546,0.0393952923455955,all_cause_mortality,,,,,,,,,,,,,https://pubmed.ncbi.nlm.nih.gov/32732919/ - Hirata 2020: Associations of cardiovascular biomarkers and plasma albumin with exceptional survival to the highes,[cycle7] promoted from acm_inflammation to all_cause_mortality direct (bypass saturating any_of) | [21:00 K_RESTRUCTURE_REVERT] Restored from pre_K_restore backup; K-restore was a mistake (these rows were intentional bypass-fixes per their original comments). dependency_distal restructure to follow. | [21:00 K_RESTRUCTURE] Moved from direct ACM parent to acm_inflammation_extended gate child (Type=all_cause_mortality activates distal aggregation for ACM) [2026-05-10 PMID extracted from <science><title> wrapper via quorum agent; both A+B agree],,,,,,,,,,,,,,,,,,,,,,,,,,,,1427.0,unknown,Leiden Longevity Study,
0.701,,2.52,0.455,HR,acm_inflammation_extended,mic1_gdf15_pg_ml,mic1_gdf15_pg_ml_high_2764_and_above,,,,,1.3584607608349673,0.0498351594222976,all_cause_mortality,,,,,,,,,,,,,"Xie et al 2019 PMID:30697778 - meta of 31 prospective cohorts, n=53,706, GDF-15 highest vs lowest tertile and all-cause mortality","[direct] Added direct mic1_gdf15 → all_cause_mortality row parallel to existing tnf_alpha, IL-6 direct rows. Cycle-22 bypass pattern: bypasses acm_metabolism aggregator chain dilution. Verified PMID 30697778. | [21:00 K_RESTRUCTURE_REVERT] Restored from pre_K_restore backup; K-restore was a mistake (these rows were intentional bypass-fixes per their original comments). dependency_distal restructure to follow. | [21:00 K_RESTRUCTURE] Moved from direct ACM parent to acm_inflammation_extended gate child (Type=all_cause_mortality activates distal aggregation for ACM)",,,,,,,,,,,,,,,,,,,,,,,,,,,,53706.0,meta-analysis-cohort,"general population, 31 prospective cohorts pooled",verified
,,,,,,,,,,,,,,,,,,,,,,,,,,,,[cycle7] acm_inflammation aggregator removed,,,,,,,,,,,,,,,,,,,,,,,,,,,,,,,
,,,,,,,,,,,,,,,,,,,,,,,,,,,,,,,,,,,,,,,,,,,,,,,,,,,,,,,,,,,
0.25,,2.52,0.455,HR,acm_metabolism,mic1_gdf15_pg_ml,mic1_gdf15_pg_ml_high_2764_and_above,,,,,2.062621949588407,0.2709393792309948,all_cause_mortality,,,,,,,,,,,,,"Xie et al 2019 PMID:30697778 - meta-analysis of 31 prospective studies, n=53,706, GDF-15 highest vs lowest category and all-cause mortality","[substitute] Replaced Wiklund 2010 single-cohort (HR=2.61±1.46, n=940) with Xie 2019 cohort meta (HR=2.52±0.455, n=53,706) for tighter CI and broader generalisability. Verified PMID 30697778.",,,,,,,,,,,,,,,,,,,,,,,,,,,,53706.0,meta-analysis-cohort,"general population, 31 prospective cohorts pooled",verified
0.151057402,,1.23,0.17,HR,acm_metabolism,IGF1_ng_ml,IGF1_ng_ml_quartile_3_above_170_to_210_and_below,,,,,1.2077439997839077,0.1527932881869831,all_cause_mortality,,,,,,,,,,,,,<science><title>Association between IGF‐1 levels ranges and all‐cause mortality: A meta‐analysis</>Jamal Rahmani et al<source>Aging Cell..</> Feb; 21(2): e13540<link>https://www.ncbi.nlm.nih.gov/pmc/articles/PMC8844108/</></>,,,,,,,,,,,,,,,,,,,,,,,,,,,,,30876.0,meta-analysis,meta-analysis,
0.151057402,,1.33,0.19,HR,acm_metabolism,IGF1_ng_ml,IGF1_ng_ml_quartile_4_above_210,,,,,1.2956553110234874,0.1682718619340892,all_cause_mortality,,,,,,,,,,,,,<science><title>Association between IGF‐1 levels ranges and all‐cause mortality: A meta‐analysis</>Jamal Rahmani et al<source>Aging Cell..</> Feb; 21(2): e13540<link>https://www.ncbi.nlm.nih.gov/pmc/articles/PMC8844108/</></>,,,,,,,,,,,,,,,,,,,,,,,,,,,,,30876.0,meta-analysis,meta-analysis,
0.077,,1.29,0.11,HR,acm_metabolism,bmi,bmi_over_30_obesity,,,,,1.2753256635934835,0.1036814757938824,all_cause_mortality,,,,,,,,,,,,,"<science><title>Association of All-Cause Mortality With Overweight and Obesity Using Standard Body Mass Index Categories: A Systematic Review and Meta-analysis</>Dr Katherine M. Flegal, PhD, Dr Brian K. Kit, MD, Dr Heather Orpana, PhD, and Dr Barry I. Graubard, PhD<source>JAMA</>2013 Jan 2; 309(1): 71-82<link>https://www.ncbi.nlm.nih.gov/pmc/articles/PMC4855514/</></>",,,,,,,,,,,,,,,,,,,,,,,,,,,,,2880000.0,meta-analysis,meta-analysis,
,,1.32,0.08,RR,acm_metabolism,a1c,"a1c_prediabetes_5.7_to_6.4,a1c_diabetes_6.5_and_above",,,,,1.32,0.08,all_cause_mortality,,,,,,,,,,,,,"<science><title>Association between prediabetes and risk of cardiovascular disease and all cause mortality: systematic review and meta-analysis</>Yuli Huang, Xiaoyan Cai, Weiyi Mai, Meijun Li, Yunzhao Hu<source>BMJ</>2016 Nov 23;355:i5953<link>https://pubmed.ncbi.nlm.nih.gov/27881363/</></>",,,,,,,,,,,,,,,,,,,,,,,,,,,,,339.0,meta-analysis,prospective cohort studies,
,,,,,acm_metabolism,,,,,,,,,any_of,acm_metabolism_yes,,acm_metabolism_no,,,,,,,,,,,,,,,,,,,,,,,,,,,,,,,,,,,,,,,,,,
,,,,,,,,,,,,,,,,,,,,,,,,,,,,,,,,,,,,,,,,,,,,,,,,,,,,,,,,,,,
0.1152,,1.23,0.13,HR,acm_state,age_at_menarche,age_at_menarche_younger_than_10,,,,,1.213196896751087,0.1197647169012856,all_cause_mortality,,,,,,,,,,,,,"<science><title>Age at Menarche and Risks of All-Cause and Cardiovascular Death: A Systematic Review and Meta-Analysis</>Dimitrios Charalampopoulos,Andrew McLoughlin, Cathy E. Elks, and Ken K. Ong<source>Am J Epidemiol</>2014 Jul 1; 180(1): 29-40<link>https://www.ncbi.nlm.nih.gov/pmc/articles/PMC4070937/</></>",,,,,,,,,,,,,,,,,,,,,,,,,,,,,377913.0,meta-analysis,meta-analysis,
,,1.57,0.21,RR,acm_state,vitamin_d_nmol_per_liter,vitamin_d_nmol_per_liter_deficiency_under_30,,,,,1.57,0.2099999999999999,all_cause_mortality,,,,,,,,,,,,,"<science><title>Vitamin D and mortality: meta-analysis of individual participant data from a large consortium of cohort studies from Europe and the United States</>Ben Schöttker, postdoctoral scientist,Rolf Jorde, professor,, Anne Peasey, postdoctoral scientist,Barbara Thorand, senior researcher in epidemiology,Eugène H J M Jansen, postdoctoral scientist,Lisette de Groot, prof<source>BMJ</>2014; 348: g3656<link>https://www.ncbi.nlm.nih.gov/pmc/articles/PMC4061380/</></>",,,,,,,,,,,,,,,,,,,,,,,,,,,,,26018.0,meta-analysis,meta-analysis of individual participant data,
,,,,,,,,,,,,,,,,,,,,,,,,,,,,[cycle7] edge from acm_inflammation removed,,,,,,,,,,,,,,,,,,,,,,,,,,,,,,,
,,,,,acm_state,acm_hallmarks,acm_hallmarks_yes,,,,,,,all_cause_mortality,,,,,,,,,,,,,,,,,,,,,,,,,,,,,,,,,,,,,,,,,,,,,
,,,,,acm_state,acm_metabolism,acm_metabolism_yes,,,,,,,all_cause_mortality,,,,,,,,,,,,,,,,,,,,,,,,,,,,,,,,,,,,,,,,,,,,,
,,,,,acm_state,,,,,,,,,any_of,acm_state_yes,,acm_state_no,,,,,,,,,,,,,,,,,,,,,,,,,,,,,,,,,,,,,,,,,,
,,,,,,,,,,,,,,,,,,,,,,,,,,,,,,,,,,,,,,,,,,,,,,,,,,,,,,,,,,,
,,1.45,0.11,RR,acm_poor_fitness,heart_rate_anomaly,resting_heart_rate_bpm_very_high_91_and_above,,,,,1.45,0.1100000000000001,all_cause_mortality,,,,,,,,,,,,,"<science><title>Resting heart rate and all-cause and cardiovascular mortality in the general population: a meta-analysis</>Dongfeng Zhang, Xiaoli Shen, Xin Qi<source>CMAJ</>2016 Feb 16;188(3):E53-E63<link>https://pubmed.ncbi.nlm.nih.gov/26598376/</></>",,,,,,,,,,,,,,,,,,,,,,,,,,,,,320.0,meta-analysis,prospective cohort studies,
,,1.45,0.11,RR,acm_poor_fitness,resting_heart_rate_bpm,"resting_heart_rate_bpm_high_80_to_90, resting_heart_rate_bpm_very_high_91_and_above",,,,,1.45,0.1100000000000001,all_cause_mortality,,,,,,,,,,,,,"<science><title>Resting heart rate and all-cause and cardiovascular mortality in the general population: a meta-analysis</>Dongfeng Zhang, Xiaoli Shen, Xin Qi<source>CMAJ</>2016 Feb 16;188(3):E53-E63<link>https://pubmed.ncbi.nlm.nih.gov/26598376/</></>",,,,,,,,,,,,,,,,,,,,,,,,,,,,,320.0,meta-analysis,prospective cohort studies,
,,1.7,0.19,RR,acm_poor_fitness,vo2max_cardiovascular_fitness,vo2max_cardiovascular_fitness_low,,,,,1.7,0.1899999999999999,all_cause_mortality,,,,,,,,,,,,,"<science><title>Cardiorespiratory fitness as a quantitative predictor of all-cause mortality and cardiovascular events in healthy men and women: a meta-analysis</>KSatoru Kodama, Kazumi Saito, Shiro Tanaka, Miho Maki, Yoko Yachi, Mihoko Asumi, Ayumi Sugawara, Kumiko Totsuka, Hitoshi Shimano, Yasuo Ohashi, Nobuhiro Yamada, Hirohito Sone<source>JAMA</>2009 May 20;301(19):2024-35<link>https://pubmed.ncbi.nlm.nih.gov/19454641/</></>",,,,,,,,,,,,,,,,,,,,,,,,,,,,,980.0,meta-analysis,"meta-analysis, adults",
0.31,,1.2,0.05,HR,acm_poor_fitness,daily_time_sitting,daily_time_sitting_12_or_more_hours,,,,,1.1592026923900396,0.038699973707067,all_cause_mortality,,,,,,,,,,,,,"<science><title>Sedentary time and its association with risk for disease incidence, mortality, and hospitalization in adults: a systematic review and meta-analysis</>Aviroop Biswas, Paul I Oh, Guy E Faulkner, Ravi R Bajaj, Michael A Silver, Marc S Mitchell, David A Alter<source>Ann Intern Med</>2015 Jan 20;162(2):123-32<link>https://pubmed.ncbi.nlm.nih.gov/25599350/</></>",,,,,,,,,,,,,,,,,,,,,,,,,,,,,14.0,meta-analysis,prospective cohort studies,
,,,,,acm_poor_fitness,,,,,,,,,any_of,acm_poor_fitness_yes,,acm_poor_fitness_no,,,,,,,,,,,,,,,,,,,,,,,,,,,,,,,,,,,,,,,,,,
,,,,,,,,,,,,,,,,,,,,,,,,,,,,,,,,,,,,,,,,,,,,,,,,,,,,,,,,,,,
,,,,,,,,,,,,,,,,,,,,,,,,,,,,,,,,,,,,,,,,,,,,,,,,,,,,,,,,,,,
,,,,,,,,,,,,,,,,,,,,,,,,,,,,,,,,,,,,,,,,,,,,,,,,,,,,,,,,,,,
0.2,,1.49,0.54,HR,acm_unhealthy_diet,eat_away_from_home,"eat_away_from_home_over_7_times_per_week,eat_away_from_home_4_to_7_times_per_week",,,,,1.414298895729068,0.4591774997192011,all_cause_mortality,,,,,,,,,,,,,"<science><title>Association Between Frequency of Eating Away-From-Home Meals and Risk of All-Cause and Cause-Specific Mortality</>Yang Du, Shuang Rong,Yangbo Sun<source>Journal of the Academy of Nutrition and Dietetics</>VOLUME 121, ISSUE 9, P1741-1749.E1, SEPTEMBER 01, 2021<link>https://www.jandonline.org/article/S2212-2672(21)00059-9/fulltext</></> [PMID 33775622; added 2026-04-18 via audit]","FIXED: D was 0.44 (lower CI distance). Correct: eat_out->ACM HR=1.49 (1.05-2.13), pm=0.54. PMID:33775622",,,,,,,,,,,,,,,,,,,,,,,,,,,,35084.0,unknown,NHANES cross-sectional,FIXED: pm 0.44->0.54. eat_out->ACM HR=1.49(1.05-2.13). Verified vs PMID:33775622
,,1.19047619047619,0.04,RR,acm_unhealthy_diet,dietary_fiber_gm,"dietary_fiber_gm_quartile_1,dietary_fiber_gm_quartile_2",,,,,1.19047619047619,0.04,all_cause_mortality,,,,,,,,,,,,,"<science><title>Association between dietary fiber and lower risk of all-cause mortality: a meta-analysis of cohort studies</>Yang Yang, Long-Gang Zhao, Qi-Jun Wu, Xiao Ma, Yong-Bing Xiang<source>Am J Epidemiol</>2015 Jan 15;181(2):83-91<link>https://pubmed.ncbi.nlm.nih.gov/25552267/</></>",,,,,,,,,,,,,,,,,,,,,,,,,,,,,67260.0,meta-analysis,"meta-analysis, prospective",
,,1.111111111111111,0.03,RR,acm_unhealthy_diet,diet_fruits_and_vegetables,diet_fruits_and_vegetables_no,,,,,1.111111111111111,0.03,all_cause_mortality,,,,,,,,,,,,,"<science><title>Fruit and vegetable intake and the risk of cardiovascular disease, total cancer and all-cause mortality-a systematic review and dose-response meta-analysis of prospective studies</>Dagfinn Aune, Edward Giovannucci, Paolo Boffetta, Lars T Fadnes, NaNa Keum, Teresa Norat, Darren C Greenwood, Elio Riboli, Lars J Vatten, Serena Tonstad<source>International Journal of Epidemiology</>Volume 46, Issue 3, June 2017, Pages 1029-1056<link>https://academic.oup.com/ije/article/46/3/1029/3039477</></> [PMID 28338764; propagated from row-match via audit]",,,,,,,,,,,,,,,,,,,,,,,,,,,,,1498909.0,meta-analysis,prospective cohort studies,
,,1.098901098901099,0.25,RR,acm_unhealthy_diet,vegetarian,vegetarian_no,,,,,1.098901098901099,0.25,all_cause_mortality,,,,,,,,,,,,,"<science><title>Cardiovascular disease mortality and cancer incidence in vegetarians: a meta-analysis and systematic review</>Huang, T., Yang, B., Zheng, J., Li, G., Wahlqvist, M. L., & Li, D<source>Annals of Nutrition and Metabolism</>2009 201360(4), 233-240<link>https://pubmed.ncbi.nlm.nih.gov/22677895/</></>",,,,,,,,,,,,,,,,,,,,,,,,,,,,,124706.0,meta-analysis,prospective cohort studies,
,,,,,acm_unhealthy_diet,,,,,,,,,all_of,acm_unhealthy_diet_yes,,acm_unhealthy_diet_no,,,,,,,,,,,"[2026-05-07] flipped all_of -> any_of: 4 ALL_OF_SIGNAL_DEATH FLATs flagged by diagnose_architecture (eat_out, low fiber, no f&v, not vegetarian are independent risk factors, not jointly required). | [2026-05-07 reverted] all_of -> any_of flip caused 14 OK->FLAT regressions on ACM chain in full rebuild diagnose (acm_factors/acm_state/acm_hallmarks/acm_metabolism/etc., qrr dropped from 1.02-1.05 to 1.00-1.02). Reverting to all_of pending dep_distal wrapper with anchored connecting study.",,,,,,,,,,,,,,,,,,,,,,,,,,,,,,,
,,,,,,,,,,,,,,,,,,,,,,,,,,,,,,,,,,,,,,,,,,,,,,,,,,,,,,,,,,,
,,1.12,0.06,RR,acm_sleep,insomnia,insomnia_yes,,,,,1.12,0.06,all_cause_mortality,,,,,,,,,,,,,"<science><title>Sleep duration and all-cause mortality: a systematic review and meta-analysis of prospective studies</>Cappuccio, F. P., D'Elia, L., Strazzullo, P., & Miller, M. A.<source>Sleep</>2010;33(5), 585-592<link>https://academic.oup.com/sleep/article/33/5/585/2454478?login=false</></> [PMID 20469800; added 2026-04-18 via audit]",Supported by Ungvari 2025 (79 cohorts): short sleep HR=1.14 (1.10-1.18).,,,,,,,,,,,,,,,,,,,,,,,,,,,,1382999.0,meta-analysis,"meta-analysis, prospective cohorts",
,,1.34,0.08,RR,acm_sleep,long_sleep,long_sleep_yes,,,,,1.34,0.08,all_cause_mortality,,,,,,,,,,,,,"<science><title>Imbalanced sleep increases mortality risk by 14-34%: a meta-analysis</><>Ungvari A, et al<source>GeroScience</>2025<link>https://pubmed.ncbi.nlm.nih.gov/40072785/</></>",Updated: was RR=1.3. Ungvari 2025 meta-analysis (79 cohort studies). Long sleep (≥9h) HR=1.34 (1.26-1.42). Sex-specific: 44% increased risk in women vs 36% in men.,,,,,,,,,,,,,,,,,,,,,,,,,,,,1382999.0,meta-analysis,"meta-analysis, prospective cohorts",
,,,,,acm_sleep,,,,,,,,,any_of,acm_sleep_yes,,acm_sleep_no,,,,,,,,,,,,,,,,,,,,,,,,,,,,,,,,,,,,,,,,,,
,,,,,,,,,,,,,,,,,,,,,,,,,,,,,,,,,,,,,,,,,,,,,,,,,,,,,,,,,,,
,,,,,,,,,,,,,,,,,,,,,,,,,,,,,,,,,,,,,,,,,,,,,,,,,,,,,,,,,,,
,,,,,acm_factors,acm_state,acm_state_yes,,,,,,,all_cause_mortality,,,,,,,,,,,,,,,,,,,,,,,,,,,,,,,,,,,,,,,,,,,,,
,,,,,acm_factors,acm_poor_fitness,acm_poor_fitness_yes,,,,,,,all_cause_mortality,,,,,,,,,,,,,,,,,,,,,,,,,,,,,,,,,,,,,,,,,,,,,
,,,,,acm_factors,acm_unhealthy_diet,acm_unhealthy_diet_yes,,,,,,,all_cause_mortality,,,,,,,,,,,,,,,,,,,,,,,,,,,,,,,,,,,,,,,,,,,,,
,,,,,acm_factors,acm_sleep,acm_sleep_yes,,,,,,,all_cause_mortality,,,,,,,,,,,,,,,,,,,,,,,,,,,,,,,,,,,,,,,,,,,,,
,,,,,acm_factors,,,,,,,,,any_of,acm_factors_yes,,acm_factors_no,,,,,,,,,,,,,,,,,,,,,,,,,,,,,,,,,,,,,,,,,,
,,,,,,,,,,,,,,,,,,,,,,,,,,,,,,,,,,,,,,,,,,,,,,,,,,,,,,,,,,,
0.425,,,,,,,,,,,,,,,,,,,,,,,,,,,"<science><title>Diabetes Mellitus-Related All-Cause and Cardiovascular Mortality in a National Cohort of Adults</>Raghavan, et al<source>Journal of the American Heart Association</>2019;8:e011295<link>https://www.ahajournals.org/doi/pdf/10.1161/JAHA.118.011295</></>","[K-cut PM] Dropped ACM ← diabetes direct edge to reduce K from 10 to 7. Diabetes still feeds ACM via diabetes → cv_mortality → ACM (existing edge, RR=1.14 at row 913). Direct ACM ← diabetes was RR=1.13 - modest, mostly captured by mediation. Re-add in future cycle if magnitude loss is observed in calibration.",,,,,,,,,,,,,,,,,,,,,,,,,,,,26269.0,cohort,prospective cohort,"FIXED P0: was 0.0435, corrected to 0.4250 (output NHANES prior)"
,,,,,all_cause_mortality,cancer_mortality,cancer_mortality_yes,,,,,,,is_a,,,,,,,,,,,,,,,,,,,,,,,,,,,,,,,,,,,,,,,,,,,,,
,,,,,all_cause_mortality,cardiovascular_mortality,cardiovascular_mortality_yes,,,,,,,is_a,,,,,,,,,,,,,,,,,,,,,,,,,,,,,,,,,,,,,,,,,,,,,
,,,,,all_cause_mortality,lung_disease_mortality,lung_disease_mortality_yes,,,,,,,is_a,,,,,,,,,,,,,,,,,,,,,,,,,,,,,,,,,,,,,,,,,,,,,
,,,,,all_cause_mortality,acm_factors,acm_factors_yes,,,,,,,distal,,,,,,,,,,,,,,,,,,,,,,,,,,,,,,,,,,,,,,,,,,,,,
,,,,,all_cause_mortality,,,,,,,,,dependency_priors,all_cause_mortality_high,0.425,all_cause_mortality_high_not,0.575,,,,,,,,,,,,,,,,,,,,,,,,,,,,,,,,,,,,,,,,,
,,,,,,,,,,,,,,,,,,,,,,,,,,,,,,,,,,,,,,,,,,,,,,,,,,,,,,,,,,,
,,,,,benzonitrile_ng_mL,volitile_organic_compound_ng_mL,,,,,,,,naive_0_nhanes_quartile,,,,,,,,,,,LBXVBZN,1.0,,,,,,,,,,,,,,,,,,,,,,,,,,,,,,,,,
,,,,,blood_dibromochloromethane,volitile_organic_compound_ng_mL,,,,,,,,naive_0_nhanes_explicit,blood_dibromochloromethane_detected,0,blood_dibromochloromethane_not_detected,1,,,,,,,LBDVCMLC,,,,,,,,,,,,,,,,,,,,,,,,,,,,,,,,,,
,,,,,cadmium_ug_L,volitile_organic_compound_ng_mL,,,,,,,,naive_0_nhanes_explicit,cadmium_ug_L_high_above_5,5.1-1000,cadmium_ug_L_elevated_2_to_5,2-5099,cadmium_ug_L_normal_below_2,0-1.999,,,,,LBXBCD,,,,,,,,,,,,,,,,,,,,,,,,,,,,,,,,,,
,,,,,chromium_ug_L,,,,,,,,,naive_0_nhanes_quartile,,,,,,,,,,,LBXBCR,1.0,,[2026-05-13 naive_0 guard-2 removal cycle] Blanked input column (was 'volitile_organic_compound_ng_mL'). Leaf chromium_ug_L is the input of 1 downstream study row(s) - an empirical P(leaf|parent) CPT would compete with the literature RR. The dependency.py guard (2) was silently demoting this to discrete priors anyway. Making the CSV honest.,,,,,,,,,,,,,,,,,,,,,,,,,,,,,,,
,,,,,lead_ug_dL,volitile_organic_compound_ng_mL,,,,,,,,naive_0_nhanes_quartile,,,,,,,,,,,LBXBPB,1.0,,,,,,,,,,,,,,,,,,,,,,,,,,,,,,,,,
,,,,,mercury_ug_L,volitile_organic_compound_ng_mL,,,,,,,,naive_0_nhanes_explicit,mercury_ug_L_high_above_50,51-1000,mercury_ug_L_elevated_9_to_50,9-50.999,mercury_ug_L_normal_below_9,0-8.999,,,,,LBXTHG,,,,,,,,,,,,,,,,,,,,,,,,,,,,,,,,,,
,,,,,nailpolish_fumes,volitile_organic_compound_ng_mL,,,,,,,,naive_0_nhanes_explicit,nailpolish_fumes_yes,1,nailpolish_fumes_no,2,,,,,,,VTQ281E,,,household_pollution,,,,,,,,,,,,,,,,,,,,,,,,,,,,,,,
,,,,,nickel_exposure,,,,,,,,,naive_0_nhanes_explicit,nickel_exposure_yes,1,nickel_exposure_no,0,,,,,,,URDUNILC,,,"[2026-05-13 naive_0 guard-2 removal cycle] Blanked input column (was 'volitile_organic_compound_ng_mL'). Leaf nickel_exposure is the input of 2 downstream study row(s) - an empirical P(leaf|parent) CPT would compete with the literature RR. The dependency.py guard (2) was silently demoting this to discrete priors anyway. Making the CSV honest. | ORIGINAL: [prior-calibration] URDUNILC is binary in NHANES (0=no nickel detected, 1=detected, 6.4% positive rate). xlsx had index1='0' mapped to nickel_exposure_yes (inverted), making P(yes)=0.936. Swapped index1 ↔ index2 so URDUNILC=1 → _yes, URDUNILC=0 → _no. Expected new P(yes) ≈ 0.06.",,,,,,,,,,,,,,,,,,,,,,,,,,,,,,,
,,,,,paint_or_varnish_fumes,volitile_organic_compound_ng_mL,,,,,,,,naive_0_nhanes_explicit,paint_or_varnish_fumes_yes,1,paint_or_varnish_fumes_no,2,,,,,,,VTQ281A,,,,,,,,,,,,,,,,,,,,,,,,,,,,,,,,,,
,,,,,volitile_organic_compound_ng_mL,,,,,,,,,discrete_nhanes_quartile,,1-1000000,,,,,,,,,WTSVOC2Y,1.0,,,,,,,,,,,,,,,,,,,,,,,,,,,,,,,,,
,,,,,,,,,,,,,,,,,,,,,,,,,,,,,,,,,,,,,,,,,,,,,,,,,,,,,,,,,,,
,,,,,,,,,,,,,,,,,,,,,,,,,,,,,,,,,,,,,,,,,,,,,,,,,,,,,,,,,,,
,,,,,,,,,,,,,,,,,,,,,,,,,,,,,,,,,,,,,,,,,,,,,,,,,,,,,,,,,,,
,,,,,,,,,,,,,,,,,,,,,,,,,,,,,,,,,,,,,,,,,,,,,,,,,,,,,,,,,,,
,,,,,sun_exposure_half_hour,sunburn_last_year,,,,,,,,naive_0_nhanes_explicit,sun_exposure_half_hour_severe_sunburn_blisters,1,sun_exposure_half_hour_severe_sunburn_peeling,2,sun_exposure_half_hour_mild_burn_tanning,3,sun_exposure_half_hour_darker_no_burn,4,sun_exposure_half_hour_no_tan_or_burn,5,DED031,,,,,,,,,,,,,,,,,,,,,,,,,,,,,,,,,,
,,,,,sun_exposure_use_sunscreen,sunburn_last_year,,,,,,,,naive_0_nhanes_explicit,sun_exposure_use_sunscreen_never,5,sun_exposure_use_sunscreen_rarely,4,sun_exposure_use_sunscreen_sometimes,3,sun_exposure_use_sunscreen_most_of_the_time,2,sun_exposure_use_sunscreen_always,1,DEQ034D,,,,,,,,,,,,,,,,,,,,,,,,,,,,,,,,,,
,,,,,sunburn_last_year,,,,,,,,,discrete_nhanes_explicit,sunburn_last_year_yes,1,sunburn_last_year_no,2,,,,,,,DEQ038G,,,,,,,,,,,,,,,,,,,,,,,,,,,,,,,,,,
,,,,,,,,,,,,,,,,,,,,,,,,,,,,,,,,,,,,,,,,,,,,,,,,,,,,,,,,,,,
,,,,,,,,,,,,,,,,,,,,,,,,,,,,,,,,,,,,,,,,,,,,,,,,,,,,,,,,,,,
,,,,,,,,,,,,,,,,,,,,,,,,,,,,,,,,,,,,,,,,,,,,,,,,,,,,,,,,,,,
,,,,,,,,,,,,,,,,,,,,,,,,,,,,,,,,,,,,,,,,,,,,,,,,,,,,,,,,,,,
,,,,,,,,,,,,,,,,,,,,,,,,,,,,,,,,,,,,,,,,,,,,,,,,,,,,,,,,,,,
,,1.298701298701299,0.2117447769621683,RR,skin_cancer_non_melanoma,hallmark_5_disabled_macroautophagy_nad_atp_ratio,hallmark_5_disabled_macroautophagy_nad_atp_ratio_low_below_0.26,,,,,1.298701298701299,0.2117447769621683,,,,,,,,,,,,,,https://pubmed.ncbi.nlm.nih.gov/26488693/ - Chen 2015: A Phase 3 Randomized Trial of Nicotinamide for Skin-Cancer Chemoprevention,"Chen 2015 NEJM Phase 3 RCT (n=386, Australians with 2+ prior skin cancers). Rate ratio 0.77 (0.62-0.96) for nicotinamide vs placebo. Best available evidence - only RCT of NAD+ boosting for skin cancer prevention. Population is high-risk recurrence but biological mechanism (NAD+ → DNA repair) is universal. No general-population trial exists or is feasible. [2026-05-10 PMID extracted from <science><title> wrapper via quorum agent; both A+B agree]",,,,,,,,,,,,,,,,,,,,,,,,,,,,386.0,RCT,"Phase 3 RCT, skin cancer patients",
0.425,,1.4,0.38,OR,skin_cancer_non_melanoma,sunburn_last_year,sunburn_last_year_yes,,,,,1.1965811965811963,0.1851781227091091,,,,,,,,,,,,,,"<science><title>A meta-analysis of sunburn and basal cell carcinoma risk</>Stephanie G. Lashway, Aimee D.M. Worthen, Jumanah N. Abuasbeh, Robin B. Harris, Leslie V. Farland, Mary Kay O’Rourke, Leslie K. Dennis<source>Cancer Epidemiology</>Volume 85, August 2023, 102379<link>https://www.sciencedirect.com/science/article/abs/pii/S1877782123000590</></> [PMID 37201363; added 2026-04-18 via audit]","[autofill Apr-20] col A updated to NHANES P0 per , 2026 convention",,,,,,,,,,,,,,,,,,,,,,,,,,,,38.0,meta-analysis,meta-analysis,
,,,,,skin_cancer_non_melanoma,,,,,,,,,dependency_nhanes_explicit,skin_cancer_non_melanoma_yes,32,skin_cancer_non_melanoma_no,"0-31,33-99,missing",,,,,,,MCQ230A,,,,,,,,,,,,,,,,,,,,,,,,,,,,,,,,,,
,,,,,,,,,,,,,,,,,,,,,,,,,,,,,,,,,,,,,,,,,,,,,,,,,,,,,,,,,,,
,,2.03,0.34,RR,melanoma,sunburn_last_year,sunburn_last_year_yes,,,,,2.03,0.3400000000000001,,,,,,,,,,,,,,https://pubmed.ncbi.nlm.nih.gov/32346751/ - Raimondi 2020: Melanoma Epidemiology and Sun Exposure,[2026-05-10 PMID extracted from <science><title> wrapper via quorum agent; both A+B agree],,,,,,,,,,,,,,,,,,,,,,,,,,,,,unknown,review,
,,,,,melanoma,,,,,,,,,,,,,,,,,,,,,,"<science><title>Body-mass index and incidence of cancer: a systematic review and meta-analysis of prospective observational studies</>Andrew G Renehan, Margaret Tyson, Matthias Egger, Richard F Heller, Marcel Zwahlen<source>Lancet</>2008 Feb 16;371(9612):569-78<link>https://pubmed.ncbi.nlm.nih.gov/18280327/</></>",[autofill-debug] bmi row blanked for melanoma; double-counting with bmi_naive caused direction flip,,,,,,,,,,,,,,,,,,,,,,,,,,,,5240000.0,meta-analysis,UK Clinical Practice Research Datalink,VERIFIED OK: Lancet BMI-cancer extrapolation (RR per 5 kg/m2). PMID:18280327
,,1.873887209999999,0.6583809599999992,RR,melanoma,bmi_naive,bmi_40_and_over_severe_obesity,,,,,1.873887209999999,0.6583809599999992,,,,,,,,,,,,,,"<science><title>Body-mass index and incidence of cancer: a systematic review and meta-analysis of prospective observational studies</>Andrew G Renehan, Margaret Tyson, Matthias Egger, Richard F Heller, Marcel Zwahlen<source>Lancet</>2008 Feb 16;371(9612):569-78<link>https://pubmed.ncbi.nlm.nih.gov/18280327/</></>",,,,,,,,,,,,,,,,,,,,,,,,,,,,,5240000.0,meta-analysis,UK Clinical Practice Research Datalink,VERIFIED OK: Lancet BMI-cancer extrapolation (RR per 5 kg/m2). PMID:18280327
,,1.17,0.1199999999999999,RR,melanoma,bmi_naive,bmi_25_to_29_overweight,,,,,1.17,0.1199999999999998,,,,,,,,,,,,,,"<science><title>Body-mass index and incidence of cancer: a systematic review and meta-analysis of prospective observational studies</>Andrew G Renehan, Margaret Tyson, Matthias Egger, Richard F Heller, Marcel Zwahlen<source>Lancet</>2008 Feb 16;371(9612):569-78<link>https://pubmed.ncbi.nlm.nih.gov/18280327/</></>",,,,,,,,,,,,,,,,,,,,,,,,,,,,,5240000.0,meta-analysis,UK Clinical Practice Research Datalink,VERIFIED OK: Lancet BMI-cancer extrapolation (RR per 5 kg/m2). PMID:18280327
,,,,,melanoma,,,,,,,,,dependency_nhanes_explicit,melanoma_yes,25,melanoma_no,"0-24,26-99,missing",,,,,,,MCQ230A,,,,,,,,,,,,,,,,,,,,,,,,,,,,,,,,,,
,,,,,,,,,,,,,,,,,,,,,,,,,,,,,,,,,,,,,,,,,,,,,,,,,,,,,,,,,,,
,,,,,skin_cancer,skin_cancer_non_melanoma,skin_cancer_non_melanoma_yes,,,,,,,,,,,,,,,,,,,,,,,,,,,,,,,,,,,,,,,,,,,,,,,,,,,,
,,,,,skin_cancer,melanoma,melanoma_yes,,,,,,,,,,,,,,,,,,,,,,,,,,,,,,,,,,,,,,,,,,,,,,,,,,,,
,,,,,skin_cancer,,,,,,,,,any_of,skin_cancer_yes,,skin_cancer_no,,,,,,,,,,,,,,,,,,,,,,,,,,,,,,,,,,,,,,,,,,
,,,,,,,,,,,,,,,,,,,,,,,,,,,,,,,,,,,,,,,,,,,,,,,,,,,,,,,,,,,
,,,,,,,,,,,,,,,,,,,,,,,,,,,,,,,,,,,,,,,,,,,,,,,,,,,,,,,,,,,
,,,,,,,,,,,,,,,,,,,,,,,,,,,,,,,,,,,,,,,,,,,,,,,,,,,,,,,,,,,
,,,,,,,,,,,,,,,,,,,,,,,,,,,,,,,,,,,,,,,,,,,,,,,,,,,,,,,,,,,
,,,,,leukemia,,,,,,,,,,,,,,,,,,,,,,"<science><title>Body-mass index and incidence of cancer: a systematic review and meta-analysis of prospective observational studies</>Andrew G Renehan, Margaret Tyson, Matthias Egger, Richard F Heller, Marcel Zwahlen<source>Lancet</>2008 Feb 16;371(9612):569-78<link>https://pubmed.ncbi.nlm.nih.gov/18280327/</></>",[autofill-debug] bmi row blanked for leukemia; double-counting with bmi_naive caused direction flip,,,,,,,,,,,,,,,,,,,,,,,,,,,,5240000.0,meta-analysis,UK Clinical Practice Research Datalink,VERIFIED OK: Lancet BMI-cancer extrapolation (RR per 5 kg/m2). PMID:18280327
,,1.873887209999999,0.7040286499999993,RR,leukemia,bmi_naive,bmi_40_and_over_severe_obesity,,,,,1.873887209999999,0.7040286499999993,,,,,,,,,,,,,,"<science><title>Body-mass index and incidence of cancer: a systematic review and meta-analysis of prospective observational studies</>Andrew G Renehan, Margaret Tyson, Matthias Egger, Richard F Heller, Marcel Zwahlen<source>Lancet</>2008 Feb 16;371(9612):569-78<link>https://pubmed.ncbi.nlm.nih.gov/18280327/</></>",,,,,,,,,,,,,,,,,,,,,,,,,,,,,5240000.0,meta-analysis,UK Clinical Practice Research Datalink,VERIFIED OK: Lancet BMI-cancer extrapolation (RR per 5 kg/m2). PMID:18280327
,,1.17,0.1299999999999999,RR,leukemia,bmi_naive,bmi_25_to_29_overweight,,,,,1.17,0.1299999999999999,,,,,,,,,,,,,,"<science><title>Body-mass index and incidence of cancer: a systematic review and meta-analysis of prospective observational studies</>Andrew G Renehan, Margaret Tyson, Matthias Egger, Richard F Heller, Marcel Zwahlen<source>Lancet</>2008 Feb 16;371(9612):569-78<link>https://pubmed.ncbi.nlm.nih.gov/18280327/</></>",,,,,,,,,,,,,,,,,,,,,,,,,,,,,5240000.0,meta-analysis,UK Clinical Practice Research Datalink,
,,,,,leukemia,,,,,,,,,dependency_nhanes_explicit,leukemia_yes,21,leukemia_no,"0-20,22-99,missing",,,,,,,MCQ230A,,,,,,,,,,,,,,,,,,,,,,,,,,,,,,,,,,
,,,,,,,,,,,,,,,,,,,,,,,,,,,,,,,,,,,,,,,,,,,,,,,,,,,,,,,,,,,
,,,,,myeloma,,,,,,,,,,,,,,,,,,,,,,"<science><title>Body-mass index and incidence of cancer: a systematic review and meta-analysis of prospective observational studies</>Andrew G Renehan, Margaret Tyson, Matthias Egger, Richard F Heller, Marcel Zwahlen<source>Lancet</>2008 Feb 16;371(9612):569-78<link>https://pubmed.ncbi.nlm.nih.gov/18280327/</></>",[autofill-debug] bmi row blanked for myeloma; double-counting with bmi_naive caused direction flip,,,,,,,,,,,,,,,,,,,,,,,,,,,,5240000.0,meta-analysis,UK Clinical Practice Research Datalink,
,,1.51807041,0.2072744000000002,RR,myeloma,bmi_naive,bmi_40_and_over_severe_obesity,,,,,1.51807041,0.2072744000000002,,,,,,,,,,,,,,"<science><title>Body-mass index and incidence of cancer: a systematic review and meta-analysis of prospective observational studies</>Andrew G Renehan, Margaret Tyson, Matthias Egger, Richard F Heller, Marcel Zwahlen<source>Lancet</>2008 Feb 16;371(9612):569-78<link>https://pubmed.ncbi.nlm.nih.gov/18280327/</></>",,,,,,,,,,,,,,,,,,,,,,,,,,,,,5240000.0,meta-analysis,UK Clinical Practice Research Datalink,
,,,,,myeloma,,,,,,,,,,,,,,,,,,,,,,"<science><title>Body-mass index and incidence of cancer: a systematic review and meta-analysis of prospective observational studies</>Andrew G Renehan, Margaret Tyson, Matthias Egger, Richard F Heller, Marcel Zwahlen<source>Lancet</>2008 Feb 16;371(9612):569-78<link>https://pubmed.ncbi.nlm.nih.gov/18280327/</></>",[overnight] bmi_naive=overweight row blanked for myeloma; monotonicity+reverse=4 tension with severe_obesity anchor pulled overweight below baseline. Severe_obesity anchor retained.,,,,,,,,,,,,,,,,,,,,,,,,,,,,5240000.0,meta-analysis,UK Clinical Practice Research Datalink,
,,,,,myeloma,,,,,,,,,dependency_priors,mylenoma_yes,1.78e-05,mylenoma_no,0.9999822,,,,,,,,,,,,,,,,,,,,,,,,,,,,,,,,,,,,,,,,,
,,,,,,,,,,,,,,,,,,,,,,,,,,,,,,,,,,,,,,,,,,,,,,,,,,,,,,,,,,,
,,,,,,,,,,,,,,,,,,,,,,,,,,,,,,,,,,,,,,,,,,,,,,,,,,,,,,,,,,,
,,1.41,0.34,RR,non_hodgkin_lymphoma,glyphosate_based_herbicides,glyphosate_based_herbicides_yes,,,,,1.41,0.3400000000000001,,,,,,,,,,,,,,"<science><title>Exposure to glyphosate-based herbicides and risk for non-Hodgkin lymphoma: A meta-analysis and supporting evidence</>Luoping Zhang, Iemaan Rana, Rachel M Shaffer, Emanuela Taioli, Lianne Sheppard <source>Mutat Res Rev Mutat Res</>2019 Jul-Sep;781:186-206<link>https://pubmed.ncbi.nlm.nih.gov/31342895/</></>",,,,,,,,,,,,,,,,,,,,,,,,,,,,,2545.0,meta-analysis,meta-analysis,
,,1.4,0.2,RR,non_hodgkin_lymphoma,phenoxy_herbicide,phenoxy_herbicide_yes,,,,,1.4,0.1999999999999999,,,,,,,,,,,,,,<science><title>Non-Hodgkin Lymphoma and Occupational Exposure to Agricultural Pesticide Chemical Groups and Active Ingredients: A Systematic Review and Meta-Analysis</>Leah Schinasi and Maria E. Leon<source>Int J Environ Res Public Health</>2014 Apr; 11(4): 4449-4527<link>https://www.ncbi.nlm.nih.gov/pmc/articles/PMC4025008/</></>,,,,,,,,,,,,,,,,,,,,,,,,,,,,,316270.0,meta-analysis,occupational case-control,
,,,,,non_hodgkin_lymphoma,,,,,,,,,dependency_priors,non_hodgkin_lymphoma_yes,0.0054,non_hodgkin_lymphoma_no,0.9946,,,,,,,,,,,,,,,,,,,,,,,,,,,,,,,,,,,,,,,,,
,,,,,,,,,,,,,,,,,,,,,,,,,,,,,,,,,,,,,,,,,,,,,,,,,,,,,,,,,,,
,,,,,lymphocitic_lymphoma,non_hodgkin_lymphoma,non_hodgkin_lymphoma_yes,,,,,,,subsumes,,,,,,,,,,,,,,,,,,,,,,,,,,,,,,,,,,,,,,,,,,,,,
,,1.8,0.9,RR,lymphocitic_lymphoma,phenoxy_herbicide,phenoxy_herbicide_yes,,,,,1.8,0.9,,,,,,,,,,,,,,<science><title>Non-Hodgkin Lymphoma and Occupational Exposure to Agricultural Pesticide Chemical Groups and Active Ingredients: A Systematic Review and Meta-Analysis</>Leah Schinasi and Maria E. Leon<source>Int J Environ Res Public Health</>2014 Apr; 11(4): 4449-4527<link>https://www.ncbi.nlm.nih.gov/pmc/articles/PMC4025008/</></>,,,,,,,,,,,,,,,,,,,,,,,,,,,,,316270.0,meta-analysis,occupational case-control,
,,,,,lymphocitic_lymphoma,,,,,,,,,dependency_priors,lymphocitic_lymphoma_yes,0.000378,lymphocitic_lymphoma_no,0.999622,,,,,,,,,,,,,,,,,,,,,,,,,,,,,,,,,,,,,,,,,
,,,,,,,,,,,,,,,,,,,,,,,,,,,,,,,,,,,,,,,,,,,,,,,,,,,,,,,,,,,
,,,,,b_cell_lymphoma,non_hodgkin_lymphoma,non_hodgkin_lymphoma_yes,,,,,,,subsumes,,,,,,,,,,,,,,,,,,,,,,,,,,,,,,,,,,,,,,,,,,,,,
,,2.0,0.9,RR,b_cell_lymphoma,glyphosate_based_herbicides,glyphosate_based_herbicides_yes,,,,,2.0,0.8999999999999999,,,,,,,,,,,,,,https://pubmed.ncbi.nlm.nih.gov/24762670/ - Schinasi&Leon 2014 NHL-pesticides meta (glyphosate→B-cell), [2026-05-10 fake PMID 4025008 removed; row kept for network structure; needs real citation],,,,,,,,,,,,,,,,,,,,,,,,,,,,316270.0,meta-analysis,occupational case-control,
,,1.8,0.6,RR,b_cell_lymphoma,phenoxy_herbicide,phenoxy_herbicide_yes,,,,,1.8,0.5999999999999999,,,,,,,,,,,,,,<science><title>Non-Hodgkin Lymphoma and Occupational Exposure to Agricultural Pesticide Chemical Groups and Active Ingredients: A Systematic Review and Meta-Analysis</>Leah Schinasi and Maria E. Leon<source>Int J Environ Res Public Health</>2014 Apr; 11(4): 4449-4527<link>https://www.ncbi.nlm.nih.gov/pmc/articles/PMC4025008/</></>,,,,,,,,,,,,,,,,,,,,,,,,,,,,,316270.0,meta-analysis,occupational case-control,
,,,,,b_cell_lymphoma,,,,,,,,,dependency_priors,b_cell_lymphoma_yes,0.0046,b_cell_lymphoma_no,0.9954,,,,,,,,,,,,,,,,,,,,,,,,,,,,,,,,,,,,,,,,,
,,,,,,,,,,,,,,,,,,,,,,,,,,,,,,,,,,,,,,,,,,,,,,,,,,,,,,,,,,,
,,,,,diffuse_large_b_cell_lymphoma,b_cell_lymphoma,b_cell_lymphoma_yes,,,,,,,subsumes,,,,,,,,,,,,,,,,,,,,,,,,,,,,,,,,,,,,,,,,,,,,,
,,2.0,0.9,RR,diffuse_large_b_cell_lymphoma,phenoxy_herbicide,phenoxy_herbicide_yes,,,,,2.0,0.8999999999999999,,,,,,,,,,,,,,https://pubmed.ncbi.nlm.nih.gov/24762670/ - Schinasi&Leon 2014 (DLBCL←phenoxy), [2026-05-10 fake PMID 4025008 removed; row kept for network structure; needs real citation],,,,,,,,,,,,,,,,,,,,,,,,,,,,316270.0,meta-analysis,occupational case-control,
,,,,,diffuse_large_b_cell_lymphoma,,,,,,,,,dependency_priors,diffuse_large_b_cell_lymphoma_yes,0.00184,diffuse_large_b_cell_lymphoma_no,0.99816,,,,,,,,,,,,,,,,,,,,,,,,,,,,,,,,,,,,,,,,,
,,,,,,,,,,,,,,,,,,,,,,,,,,,,,,,,,,,,,,,,,,,,,,,,,,,,,,,,,,,
,,,,,hematologic_cancer,non_hodgkin_lymphoma,non_hodgkin_lymphoma_yes,,,,,,,,,,,,,,,,,,,,,,,,,,,,,,,,,,,,,,,,,,,,,,,,,,,,
,,,,,hematologic_cancer,myeloma,mylenoma_yes,,,,,,,,,,,,,,,,,,,,,,,,,,,,,,,,,,,,,,,,,,,,,,,,,,,,
,,,,,hematologic_cancer,leukemia,leukemia_yes,,,,,,,,,,,,,,,,,,,,,,,,,,,,,,,,,,,,,,,,,,,,,,,,,,,,
,,,,,hematologic_cancer,,,,,,,,,any_of,hematologic_cancer_yes,,hematologic_cancer_no,,,,,,,,,,,,,,,,,,,,,,,,,,,,,,,,,,,,,,,,,,
,,,,,,,,,,,,,,,,,,,,,,,,,,,,,,,,,,,,,,,,,,,,,,,,,,,,,,,,,,,
,,,,,,,,,,,,,,,,,,,,,,,,,,,,,,,,,,,,,,,,,,,,,,,,,,,,,,,,,,,
,,,,,,,,,,,,,,,,,,,,,,,,,,,,,,,,,,,,,,,,,,,,,,,,,,,,,,,,,,,
,,,,,environmental_pollution_exposure,,,,,,,,,discrete_priors,environmental_pollution_exposure_yes,0.46,environmental_pollution_exposure_no,0.54,,,,,,,,,,,,,,,,,,,,,,,,,,,,,,,,,,,,,,,,,
,,,,,occupational_pollution_exposure,,,,,,,,,discrete_priors,occupational_pollution_exposure_yes,0.25,occupational_pollution_exposure_no,0.75,,,,,,,,,,,,,,,,,,,,,,,,,,,,,,,,,,,,,,,,,
,,,,,wood_and_gypsum_paint_exposure,,,,,,,,,discrete_priors,wood_and_gypsum_paint_exposure_yes,0.4,wood_and_gypsum_paint_exposure_no,0.6,,,,,,,,,,,,,,,,,,,,,,,,,,,,,,,,,,,,,,,,,
,,,,,wood_varnish_stain_exposure,,,,,,,,,discrete_priors,wood_varnish_stain_exposure_yes,0.4,wood_varnish_stain_exposure_no,0.6,,,,,,,,,,,,,,,,,,,,,,,,,,,,,,,,,,,,,,,,,
,,,,,metal_coatings_exposure,,,,,,,,,discrete_priors,metal_coatings_exposure_yes,0.000468278,metal_coatings_exposure_no,0.999531722,,,,,,,,,,,,,,,,,,,,,,,,,,,,,,,,,,,,,,,,,
,,,,,,,,,,,,,,,,,,,,,,,,,,,,,,,,,,,,,,,,,,,,,,,,,,,,,,,,,,,
,,,,,environmental_or_occupational_pollution_exposure,environmental_pollution_exposure,environmental_pollution_exposure_yes,,,,,,,,,,,,,,,,,,,,,,,,,,,,,,,,,,,,,,,,,,,,,,,,,,,,
,,,,,environmental_or_occupational_pollution_exposure,occupational_pollution_exposure,occupational_pollution_exposure_yes,,,,,,,,,,,,,,,,,,,,,,,,,,,,,,,,,,,,,,,,,,,,,,,,,,,,
,,,,,environmental_or_occupational_pollution_exposure,,,,,,,,,any_of,environmental_or_occupational_pollution_exposure_yes,,environmental_or_occupational_pollution_exposure_no,,,,,,,,,,,,,,,,,,,,,,,,,,,,,,,,,,,,,,,,,,
,,,,,,,,,,,,,,,,,,,,,,,,,,,,,,,,,,,,,,,,,,,,,,,,,,,,,,,,,,,
,,,,,painter_occupation,occupational_pollution_exposure,occupational_pollution_exposure_yes,,,,,,,subsumes,,,,,,,,,,,,,,,,,,,,,,,,,,,,,,,,,,,,,,,,,,,,,
,,,,,painter_occupation,,,,,,,,,dependency_priors,painter_occupation_yes,0.004,painter_occupation_no,0.996,,,,,,,,,,,,,,,,,,,,,,,,,,,,,,,,,,,,,,,,,
,,,,,,,,,,,,,,,,,,,,,,,,,,,,,,,,,,,,,,,,,,,,,,,,,,,,,,,,,,,
,,,,,polycyclic_aromatic_hydrocarbons_exposure,volitile_organic_compound_ng_mL,volitile_organic_compound_ng_mL_quartile_4,,,,,,,subsumes,,,,,,,,,,,,,,,,,,,,,,,,,,,,,,,,,,,,,,,,,,,,,
,,,,,polycyclic_aromatic_hydrocarbons_exposure,,,,,,,,,dependency_priors,polycyclic_aromatic_hydrocarbons_exposure_yes,0.15,polycyclic_aromatic_hydrocarbons_exposure_no,0.85,,,,,,,,,,,,,,,,,,,,,,,,,,,,,,,,,,,,,,,,,
,,,,,,,,,,,,,,,,,,,,,,,,,,,,,,,,,,,,,,,,,,,,,,,,,,,,,,,,,,,
,,,,,diesel_exhaust_exposure,polycyclic_aromatic_hydrocarbons_exposure,polycyclic_aromatic_hydrocarbons_exposure_yes,,,,,,,subsumes,,,,,,,,,,,,,,,,,,,,,,,,,,,,,,,,,,,,,,,,,,,,,
,,,,,diesel_exhaust_exposure,,,,,,,,,dependency_priors,diesel_exhaust_exposure_yes,0.005,diesel_exhaust_exposure_no,0.995,,,,,,,,,,,,,,,,,,,,,,,,,,,,,,,,,,,,,,,,,
,,,,,,,,,,,,,,,,,,,,,,,,,,,,,,,,,,,,,,,,,,,,,,,,,,,,,,,,,,,
0.00058,,1.67,0.2,OR,lc_places_of_exposure,environmental_or_occupational_pollution_exposure,environmental_or_occupational_pollution_exposure_yes,,,,,1.6693512900886716,0.1997519028816241,lung_cancer,,,,,,,,,,,,,"<science><title>Meta-analysis of case-referent studies of specific environmental or occupational pollutants on lung cancer</>H Mahjub, G H Sadri<source>Indian J Cancer</>2006 Oct-Dec;43(4):169-73<link>https://pubmed.ncbi.nlm.nih.gov/17192688/</></>",,,,,,,,,,,,,,,,,,,,,,,,,,,,,92.0,meta-analysis,"92 studies, 161 populations",
0.0003,,1.99,0.4,OR,lc_places_of_exposure,environmental_pollution_exposure,environmental_pollution_exposure_yes,,,,,1.9894091454837912,0.3996905256794969,lung_cancer,,,,,,,,,,,,,"<science><title>Meta-analysis of case-referent studies of specific environmental or occupational pollutants on lung cancer</>H Mahjub, G H Sadri<source>Indian J Cancer</>2006 Oct-Dec;43(4):169-73<link>https://pubmed.ncbi.nlm.nih.gov/17192688/</></>",,,,,,,,,,,,,,,,,,,,,,,,,,,,,92.0,meta-analysis,"92 studies, 161 populations",
0.00045,,1.49,0.16,OR,lc_places_of_exposure,occupational_pollution_exposure,occupational_pollution_exposure_yes,,,,,1.4896715274282022,0.1598690031030645,lung_cancer,,,,,,,,,,,,,"<science><title>Meta-analysis of case-referent studies of specific environmental or occupational pollutants on lung cancer</>H Mahjub, G H Sadri<source>Indian J Cancer</>2006 Oct-Dec;43(4):169-73<link>https://pubmed.ncbi.nlm.nih.gov/17192688/</></>",,,,,,,,,,,,,,,,,,,,,,,,,,,,,92.0,meta-analysis,"92 studies, 161 populations",
,,1.69,0.25,RR,lc_places_of_exposure,household_pollution,household_pollution_yes,,,,,1.69,0.25,lung_cancer,,,,,,,,,,,,,"<science><title>Adverse health effects associated with household air pollution: a systematic review, meta-analysis, and burden estimation study</>Kuan Ken Lee,  et al<source>Lancet Glob Health</>2020 Nov; 8(11): e1427-e1434.<link>https://www.ncbi.nlm.nih.gov/pmc/articles/PMC7564377/</></>",,,,,,,,,,,,,,,,,,,,,,,,,,,,,15500000.0,meta-analysis,mixed global studies,
,,,,,lc_places_of_exposure,,,,,,,,,any_of,places_of_exposure_yes,,places_of_exposure_no,,,,,,,,,,,,,,,,,,,,,,,,,,,,,,,,,,,,,,,,,,
,,,,,,,,,,,,,,,,,,,,,,,,,,,,,,,,,,,,,,,,,,,,,,,,,,,,,,,,,,,
0.02,,1.3,0.4,OR,lc_wood_toxin_exposure,wood_and_gypsum_paint_exposure,wood_and_gypsum_paint_exposure_yes,,,,,1.2922465208747516,0.3904429136603227,lung_cancer,,,,,,,,,,,,,"<science><title>Exposures in painting-related occupations and risk of lung cancer among men: results from two case-control studies in Montreal</>Agnihotram V Ramanakumar, Marie-Élise Parent, Lesley Richardson, Jack Siemiatycki<source>Occup Environ Med</>2011 Jan;68(1):44-51<link>https://pubmed.ncbi.nlm.nih.gov/20817942/</></>",,,,,,,,,,,,,,,,,,,,,,,,,,,,,857.0,cross-sectional,occupational meta-analysis,"VERIFIED OK: wood_paint->lung OR=1.3(0.9-1.7), D=0.40 matches hw. PMID:20817942"
0.02,,1.6,0.65,OR,lc_wood_toxin_exposure,wood_varnish_stain_exposure,wood_varnish_stain_exposure_yes,,,,,1.5810276679841897,0.6300767170332386,lung_cancer,,,,,,,,,,,,,"<science><title>Exposures in painting-related occupations and risk of lung cancer among men: results from two case-control studies in Montreal</>Agnihotram V Ramanakumar, Marie-Élise Parent, Lesley Richardson, Jack Siemiatycki<source>Occup Environ Med</>2011 Jan;68(1):44-51<link>https://pubmed.ncbi.nlm.nih.gov/20817942/</></>","FIXED: D was 0.6 (lower CI distance). Correct: wood_varnish->lung OR=1.6 (1.0-2.3), pm=0.65. PMID:20817942",,,,,,,,,,,,,,,,,,,,,,,,,,,,857.0,cross-sectional,occupational meta-analysis,FIXED: pm 0.6->0.65. varnish->lung OR=1.6(1.0-2.3). Verified vs PMID:20817942
,,,,,lc_wood_toxin_exposure,,,,,,,,,any_of,wood_toxin_exposure_yes,,wood_toxin_exposure_no,,,,,,,,,,,,,,,,,,,,,,,,,,,,,,,,,,,,,,,,,,
,,,,,,,,,,,,,,,,,,,,,,,,,,,,,,,,,,,,,,,,,,,,,,,,,,,,,,,,,,,
,,,,,lc_industrial_exposure,lc_places_of_exposure,places_of_exposure_yes,,,,,,,lung_cancer,,,,,,,,,,,,,,,,,,,,,,,,,,,,,,,,,,,,,,,,,,,,,
,,,,,lc_industrial_exposure,lc_wood_toxin_exposure,wood_toxin_exposure_yes,,,,,,,lung_cancer,,,,,,,,,,,,,,,,,,,,,,,,,,,,,,,,,,,,,,,,,,,,,
0.000468278,,1.3,0.65,OR,lc_industrial_exposure,painter_occupation,painter_occupation_yes,,,,,1.2998173972326577,0.6497108465242842,lung_cancer,,,,,,,,,,,,,"<science><title>Exposures in painting-related occupations and risk of lung cancer among men: results from two case-control studies in Montreal</>Agnihotram V Ramanakumar, Marie-Élise Parent, Lesley Richardson, Jack Siemiatycki<source>Occup Environ Med</>2011 Jan;68(1):44-51<link>https://pubmed.ncbi.nlm.nih.gov/20817942/</></>","FIXED: D was 0.4 (lower CI distance). Correct: painter->lung OR=1.3 (0.9-2.2), pm=0.65. PMID:20817942",,,,,,,,,,,,,,,,,,,,,,,,,,,,857.0,cross-sectional,occupational meta-analysis,FIXED: pm 0.4->0.65. painter->lung OR=1.3(0.9-2.2). Verified vs PMID:20817942
,,1.47,0.18,RR,lc_industrial_exposure,diesel_exhaust_exposure,diesel_exhaust_exposure_yes,,,,,1.47,0.1799999999999999,lung_cancer,,,,,,,,,,,,,<science><title>Occupational exposure to diesel exhaust and lung cancer: a meta-analysis</>M Lipsett and S Campleman<source>Am J Public Health</>1999 July; 89(7): 1009-1017<link>https://www.ncbi.nlm.nih.gov/pmc/articles/PMC1508841/</></>,,,,,,,,,,,,,,,,,,,,,,,,,,,,,30.0,meta-analysis,meta-analysis,
0.000468278,,1.1,0.4,OR,lc_industrial_exposure,metal_coatings_exposure,metal_coatings_exposure_yes,,,,,1.0999484918320144,0.3998501396351632,lung_cancer,,,,,,,,,,,,,"<science><title>Exposures in painting-related occupations and risk of lung cancer among men: results from two case-control studies in Montreal</>Agnihotram V Ramanakumar, Marie-Élise Parent, Lesley Richardson, Jack Siemiatycki<source>Occup Environ Med</>2011 Jan;68(1):44-51<link>https://pubmed.ncbi.nlm.nih.gov/20817942/</></>","FIXED: D was 0.3 (lower CI distance). Correct: metal_coatings->lung OR=1.1 (0.8-1.6), pm=0.40. PMID:20817942",,,,,,,,,,,,,,,,,,,,,,,,,,,,857.0,cross-sectional,occupational meta-analysis,FIXED: pm 0.3->0.4. metal->lung OR=1.1(0.8-1.6). Verified vs PMID:20817942
,,,,,lc_industrial_exposure,,,,,,,,,any_of,industrial_exposure_yes,,industrial_exposure_no,,,,,,,,,,,,,,,,,,,,,,,,,,,,,,,,,,,,,,,,,,
,,,,,,,,,,,,,,,,,,,,,,,,,,,,,,,,,,,,,,,,,,,,,,,,,,,,,,,,,,,
,,,,,asbestos_exposure,,,,,,,,,discrete_priors,asbestos_exposure_yes,0.00039,asbestos_exposure_no,0.99961,,,,,,,,,,,,,,,,,,,,,,,,,,,,,,,,,,,,,,,,,
,,,,,longer_menstrual_cycle_over_33_days,,,,,,,,,discrete_priors,longer_menstrual_cycle_over_33_days_no,0.85,longer_menstrual_cycle_over_33_days_yes,0.15,,,,,,,,,,,,,,,,,,,,,,,,,,,,,,,,,,,,,,,,,
,,,,,,,,,,,,,,,,,,,,,,,,,,,,,,,,,,,,,,,,,,,,,,,,,,,,,,,,,,,
,,1.388888888888889,0.15,RR,lc_menstral,longer_menstrual_cycle_over_33_days,longer_menstrual_cycle_over_33_days_no,,,,,1.388888888888889,0.1499999999999999,lung_cancer,,,,,,,,,,,,,"<science><title>Menstrual factors, reproductive factors and lung cancer risk: a meta-analysis</>Yue Zhang, Zhihua Yin, Li Shen, Yan Wan, Baosen Zhou<source>Zhongguo Fei Ai Za Zhi</>2012 Dec;15(12):701-19<link>https://pubmed.ncbi.nlm.nih.gov/23249716/</></>",,,,,,,,,,,,,,,,,,,,,,,,,,,,,24.0,meta-analysis,meta-analysis,
,,1.204819277108434,0.1,RR,lc_menstral,age_at_menarche,age_at_menarche_younger_than_10,,,,,1.204819277108434,0.1,lung_cancer,,,,,,,,,,,,,"<science><title>Menstrual factors, reproductive factors and lung cancer risk: a meta-analysis</>Yue Zhang, Zhihua Yin, Li Shen, Yan Wan, Baosen Zhou<source>Zhongguo Fei Ai Za Zhi</>2012 Dec;15(12):701-19<link>https://pubmed.ncbi.nlm.nih.gov/23249716/</></>",,,,,,,,,,,,,,,,,,,,,,,,,,,,,24.0,meta-analysis,meta-analysis,
,,,,,lc_menstral,,,,,,,,,any_of,lc_menstral_yes,,lc_menstral_no,,,,,,,,,,,,,,,,,,,,,,,,,,,,,,,,,,,,,,,,,,
,,,,,,,,,,,,,,,,,,,,,,,,,,,,,,,,,,,,,,,,,,,,,,,,,,,,,,,,,,,
0.018,,3.03030303030303,0.9469696969696968,HR,lc_biomarkers,interleukin6_1beta_pg_mL,interleukin6_1beta_pg_mL_high_above_10,,,,,2.9752733816588224,0.9122423498893286,lung_cancer,,,,,,,,,,,,,https://pubmed.ncbi.nlm.nih.gov/28855077/ - Ridker 2017: Effect of interleukin-1β inhibition with canakinumab on incident lung cancer in patients with athero,[2026-05-10 PMID extracted from <science><title> wrapper via quorum agent; both A+B agree],,,,,,,,,,,,,,,,,,,,,,,,,,,,10061.0,RCT,"CANTOS RCT, post-MI patients",
0.000139859,,2.03,0.505,HR,lc_biomarkers,c_reactive_protein_mg_L,c_reactive_protein_mg_L_high_above_2,,,,,2.0298537846130165,0.5049097731583629,lung_cancer,,,,,,,,,,,,,"<science><title>Chronic inflammation towards cancer incidence: A systematic review and meta-analysis of epidemiological studies</>Nathalie Michels, Carola van Aart, Jens Morisse, Amy Mullee, Inge Huybrechts<source>Crit Rev Oncol Hematol</>2021 Jan;157:103177<link>https://pubmed.ncbi.nlm.nih.gov/33264718/</></>","FIXED: D was 0.44, should be 0.505. CRP->lung HR=2.03 (1.59-2.60), pm=0.505. PMID:33264718.",,,,,,,,,,,,,,,,,,,,,,,,,,,,42.0,meta-analysis,mixed studies,FIXED: pm 0.44->0.505. CRP->lung HR=2.03(1.59-2.60). Verified vs PMID:33264718
0.48,,2.56,0.84,OR,lc_biomarkers,fibrinogen_mg_dL,fibrinogen_mg_dL_quartile_4_above_289,,,,,1.463860933211345,0.1856207429616423,lung_cancer,,,,,,,,,,,,,"<science><title>Chronic inflammation towards cancer incidence: A systematic review and meta-analysis of epidemiological studies</>Nathalie Michels, Carola van Aart, Jens Morisse, Amy Mullee, Inge Huybrechts<source>Crit Rev Oncol Hematol</>2021 Jan;157:103177<link>https://pubmed.ncbi.nlm.nih.gov/33264718/</></>","FIXED: D was 0.7, should be 0.84. fibrinogen->lung OR=2.56 (1.86-3.54), pm=0.840. PMID:33264718.",,,,,,,,,,,,,,,,,,,,,,,,,,,,42.0,meta-analysis,mixed studies,FIXED: pm 0.7->0.84. fibrinogen->lung OR=2.56(1.86-3.54). Verified vs PMID:33264718
,,,,,lc_biomarkers,lc_menstral,lc_menstral_yes,,,,,,,lung_cancer,,,,,,,,,,,,,,,,,,,,,,,,,,,,,,,,,,,,,,,,,,,,,
,,,,,lc_biomarkers,,,,,,,,,any_of,lc_biomarkers_yes,,lc_biomarkers_no,,,,,,,,,,,,,,,,,,,,,,,,,,,,,,,,,,,,,,,,,,
,,,,,,,,,,,,,,,,,,,,,,,,,,,,,,,,,,,,,,,,,,,,,,,,,,,,,,,,,,,
,,,,,lung_cancer,lc_biomarkers,lc_biomarkers_yes,,,,,,,distal,,,,,,,,,,,,,,,,,,,,,,,,,,,,,,,,,,,,,,,,,,,,,
,,,,,lung_cancer,lc_industrial_exposure,industrial_exposure_yes,,,,,,,distal,,,,,,,,,,,,,,,,,,,,,,,,,,,,,,,,,,,,,,,,,,,,,
,,2.4,1.0,RR,lung_cancer,asbestos_exposure,asbestos_exposure_yes,,,,,2.4,1.0,,,,,,,,,,,,,,"<science><title>A meta-analysis of asbestos and lung cancer: is better quality exposure assessment associated with steeper slopes of the exposure-response relationships?</>Virissa Lenters 1, Roel Vermeulen, Sies Dogger, Leslie Stayner, Lützen Portengen, Alex Burdorf, Dick Heederik<source>Environ Health Perspect</>2011 Nov;119(11):1547-55.<link>https://pubmed.ncbi.nlm.nih.gov/21708512/</></>",,,,,,,,,,,,,,,,,,,,,,,,,,,,,19.0,meta-analysis,meta-analysis,
,,,,,lung_cancer,,,,,,,,,dependency_nhanes_explicit,lung_cancer_yes,14,lung_cancer_no,"0-13,15-99,missing",,,,,,,MCQ230A,,,,,,,,,,,,,,,,,,,,,,,,,,,,,,,,,,
,,,,,,,,,,,,,,,,,,,,,,,,,,,,,,,,,,,,,,,,,,,,,,,,,,,,,,,,,,,
,,,,,smokeless_tobacco_use,,,,,,,,,discrete_nhanes_explicit,smokeless_tobacco_use_yes,1,smokeless_tobacco_use_no,2,,,,,,,SMQ851,,,"NHANES SMQ681: Ever used smokeless tobacco (chewing tobacco, snuff, dip). 5549/28285 = 19.6% yes. NHANES SMQ851 prevalence: 455/28282 = 1.6% smokeless tobacco use.",,,,,,,,,,,,,,,,,,,,,,,,,,,,,,,
,,,,,oral_cancer,,,,,,,,,dependency_nhanes_explicit,oral_cancer_yes,26,oral_cancer_no,"0-25,27-99,missing",,,,,,,MCQ230A,,,,,,,,,,,,,,,,,,,,,,,,,,,,,,,,,,
,,,,,,,,,,,,,,,,,,,,,,,,,,,,,,,,,,,,,,,,,,,,,,,,,,,,,,,,,,,
0.0003130674347254,,5.55,0.5,OR,oral_cancer,smokeless_tobacco_use,smokeless_tobacco_use_yes,,,,,5.542105509964831,0.4985004134276609,,,,,,,,,,,,,,"<science><title>Smokeless tobacco-associated cancers: A systematic review and meta-analysis of Indian studies</>Sinha DN, Suliankatchi RA, Gupta PC, et al<source>Int J Cancer</>2016;138:1368-79<link>https://pubmed.ncbi.nlm.nih.gov/26443187/</></>","Sinha 2016 meta-analysis of Indian studies. OR=5.55 for oral cancer. Note: population is Indian, may differ from US NHANES. P0 added: NHANES prevalence 9e-06. MCQ230A code 27: 1/116876. NOTE: only 1 NHANES case, essentially unmeasurable.; [autofill Apr-20] col A updated to NHANES P0 per , 2026 convention",,,,,,,,,,,,,,,,,,,,,,,,,,,,,meta-analysis,Indian studies,"VERIFIED OK: smokeless->oral OR=5.55(5.07-6.07), D=0.50 matches hw. PMID:26443187"
,,,,,pharyngeal_cancer,,,,,,,,,dependency_priors,pharyngeal_cancer_yes,0.000647,pharyngeal_cancer_no,0.999353,,,,,,,,,,,,,,,,,,,,,,,,,,,,,,,,,,,,,,,,,
,,,,,,,,,,,,,,,,,,,,,,,,,,,,,,,,,,,,,,,,,,,,,,,,,,,,,,,,,,,
0.000647,,2.69,0.445,OR,pharyngeal_cancer,smokeless_tobacco_use,smokeless_tobacco_use_yes,,,,,2.687061885922076,0.4438688115913458,,,,,,,,,,,,,,"<science><title>Smokeless tobacco-associated cancers: A systematic review and meta-analysis of Indian studies</>Sinha DN, Suliankatchi RA, Gupta PC, et al<source>Int J Cancer</>2016;138:1368-79<link>https://pubmed.ncbi.nlm.nih.gov/26443187/</></>","FIXED: pm was 0.8 (approximate). Correct: pharyngeal OR=2.69 (2.28-3.17), pm=(3.17-2.28)/2=0.445. PMID:26443187.",,,,,,,,,,,,,,,,,,,,,,,,,,,,,meta-analysis,Indian studies,"FIXED P0: was MISSING, corrected to 0.0006 (output NHANES prior)"
,,,,,laryngeal_cancer,,,,,,,,,dependency_nhanes_explicit,laryngeal_cancer_yes,20,laryngeal_cancer_no,"0-19,21-99,missing",,,,,,,MCQ230A,,,,,,,,,,,,,,,,,,,,,,,,,,,,,,,,,,
,,,,,,,,,,,,,,,,,,,,,,,,,,,,,,,,,,,,,,,,,,,,,,,,,,,,,,,,,,,
,,,,,respiratory_cancer,laryngeal_cancer,laryngeal_cancer_yes,,,,,,,,,,,,,,,,,,,,,,,,,,,,,,,,,,,,,,,,,,,,,,,,,,,,
,,,,,respiratory_cancer,pharyngeal_cancer,pharyngeal_cancer_yes,,,,,,,,,,,,,,,,,,,,,,,,,,,,,,,,,,,,,,,,,,,,,,,,,,,,
,,,,,respiratory_cancer,oral_cancer,oral_cancer_yes,,,,,,,,,,,,,,,,,,,,,,,,,,,,,,,,,,,,,,,,,,,,,,,,,,,,
,,,,,respiratory_cancer,lung_cancer,lung_cancer_yes,,,,,,,,,,,,,,,,,,,,,,,,,,,,,,,,,,,,,,,,,,,,,,,,,,,,
,,,,,respiratory_cancer,,,,,,,,,any_of,respiratory_cancer_yes,,respiratory_cancer_no,,,,,,,,,,,,,,,,,,,,,,,,,,,,,,,,,,,,,,,,,,
,,,,,,,,,,,,,,,,,,,,,,,,,,,,,,,,,,,,,,,,,,,,,,,,,,,,,,,,,,,
,,,,,,,,,,,,,,,,,,,,,,,,,,,,,,,,,,,,,,,,,,,,,,,,,,,,,,,,,,,
,,,,,kidney_cancer,hysterectomy,hysterectomy_yes,,,,,,,,,,,,,,,,,,,,"<science><title>Hysterectomy and kidney cancer risk: a meta-analysis</><>Karami S, Daugherty SE, Purdue MP<source>Int J Cancer</>2014 Jan 15;134(2):405-410<link>https://pubmed.ncbi.nlm.nih.gov/23818138/</></>","Karami 2014 meta-analysis (13 studies, 7 cohort + 6 case-control). General population. Citation added: Karami 2014 (13 studies). SRR=1.29 (1.16-1.43). pm=(1.43-1.16)/2=0.135. | [prep] BLANKED: original RR=1.29 pm=0.135 stat=RR; reason: tight-σ meta (σ=0.10) but QP solves qRR=0.62 vs lit=1.29 (direction-wrong, structural inversion). Subnet test confirms blanking promotes kidney_cancer abstain-d→descrK12.",,,,,,,,,,,,,,,,,,,,,,,,,,,,,,,
0.0254,,1.26,0.1,HR,kidney_cancer,creatinine_mg_dL,creatinine_mg_dL_high_above_1.2,,,,,1.255813121,0.09818720345,,,,,,,,,,,,,,"<science><title>Kidney function and cancer risk: An analysis using creatinine and cystatin C in a cohort study</title> Jennifer S Lees, Elaine Ho, Angela C Webster, Patrick B Mark, et al <source>EClinicalMedicine</source> 2021 Aug;38:101030<link>https://pubmed.ncbi.nlm.nih.gov/34505030/</link></science>", [2026-05-10 restored from standard.xlsx; was wrongly removed during a previous cycle],,,,,,,,,,,,,,,,,,,,,,,,,,,,,,,
,,,,,kidney_cancer,,,,,,,,,,,,,,,,,,,,,,"<science><title>Body-mass index and incidence of cancer: a systematic review and meta-analysis of prospective observational studies</>Andrew G Renehan, Margaret Tyson, Matthias Egger, Richard F Heller, Marcel Zwahlen<source>Lancet</>2008 Feb 16;371(9612):569-78<link>https://pubmed.ncbi.nlm.nih.gov/18280327/</></>",[autofill-debug] bmi row blanked for kidney_cancer; double-counting with bmi_naive caused direction flip,,,,,,,,,,,,,,,,,,,,,,,,,,,,5240000.0,meta-analysis,UK Clinical Practice Research Datalink,
,,3.224179360000001,0.7827731100000008,RR,kidney_cancer,bmi_naive,bmi_40_and_over_severe_obesity,,,,,3.224179360000001,0.7827731100000008,,,,,,,,,,,,,,"<science><title>Body-mass index and incidence of cancer: a systematic review and meta-analysis of prospective observational studies</>Andrew G Renehan, Margaret Tyson, Matthias Egger, Richard F Heller, Marcel Zwahlen<source>Lancet</>2008 Feb 16;371(9612):569-78<link>https://pubmed.ncbi.nlm.nih.gov/18280327/</></>",,,,,,,,,,,,,,,,,,,,,,,,,,,,,5240000.0,meta-analysis,UK Clinical Practice Research Datalink,VERIFIED OK: Lancet BMI-cancer extrapolation (RR per 5 kg/m2). PMID:18280327
,,,,,kidney_cancer,,,,,,,,,,,,,,,,,,,,,,"<science><title>Body-mass index and incidence of cancer: a systematic review and meta-analysis of prospective observational studies</>Andrew G Renehan, Margaret Tyson, Matthias Egger, Richard F Heller, Marcel Zwahlen<source>Lancet</>2008 Feb 16;371(9612):569-78<link>https://pubmed.ncbi.nlm.nih.gov/18280327/</></>",[overnight] bmi_naive=overweight row blanked for kidney_cancer; monotonicity+reverse=4 tension with severe_obesity anchor pulled overweight below baseline. Severe_obesity anchor retained.,,,,,,,,,,,,,,,,,,,,,,,,,,,,5240000.0,meta-analysis,UK Clinical Practice Research Datalink,
0.0010644292780664,,,,,kidney_cancer,,,,,,,,,,,,,,,,,,,,,,"<science><title>Kidney function and cancer risk: An analysis using creatinine and cystatin C in a cohort study</title> Jennifer S Lees, Elaine Ho, Angela C Webster, Patrick B Mark, et al <source>EClinicalMedicine</source> 2021 Aug;38:101030<link>https://pubmed.ncbi.nlm.nih.gov/34505030/</link></science>","[cycle5] creatinine → kidney_cancer blanked; marginal effect q=0.999, study cohort mismatch likely",,,,,,,,,,,,,,,,,,,,,,,,,,,,431263.0,cohort,meta-analysis,
,,,,,kidney_cancer,,,,,,,,,dependency_nhanes_explicit,kidney_cancer_yes,19,kidney_cancer_no,"0-18,20-99,missing",,,,,,,MCQ230A,,,,,,,,,,,,,,,,,,,,,,,,,,,,,,,,,,
,,,,,,,,,,,,,,,,,,,,,,,,,,,,,,,,,,,,,,,,,,,,,,,,,,,,,,,,,,,
,,,,,,,,,,,,,,,,,,,,,,,,,,,,,,,,,,,,,,,,,,,,,,,,,,,,,,,,,,,
,,6.391289610000001,5.308857450000001,RR,gallbladder_cancer,bmi_naive,bmi_40_and_over_severe_obesity,,,,,6.391289610000001,5.308857450000001,,,,,,,,,,,,,,"<science><title>Body-mass index and incidence of cancer: a systematic review and meta-analysis of prospective observational studies</>Andrew G Renehan, Margaret Tyson, Matthias Egger, Richard F Heller, Marcel Zwahlen<source>Lancet</>2008 Feb 16;371(9612):569-78<link>https://pubmed.ncbi.nlm.nih.gov/18280327/</></>",,,,,,,,,,,,,,,,,,,,,,,,,,,,,5240000.0,meta-analysis,UK Clinical Practice Research Datalink,VERIFIED OK: Lancet BMI-cancer extrapolation (RR per 5 kg/m2). PMID:18280327
,,,,,gallbladder_cancer,,,,,,,,,,,,,,,,,,,,,,"<science><title>Body-mass index and incidence of cancer: a systematic review and meta-analysis of prospective observational studies</>Andrew G Renehan, Margaret Tyson, Matthias Egger, Richard F Heller, Marcel Zwahlen<source>Lancet</>2008 Feb 16;371(9612):569-78<link>https://pubmed.ncbi.nlm.nih.gov/18280327/</></>",[overnight] bmi_naive=overweight row blanked for gallbladder_cancer; monotonicity+reverse=4 tension with severe_obesity anchor pulled overweight below baseline. Severe_obesity anchor retained.,,,,,,,,,,,,,,,,,,,,,,,,,,,,5240000.0,meta-analysis,UK Clinical Practice Research Datalink,VERIFIED OK: Lancet BMI-cancer extrapolation (RR per 5 kg/m2). PMID:18280327
,,,,,gallbladder_cancer,,,,,,,,,dependency_nhanes_explicit,gallbladder_cancer_yes,18,gallbladder_cancer_no,"0-17,19-99,missing",,,,,,,MCQ230A,,,,,,,,,,,,,,,,,,,,,,,,,,,,,,,,,,
,,,,,,,,,,,,,,,,,,,,,,,,,,,,,,,,,,,,,,,,,,,,,,,,,,,,,,,,,,,
,,,,,liver_cancer,,,,,,,,,,,,,,,,,,,,,,"<science><title>Body-mass index and incidence of cancer: a systematic review and meta-analysis of prospective observational studies</>Andrew G Renehan, Margaret Tyson, Matthias Egger, Richard F Heller, Marcel Zwahlen<source>Lancet</>2008 Feb 16;371(9612):569-78<link>https://pubmed.ncbi.nlm.nih.gov/18280327/</></>",[autofill-debug] bmi row blanked for liver_cancer; double-counting with bmi_naive caused direction flip,,,,,,,,,,,,,,,,,,,,,,,,,,,,5240000.0,meta-analysis,UK Clinical Practice Research Datalink,VERIFIED OK: Lancet BMI-cancer extrapolation (RR per 5 kg/m2). PMID:18280327
,,2.36421376,1.54970751,RR,liver_cancer,bmi_naive,bmi_40_and_over_severe_obesity,,,,,2.36421376,1.54970751,,,,,,,,,,,,,,"<science><title>Body-mass index and incidence of cancer: a systematic review and meta-analysis of prospective observational studies</>Andrew G Renehan, Margaret Tyson, Matthias Egger, Richard F Heller, Marcel Zwahlen<source>Lancet</>2008 Feb 16;371(9612):569-78<link>https://pubmed.ncbi.nlm.nih.gov/18280327/</></>",,,,,,,,,,,,,,,,,,,,,,,,,,,,,5240000.0,meta-analysis,UK Clinical Practice Research Datalink,VERIFIED OK: Lancet BMI-cancer extrapolation (RR per 5 kg/m2). PMID:18280327
,,,,,liver_cancer,,,,,,,,,,,,,,,,,,,,,,"<science><title>Body-mass index and incidence of cancer: a systematic review and meta-analysis of prospective observational studies</>Andrew G Renehan, Margaret Tyson, Matthias Egger, Richard F Heller, Marcel Zwahlen<source>Lancet</>2008 Feb 16;371(9612):569-78<link>https://pubmed.ncbi.nlm.nih.gov/18280327/</></>",[overnight] bmi_naive=overweight row blanked for liver_cancer; monotonicity+reverse=4 tension with severe_obesity anchor pulled overweight below baseline. Severe_obesity anchor retained.,,,,,,,,,,,,,,,,,,,,,,,,,,,,5240000.0,meta-analysis,UK Clinical Practice Research Datalink,VERIFIED OK: Lancet BMI-cancer extrapolation (RR per 5 kg/m2). PMID:18280327
,,,,,liver_cancer,,,,,,,,,dependency_nhanes_explicit,liver_cancer_yes,22,liver_cancer_no,"0-21.23-99,missing",,,,,,,MCQ230A,,,,,,,,,,,,,,,,,,,,,,,,,,,,,,,,,,
,,,,,,,,,,,,,,,,,,,,,,,,,,,,,,,,,,,,,,,,,,,,,,,,,,,,,,,,,,,
,,,,,metabolic_cancer,kidney_cancer,kidney_cancer_yes,,,,,,,,,,,,,,,,,,,,,,,,,,,,,,,,,,,,,,,,,,,,,,,,,,,,
,,,,,metabolic_cancer,gallbladder_cancer,gallbladder_cancer_yes,,,,,,,,,,,,,,,,,,,,,,,,,,,,,,,,,,,,,,,,,,,,,,,,,,,,
,,,,,metabolic_cancer,liver_cancer,liver_cancer_yes,,,,,,,,,,,,,,,,,,,,,,,,,,,,,,,,,,,,,,,,,,,,,,,,,,,,
,,,,,metabolic_cancer,,,,,,,,,any_of,metabolic_cancer_yes,,metabolic_cancer_no,,,,,,,,,,,,,,,,,,,,,,,,,,,,,,,,,,,,,,,,,,
,,,,,,,,,,,,,,,,,,,,,,,,,,,,,,,,,,,,,,,,,,,,,,,,,,,,,,,,,,,
,,,,,,,,,,,,,,,,,,,,,,,,,,,,,,,,,,,,,,,,,,,,,,,,,,,,,,,,,,,
,,,,,,,,,,,,,,,,,,,,,,,,,,,,,,,,,,,,,,,,,,,,,,,,,,,,,,,,,,,
0.000241509163931,,2.84,0.76,OR,laryngeal_cancer,smokeless_tobacco_use,smokeless_tobacco_use_yes,,,,,2.8387385302809167,0.7592809149966215,,,,,,,,,,,,,,"<science><title>Smokeless tobacco-associated cancers: A systematic review and meta-analysis of Indian studies</>Sinha DN, Suliankatchi RA, Gupta PC, et al<source>Int J Cancer</>2016;138:1368-79<link>https://pubmed.ncbi.nlm.nih.gov/26443187/</></>","FIXED: pm was 0.9 (approximate). Correct: laryngeal OR=2.84 (2.18-3.70), pm=(3.70-2.18)/2=0.760. PMID:26443187. P0 added: NHANES prevalence 0.000231. MCQ230A code 20: 27/116876.; [autofill Apr-20] col A updated to NHANES P0 per , 2026 convention",,,,,,,,,,,,,,,,,,,,,,,,,,,,,meta-analysis,Indian studies,FIXED: pm 0.9->0.76. smokeless->laryngeal OR=2.84(2.18-3.70). Verified vs PMID:26443187
,,,,,oesophageal_cancer,,,,,,,,,dependency_nhanes_explicit,oesophageal_cancer_yes,17,oesophageal_cancer_no,"0-16,18-99,missing",,,,,,,MCQ230A,,,,,,,,,,,,,,,,,,,,,,,,,,,,,,,,,,
,,,,,,,,,,,,,,,,,,,,,,,,,,,,,,,,,,,,,,,,,,,,,,,,,,,,,,,,,,,
,,,,,oesophageal_adenocarcinoma,oesophageal_cancer,oesophageal_cancer_yes,,,,,,,subsumes,,,,,,,,,,,,,,,,,,,,,,,,,,,,,,,,,,,,,,,,,,,,,
,,,,,,,,,,,,,,,,,,,,,,,,,,,,,,,,,,,,,,,,,,,,,,,,,,,,,,,,,,,
,,5.337948160000001,2.20894095,RR,oesophageal_adenocarcinoma,bmi_naive,bmi_40_and_over_severe_obesity,,,,,5.337948160000001,2.20894095,,,,,,,,,,,,,,"<science><title>Body-mass index and incidence of cancer: a systematic review and meta-analysis of prospective observational studies</>Andrew G Renehan, Margaret Tyson, Matthias Egger, Richard F Heller, Marcel Zwahlen<source>Lancet</>2008 Feb 16;371(9612):569-78<link>https://pubmed.ncbi.nlm.nih.gov/18280327/</></>",,,,,,,,,,,,,,,,,,,,,,,,,,,,,5240000.0,meta-analysis,UK Clinical Practice Research Datalink,VERIFIED OK: Lancet BMI-cancer extrapolation (RR per 5 kg/m2). PMID:18280327
,,,,,oesophageal_adenocarcinoma,,,,,,,,,,,,,,,,,,,,,,"<science><title>Body-mass index and incidence of cancer: a systematic review and meta-analysis of prospective observational studies</>Andrew G Renehan, Margaret Tyson, Matthias Egger, Richard F Heller, Marcel Zwahlen<source>Lancet</>2008 Feb 16;371(9612):569-78<link>https://pubmed.ncbi.nlm.nih.gov/18280327/</></>",[overnight] bmi_naive=overweight row blanked for oesophageal_adenocarcinoma; monotonicity+reverse=4 tension with severe_obesity anchor pulled overweight below baseline. Severe_obesity anchor retained.,,,,,,,,,,,,,,,,,,,,,,,,,,,,5240000.0,meta-analysis,UK Clinical Practice Research Datalink,
,,,,,oesophageal_adenocarcinoma,,,,,,,,,dependency_priors,oesophageal_adenocarcinoma_yes,5e-05,oesophageal_adenocarcinoma_no,0.99995,,,,,,,,,,,,,,,,,,,,,,,,,,,,,,,,,,,,,,,,,
,,,,,,,,,,,,,,,,,,,,,,,,,,,,,,,,,,,,,,,,,,,,,,,,,,,,,,,,,,,
0.0003220122185747,,3.17,0.435,OR,oesophageal_cancer,smokeless_tobacco_use,smokeless_tobacco_use_yes,,,,,3.167786456899443,0.4343136241144463,,,,,,,,,,,,,,"<science><title>Smokeless tobacco-associated cancers: A systematic review and meta-analysis of Indian studies</>Sinha DN, Suliankatchi RA, Gupta PC, et al<source>Int J Cancer</>2016;138:1368-79<link>https://pubmed.ncbi.nlm.nih.gov/26443187/</></>","FIXED: pm was 1 (approximate). Correct: oesophageal OR=3.17 (2.76-3.63), pm=(3.63-2.76)/2=0.435. PMID:26443187. P0 added: NHANES prevalence 0.000308. MCQ230A code 17: 36/116876.; [autofill Apr-20] col A updated to NHANES P0 per , 2026 convention",,,,,,,,,,,,,,,,,,,,,,,,,,,,,meta-analysis,Indian studies,FIXED: pm 1.0->0.435. smokeless->oesoph OR=3.17(2.76-3.63). Verified vs PMID:26443187
,,,,,stomach_cancer,,,,,,,,,dependency_nhanes_explicit,stomach_cancer_yes,35,stomach_cancer_no,"0-34,36-99,missing",,,,,,,MCQ230A,,,,,,,,,,,,,,,,,,,,,,,,,,,,,,,,,,
0.003961,,1.26,0.3,OR,stomach_cancer,smokeless_tobacco_use,smokeless_tobacco_use_yes,,,,,1.258703711395782,0.2985515848928589,,,,,,,,,,,,,,"<science><title>Smokeless tobacco-associated cancers: A systematic review and meta-analysis of Indian studies</>Sinha DN, Suliankatchi RA, Gupta PC, et al<source>Int J Cancer</>2016;138:1368-79<link>https://pubmed.ncbi.nlm.nih.gov/26443187/</></>","FIXED: pm was 0.35 (approximate). Correct: stomach OR=1.26 (1.00-1.60), pm=(1.60-1.00)/2=0.300. PMID:26443187. P0 added: NHANES prevalence 0.003961. MCQ230A code 33: 463/116876.; [autofill Apr-20] col A updated to NHANES P0 per , 2026 convention",,,,,,,,,,,,,,,,,,,,,,,,,,,,,meta-analysis,Indian studies,FIXED: pm 0.35->0.30. smokeless->stomach OR=1.26(1.00-1.60). Verified vs PMID:26443187
,,,,,,,,,,,,,,,,,,,,,,,,,,,,,,,,,,,,,,,,,,,,,,,,,,,,,,,,,,,
,,,,,,,,,,,,,,,,,,,,,,,,,,,,,,,,,,,,,,,,,,,,,,,,,,,,,,,,,,,
,,,,,,,,,,,,,,,,,,,,,,,,,,,,,,,,,,,,,,,,,,,,,,,,,,,,,,,,,,,
0.0037031405136094,,1.34,0.23,OR,colon_cancer,c_reactive_protein_mg_L,c_reactive_protein_mg_L_high_above_2,,,,,1.3383149707480302,0.2287669400970808,,,,,,,,,,,,,,"<science><title>Chronic inflammation towards cancer incidence: A systematic review and meta-analysis of epidemiological studies</>Nathalie Michels, Carola van Aart, Jens Morisse, Amy Mullee, Inge Huybrechts<source>Crit Rev Oncol Hematol</>2021 Jan;157:103177<link>https://pubmed.ncbi.nlm.nih.gov/33264718/</></>","[autofill Apr-20] col A updated to NHANES P0 per , 2026 convention",,,,,,,,,,,,,,,,,,,,,,,,,,,,42.0,meta-analysis,mixed studies,VERIFIED OK: inflammation->cancer meta-analysis. PMID:33264718
,,,,,colon_cancer,,,,,,,,,,,,,,,,,,,,,,"<science><title>Body-mass index and incidence of cancer: a systematic review and meta-analysis of prospective observational studies</>Andrew G Renehan, Margaret Tyson, Matthias Egger, Richard F Heller, Marcel Zwahlen<source>Lancet</>2008 Feb 16;371(9612):569-78<link>https://pubmed.ncbi.nlm.nih.gov/18280327/</></>",[autofill-debug] bmi row blanked for colon_cancer; double-counting with bmi_naive caused direction flip,,,,,,,,,,,,,,,,,,,,,,,,,,,,5240000.0,meta-analysis,UK Clinical Practice Research Datalink,
,,2.36421376,0.2906137600000003,RR,colon_cancer,bmi_naive,bmi_40_and_over_severe_obesity,,,,,2.36421376,0.2906137600000003,,,,,,,,,,,,,,"<science><title>Body-mass index and incidence of cancer: a systematic review and meta-analysis of prospective observational studies</>Andrew G Renehan, Margaret Tyson, Matthias Egger, Richard F Heller, Marcel Zwahlen<source>Lancet</>2008 Feb 16;371(9612):569-78<link>https://pubmed.ncbi.nlm.nih.gov/18280327/</></>",,,,,,,,,,,,,,,,,,,,,,,,,,,,,5240000.0,meta-analysis,UK Clinical Practice Research Datalink,
,,1.24,0.04,RR,colon_cancer,bmi_naive,bmi_25_to_29_overweight,,,,,1.24,0.04,,,,,,,,,,,,,,"<science><title>Body-mass index and incidence of cancer: a systematic review and meta-analysis of prospective observational studies</>Andrew G Renehan, Margaret Tyson, Matthias Egger, Richard F Heller, Marcel Zwahlen<source>Lancet</>2008 Feb 16;371(9612):569-78<link>https://pubmed.ncbi.nlm.nih.gov/18280327/</></>",,,,,,,,,,,,,,,,,,,,,,,,,,,,,5240000.0,meta-analysis,UK Clinical Practice Research Datalink,
,,1.315789473684211,0.04,RR,colon_cancer,physical_activity,physical_activity_low,,,,,1.315789473684211,0.04,,,,,,,,,,,,,,"<science><title>Physical activity and colon cancer prevention: a meta-analysis</>K Y Wolin 1, Y Yan, G A Colditz, I-M Lee<source>Br J Cancer</>2009 Feb 24;100(4):611-6<link>https://pubmed.ncbi.nlm.nih.gov/19209175/</></>",,,,,,,,,,,,,,,,,,,,,,,,,,,,,52.0,meta-analysis,meta-analysis,
,,,,,colon_cancer,,,,,,,,,dependency_nhanes_explicit,colon_cancer_yes,16,colon_cancer_no,"0-15,17-99,missing",,,,,,,MCQ230A,,,,,,,,,,,,,,,,,,,,,,,,,,,,,,,,,,
,,,,,,,,,,,,,,,,,,,,,,,,,,,,,,,,,,,,,,,,,,,,,,,,,,,,,,,,,,,
,,,,,,,,,,,,,,,,,,,,,,,,,,,,,,,,,,,,,,,,,,,,,,,,,,,,,,,,,,,
,,,,,,,,,,,,,,,,,,,,,,,,,,,,,,,,,,,,,,,,,,,,,,,,,,,,,,,,,,,
,,,,,,,,,,,,,,,,,,,,,,,,,,,,,,,,,,,,,,,,,,,,,,,,,,,,,,,,,,,
,,,,,,,,,,,,,,,,,,,,,,,,,,,,,,,,,,,,,,,,,,,,,,,,,,,,,,,,,,,
,,,,,gut_cancer,oesophageal_cancer,oesophageal_cancer_yes,,,,,,,,,,,,,,,,,,,,,,,,,,,,,,,,,,,,,,,,,,,,,,,,,,,,
,,,,,gut_cancer,stomach_cancer,stomach_cancer_yes,,,,,,,,,,,,,,,,,,,,,,,,,,,,,,,,,,,,,,,,,,,,,,,,,,,,
,,,,,gut_cancer,colon_cancer,colon_cancer_yes,,,,,,,,,,,,,,,,,,,,,,,,,,,,,,,,,,,,,,,,,,,,,,,,,,,,
,,,,,gut_cancer,,,,,,,,,any_of,gut_cancer_yes,,gut_cancer_no,,,,,,,,,,,,,,,,,,,,,,,,,,,,,,,,,,,,,,,,,,
,,,,,,,,,,,,,,,,,,,,,,,,,,,,,,,,,,,,,,,,,,,,,,,,,,,,,,,,,,,
,,,,,digestive_cancer,gut_cancer,gut_cancer_yes,,,,,,,,,,,,,,,,,,,,,,,,,,,,,,,,,,,,,,,,,,,,,,,,,,,,
,,,,,digestive_cancer,metabolic_cancer,metabolic_cancer_yes,,,,,,,,,,,,,,,,,,,,,,,,,,,,,,,,,,,,,,,,,,,,,,,,,,,,
,,,,,digestive_cancer,,,,,,,,,any_of,digestive_cancer_yes,,digestive_cancer_no,,,,,,,,,,,,,,,,,,,,,,,,,,,,,,,,,,,,,,,,,,
,,,,,,,,,,,,,,,,,,,,,,,,,,,,,,,,,,,,,,,,,,,,,,,,,,,,,,,,,,,
,,,,,,,,,,,,,,,,,,,,,,,,,,,,,,,,,,,,,,,,,,,,,,,,,,,,,,,,,,,
,,,,,,,,,,,,,,,,,,,,,,,,,,,,,,,,,,,,,,,,,,,,,,,,,,,,,,,,,,,
,,,,,silica_dust_exposure,,,,,,,,,discrete_priors,silica_dust_exposure_yes,0.0002613636363636363,silica_dust_exposure_no,0.9997386363636364,,,,,,,,,,,,,,,,,,,,,,,,,,,,,,,,,,,,,,,,,
,,,,,organochlorine_insecticides_exposure,,,,,,,,,discrete_priors,organochlorine_insecticides_exposure_yes,0.15,organochlorine_insecticides_exposure_no,0.85,,,,,,,,,,,,,,,,,,,,,,,,,,,,,,,,,,,,,,,,,
,,,,,,,,,,,,,,,,,,,,,,,,,,,,,,,,,,,,,,,,,,,,,,,,,,,,,,,,,,,
,,,,,chlorinated_hydrocarbon_exposure,organochlorine_insecticides_exposure,organochlorine_insecticides_exposure_yes,,,,,,,is_a,,,,,,,,,,,,,,,,,,,,,,,,,,,,,,,,,,,,,,,,,,,,,
,,,,,chlorinated_hydrocarbon_exposure,,,,,,,,,dependency_priors,chlorinated_hydrocarbon_exposure_yes,0.2,chlorinated_hydrocarbon_exposure_no,0.8,,,,,,,,,,,,,,,,,,,,,,,,,,,,,,,,,,,,,,,,,
,,,,,,,,,,,,,,,,,,,,,,,,,,,,,,,,,,,,,,,,,,,,,,,,,,,,,,,,,,,
,,,,,aliphatic_alicyclic_hydrocarbon_exposure,polycyclic_aromatic_hydrocarbons_exposure,polycyclic_aromatic_hydrocarbons_exposure_yes,,,,,,,is_a,,,,,,,,,,,,,,,,,,,,,,,,,,,,,,,,,,,,,,,,,,,,,
,,,,,aliphatic_alicyclic_hydrocarbon_exposure,,,,,,,,,dependency_priors,aliphatic_alicyclic_hydrocarbon_exposure_yes,0.05,aliphatic_alicyclic_hydrocarbon_exposure_no,0.95,,,,,,,,,,"[prior-calibration] Priors were 0.6/0.4, making net-baseline P(yes)=0.60 - too high for occupational aliphatic/alicyclic hydrocarbon exposure. Flipped to 0.05/0.95 matching study-population occupational prevalence. Was: 0.60.",,,,,,,,,,,,,,,,,,,,,,,,,,,,,,,
,,,,,,,,,,,,,,,,,,,,,,,,,,,,,,,,,,,,,,,,,,,,,,,,,,,,,,,,,,,
,,1.3,0.5,RR,chemical_pc_risk,aliphatic_alicyclic_hydrocarbon_exposure,aliphatic_alicyclic_hydrocarbon_exposure_yes,,,,,1.3,0.5,pancreatic_cancer,,,,,,,,,,,,,"https://pubmed.ncbi.nlm.nih.gov/10769297/ - Ojajärvi et al 2000 Occup Environ Med, 'Occupational exposures and pancreatic cancer: a meta-analysis'.",[overnight] promoted from pc_hydrocarbon_exposure to chemical_pc_risk direct; bypasses saturating any_of aggregator [2026-05-10 citation corrected: fake PMID 1739949 replaced with verified meta-analysis],,,,,,,,,,,,,,,,,,,,,,,,,,,,288389.0,meta-analysis,occupational cohort/case-control,"POPULATION-LIMITED: occupational cohort/case-control study (Ojajarvi 1997 PMID:10769297 via meta). NHANES doesn't track occupational chemical exposure, so the base rates this study conditions on aren't represented in the NHANES-conditioned CPT. Current behavior: subset constraints flag this as WRONG direction (query RR ≈ 1.0 vs study RR 1.3-1.7). This is expected - to resolve, either (a) find a population-based pancreatic-cancer chemical-exposure meta, or (b) accept the chain as occupational-context only and exclude from NHANES fidelity scoring. Documented 2026-04-18."
,,1.5,0.6,RR,chemical_pc_risk,polycyclic_aromatic_hydrocarbons_exposure,polycyclic_aromatic_hydrocarbons_exposure_yes,,,,,1.5,0.6,pancreatic_cancer,,,,,,,,,,,,,"https://pubmed.ncbi.nlm.nih.gov/10769297/ - Ojajärvi et al 2000 Occup Environ Med, 'Occupational exposures and pancreatic cancer: a meta-analysis'.",[overnight] promoted from pc_hydrocarbon_exposure to chemical_pc_risk direct; bypasses saturating any_of aggregator [2026-05-10 citation corrected: fake PMID 1739949 replaced with verified meta-analysis],,,,,,,,,,,,,,,,,,,,,,,,,,,,288389.0,meta-analysis,occupational cohort/case-control,"POPULATION-LIMITED: occupational cohort/case-control study (Ojajarvi 1997 PMID:10769297 via meta). NHANES doesn't track occupational chemical exposure, so the base rates this study conditions on aren't represented in the NHANES-conditioned CPT. Current behavior: subset constraints flag this as WRONG direction (query RR ≈ 1.0 vs study RR 1.3-1.7). This is expected - to resolve, either (a) find a population-based pancreatic-cancer chemical-exposure meta, or (b) accept the chain as occupational-context only and exclude from NHANES fidelity scoring. Documented 2026-04-18."
,,1.4,0.4,RR,chemical_pc_risk,chlorinated_hydrocarbon_exposure,chlorinated_hydrocarbon_exposure_yes,,,,,1.4,0.4,pancreatic_cancer,,,,,,,,,,,,,"https://pubmed.ncbi.nlm.nih.gov/10769297/ - Ojajärvi et al 2000 Occup Environ Med, 'Occupational exposures and pancreatic cancer: a meta-analysis'.",[overnight] promoted from pc_hydrocarbon_exposure to chemical_pc_risk direct; bypasses saturating any_of aggregator [2026-05-10 citation corrected: fake PMID 1739949 replaced with verified meta-analysis],,,,,,,,,,,,,,,,,,,,,,,,,,,,288389.0,meta-analysis,occupational cohort/case-control,"POPULATION-LIMITED: occupational cohort/case-control study (Ojajarvi 1997 PMID:10769297 via meta). NHANES doesn't track occupational chemical exposure, so the base rates this study conditions on aren't represented in the NHANES-conditioned CPT. Current behavior: subset constraints flag this as WRONG direction (query RR ≈ 1.0 vs study RR 1.3-1.7). This is expected - to resolve, either (a) find a population-based pancreatic-cancer chemical-exposure meta, or (b) accept the chain as occupational-context only and exclude from NHANES fidelity scoring. Documented 2026-04-18.

Prior audit: VERIFIED OK: CHC->pancreatic MRR=1.4(1.0-1.8), D=0.40 matches hw. PMID:10769297"
,,1.5,0.9,RR,chemical_pc_risk,organochlorine_insecticides_exposure,organochlorine_insecticides_exposure_yes,,,,,1.5,0.9,pancreatic_cancer,,,,,,,,,,,,,"https://pubmed.ncbi.nlm.nih.gov/10769297/ - Ojajärvi et al 2000 Occup Environ Med, 'Occupational exposures and pancreatic cancer: a meta-analysis'.",[overnight] promoted from pc_hydrocarbon_exposure to chemical_pc_risk direct; bypasses saturating any_of aggregator [2026-05-10 citation corrected: fake PMID 1739949 replaced with verified meta-analysis],,,,,,,,,,,,,,,,,,,,,,,,,,,,288389.0,meta-analysis,occupational cohort/case-control,"POPULATION-LIMITED: occupational cohort/case-control study (Ojajarvi 1997 PMID:10769297 via meta). NHANES doesn't track occupational chemical exposure, so the base rates this study conditions on aren't represented in the NHANES-conditioned CPT. Current behavior: subset constraints flag this as WRONG direction (query RR ≈ 1.0 vs study RR 1.3-1.7). This is expected - to resolve, either (a) find a population-based pancreatic-cancer chemical-exposure meta, or (b) accept the chain as occupational-context only and exclude from NHANES fidelity scoring. Documented 2026-04-18.

Prior audit: FIXED: pm 0.9->1.55. CHC->pancreatic MRR=1.5(0.6-3.7). Verified vs PMID:10769297"
,,,,,,,,,,,,,,,,,,,,,,,,,,,,[overnight] pc_hydrocarbon_exposure def removed (aggregator bypassed),,,,,,,,,,,,,,,,,,,,,,,,,,,,,,,
,,,,,,,,,,,,,,,,,,,,,,,,,,,,,,,,,,,,,,,,,,,,,,,,,,,,,,,,,,,
,,1.4,0.7,RR,chemical_pc_risk,chromium_ug_L,chromium_ug_L_quartile_4,,,,,1.4,0.7,pancreatic_cancer,,,,,,,,,,,,,"https://pubmed.ncbi.nlm.nih.gov/10769297/ - Ojajärvi et al 2000 Occup Environ Med, 'Occupational exposures and pancreatic cancer: a meta-analysis'.",[overnight] promoted from pc_industrial_chemical_exposure to chemical_pc_risk direct; bypasses saturating any_of aggregator [2026-05-10 citation corrected: fake PMID 1739949 replaced with verified meta-analysis],,,,,,,,,,,,,,,,,,,,,,,,,,,,288389.0,meta-analysis,occupational cohort/case-control,"POPULATION-LIMITED: occupational cohort/case-control study (Ojajarvi 1997 PMID:10769297 via meta). NHANES doesn't track occupational chemical exposure, so the base rates this study conditions on aren't represented in the NHANES-conditioned CPT. Current behavior: subset constraints flag this as WRONG direction (query RR ≈ 1.0 vs study RR 1.3-1.7). This is expected - to resolve, either (a) find a population-based pancreatic-cancer chemical-exposure meta, or (b) accept the chain as occupational-context only and exclude from NHANES fidelity scoring. Documented 2026-04-18.

Prior audit: FIXED: pm 0.5->0.70. chromium->pancreatic MRR=1.4(0.9-2.3). Verified vs PMID:10769297"
,,1.7,0.7,RR,chemical_pc_risk,nickel_exposure,nickel_exposure_yes,,,,,1.7,0.7,pancreatic_cancer,,,,,,,,,,,,,"https://pubmed.ncbi.nlm.nih.gov/10769297/ - Ojajärvi et al 2000 Occup Environ Med, 'Occupational exposures and pancreatic cancer: a meta-analysis'.",[overnight] promoted from pc_industrial_chemical_exposure to chemical_pc_risk direct; bypasses saturating any_of aggregator [2026-05-10 citation corrected: fake PMID 1739949 replaced with verified meta-analysis],,,,,,,,,,,,,,,,,,,,,,,,,,,,288389.0,meta-analysis,occupational cohort/case-control,"POPULATION-LIMITED: occupational cohort/case-control study (Ojajarvi 1997 PMID:10769297 via meta). NHANES doesn't track occupational chemical exposure, so the base rates this study conditions on aren't represented in the NHANES-conditioned CPT. Current behavior: subset constraints flag this as WRONG direction (query RR ≈ 1.0 vs study RR 1.3-1.7). This is expected - to resolve, either (a) find a population-based pancreatic-cancer chemical-exposure meta, or (b) accept the chain as occupational-context only and exclude from NHANES fidelity scoring. Documented 2026-04-18."
,,1.4,0.5,RR,chemical_pc_risk,silica_dust_exposure,silica_dust_exposure_yes,,,,,1.4,0.5,pancreatic_cancer,,,,,,,,,,,,,"https://pubmed.ncbi.nlm.nih.gov/10769297/ - Ojajärvi et al 2000 Occup Environ Med, 'Occupational exposures and pancreatic cancer: a meta-analysis'.",[overnight] promoted from pc_industrial_chemical_exposure to chemical_pc_risk direct; bypasses saturating any_of aggregator [2026-05-10 citation corrected: fake PMID 1739949 replaced with verified meta-analysis],,,,,,,,,,,,,,,,,,,,,,,,,,,,288389.0,meta-analysis,occupational cohort/case-control,"POPULATION-LIMITED: occupational cohort/case-control study (Ojajarvi 1997 PMID:10769297 via meta). NHANES doesn't track occupational chemical exposure, so the base rates this study conditions on aren't represented in the NHANES-conditioned CPT. Current behavior: subset constraints flag this as WRONG direction (query RR ≈ 1.0 vs study RR 1.3-1.7). This is expected - to resolve, either (a) find a population-based pancreatic-cancer chemical-exposure meta, or (b) accept the chain as occupational-context only and exclude from NHANES fidelity scoring. Documented 2026-04-18."
,,,,,,,,,,,,,,,,,,,,,,,,,,,,[overnight] pc_industrial_chemical_exposure def removed (aggregator bypassed),,,,,,,,,,,,,,,,,,,,,,,,,,,,,,,
,,,,,,,,,,,,,,,,,,,,,,,,,,,,,,,,,,,,,,,,,,,,,,,,,,,,,,,,,,,
,,1.404928,0.3437200000000002,RR,bmi_pc_risk,bmi,bmi_over_30_obesity,,,,,1.404928,0.3437200000000002,pancreatic_cancer,,,,,,,,,,,,,"<science><title>Body-mass index and incidence of cancer: a systematic review and meta-analysis of prospective observational studies</>Andrew G Renehan, Margaret Tyson, Matthias Egger, Richard F Heller, Marcel Zwahlen<source>Lancet</>2008 Feb 16;371(9612):569-78<link>https://pubmed.ncbi.nlm.nih.gov/18280327/</></>",,,,,,,,,,,,,,,,,,,,,,,,,,,,,5240000.0,meta-analysis,UK Clinical Practice Research Datalink,VERIFIED OK: Lancet BMI-cancer extrapolation (RR per 5 kg/m2). PMID:18280327
,,1.573519360000001,0.4910872000000006,RR,bmi_pc_risk,bmi_naive,bmi_40_and_over_severe_obesity,,,,,1.573519360000001,0.4910872000000006,pancreatic_cancer,,,,,,,,,,,,,"<science><title>Body-mass index and incidence of cancer: a systematic review and meta-analysis of prospective observational studies</>Andrew G Renehan, Margaret Tyson, Matthias Egger, Richard F Heller, Marcel Zwahlen<source>Lancet</>2008 Feb 16;371(9612):569-78<link>https://pubmed.ncbi.nlm.nih.gov/18280327/</></>",,,,,,,,,,,,,,,,,,,,,,,,,,,,,5240000.0,meta-analysis,UK Clinical Practice Research Datalink,VERIFIED OK: Lancet BMI-cancer extrapolation (RR per 5 kg/m2). PMID:18280327
,,1.12,0.1000000000000001,RR,bmi_pc_risk,bmi_naive,bmi_25_to_29_overweight,,,,,1.12,0.1,pancreatic_cancer,,,,,,,,,,,,,"<science><title>Body-mass index and incidence of cancer: a systematic review and meta-analysis of prospective observational studies</>Andrew G Renehan, Margaret Tyson, Matthias Egger, Richard F Heller, Marcel Zwahlen<source>Lancet</>2008 Feb 16;371(9612):569-78<link>https://pubmed.ncbi.nlm.nih.gov/18280327/</></>",,,,,,,,,,,,,,,,,,,,,,,,,,,,,5240000.0,meta-analysis,UK Clinical Practice Research Datalink,
,,,,,bmi_pc_risk,,,,,,,,,any_of,bmi_pc_risk_yes,,bmi_pc_risk_no,,,,,,,,,,,,,,,,,,,,,,,,,,,,,,,,,,,,,,,,,,
,,,,,,,,,,,,,,,,,,,,,,,,,,,,,,,,,,,,,,,,,,,,,,,,,,,,,,,,,,,
,,,,,,,,,,,,,,,,,,,,,,,,,,,,[overnight] chemical_pc_risk <- pc_industrial edge removed (aggregator bypassed),,,,,,,,,,,,,,,,,,,,,,,,,,,,,,,
,,,,,,,,,,,,,,,,,,,,,,,,,,,,[overnight] chemical_pc_risk <- pc_hydrocarbon edge removed (aggregator bypassed),,,,,,,,,,,,,,,,,,,,,,,,,,,,,,,
,,,,,chemical_pc_risk,,,,,,,,,any_of,chemical_pc_risk_yes,,chemical_pc_risk_no,,,,,,,,,,,,,,,,,,,,,,,,,,,,,,,,,,,,,,,,,,
,,,,,,,,,,,,,,,,,,,,,,,,,,,,,,,,,,,,,,,,,,,,,,,,,,,,,,,,,,,
,,,,,pancreatic_cancer,chemical_pc_risk,chemical_pc_risk_yes,,,,,,,distal,,,,,,,,,,,,,,,,,,,,,,,,,,,,,,,,,,,,,,,,,,,,,
,,,,,pancreatic_cancer,,,,,,,,,dependency_nhanes_explicit,pancreatic_cancer_yes,29,pancreatic_cancer_no,"0-28,30-99,missing",,,,,,,MCQ230A,,,,,,,,,,,,,,,,,,,,,,,,,,,,,,,,,,
,,,,,,,,,,,,,,,,,,,,,,,,,,,,,,,,,,,,,,,,,,,,,,,,,,,,,,,,,,,
,,,,,,,,,,,,,,,,,,,,,,,,,,,,,,,,,,,,,,,,,,,,,,,,,,,,,,,,,,,
,,,,,thyroid_cancer,,,,,,,,,,,,,,,,,,,,,,"<science><title>Body-mass index and incidence of cancer: a systematic review and meta-analysis of prospective observational studies</>Andrew G Renehan, Margaret Tyson, Matthias Egger, Richard F Heller, Marcel Zwahlen<source>Lancet</>2008 Feb 16;371(9612):569-78<link>https://pubmed.ncbi.nlm.nih.gov/18280327/</></>",[autofill-debug] bmi row blanked for thyroid_cancer; double-counting with bmi_naive caused direction flip,,,,,,,,,,,,,,,,,,,,,,,,,,,,5240000.0,meta-analysis,UK Clinical Practice Research Datalink,VERIFIED OK: Lancet BMI-cancer extrapolation (RR per 5 kg/m2). PMID:18280327
,,3.129007210000001,1.95914865,RR,thyroid_cancer,bmi_naive,bmi_40_and_over_severe_obesity,,,,,3.129007210000001,1.95914865,,,,,,,,,,,,,,"<science><title>Body-mass index and incidence of cancer: a systematic review and meta-analysis of prospective observational studies</>Andrew G Renehan, Margaret Tyson, Matthias Egger, Richard F Heller, Marcel Zwahlen<source>Lancet</>2008 Feb 16;371(9612):569-78<link>https://pubmed.ncbi.nlm.nih.gov/18280327/</></>",,,,,,,,,,,,,,,,,,,,,,,,,,,,,5240000.0,meta-analysis,UK Clinical Practice Research Datalink,VERIFIED OK: Lancet BMI-cancer extrapolation (RR per 5 kg/m2). PMID:18280327
,,1.33,0.29,RR,thyroid_cancer,bmi_naive,bmi_25_to_29_overweight,,,,,1.33,0.29,,,,,,,,,,,,,,"<science><title>Body-mass index and incidence of cancer: a systematic review and meta-analysis of prospective observational studies</>Andrew G Renehan, Margaret Tyson, Matthias Egger, Richard F Heller, Marcel Zwahlen<source>Lancet</>2008 Feb 16;371(9612):569-78<link>https://pubmed.ncbi.nlm.nih.gov/18280327/</></>",,,,,,,,,,,,,,,,,,,,,,,,,,,,,5240000.0,meta-analysis,UK Clinical Practice Research Datalink,
,,,,,thyroid_cancer,,,,,,,,,dependency_nhanes_explicit,thyroid_cancer_yes,37,thyroid_cancer_no,"0-36,38-99,missing",,,,,,,MCQ230A,,,,,,,,,,,,,,,,,,,,,,,,,,,,,,,,,,
,,,,,,,,,,,,,,,,,,,,,,,,,,,,,,,,,,,,,,,,,,,,,,,,,,,,,,,,,,,
,,,,,,,,,,,,,,,,,,,,,,,,,,,,,,,,,,,,,,,,,,,,,,,,,,,,,,,,,,,
,,,,,breast_cancer,,,,,,,,,,,,,,,,,,,,,,"<science><title>Body-mass index and incidence of cancer: a systematic review and meta-analysis of prospective observational studies</>Andrew G Renehan, Margaret Tyson, Matthias Egger, Richard F Heller, Marcel Zwahlen<source>Lancet</>2008 Feb 16;371(9612):569-78<link>https://pubmed.ncbi.nlm.nih.gov/18280327/</></>",[autofill-debug] bmi row blanked for breast_cancer; double-counting with bmi_naive caused direction flip,,,,,,,,,,,,,,,,,,,,,,,,,,,,5240000.0,meta-analysis,UK Clinical Practice Research Datalink,
,,1.573519360000001,0.2130304000000003,RR,breast_cancer,bmi_naive,bmi_40_and_over_severe_obesity,,,,,1.573519360000001,0.2130304000000003,,,,,,,,,,,,,,"<science><title>Body-mass index and incidence of cancer: a systematic review and meta-analysis of prospective observational studies</>Andrew G Renehan, Margaret Tyson, Matthias Egger, Richard F Heller, Marcel Zwahlen<source>Lancet</>2008 Feb 16;371(9612):569-78<link>https://pubmed.ncbi.nlm.nih.gov/18280327/</></>",,,,,,,,,,,,,,,,,,,,,,,,,,,,,5240000.0,meta-analysis,UK Clinical Practice Research Datalink,
,,1.12,0.04,RR,breast_cancer,bmi_naive,bmi_25_to_29_overweight,,,,,1.12,0.04,,,,,,,,,,,,,,"<science><title>Body-mass index and incidence of cancer: a systematic review and meta-analysis of prospective observational studies</>Andrew G Renehan, Margaret Tyson, Matthias Egger, Richard F Heller, Marcel Zwahlen<source>Lancet</>2008 Feb 16;371(9612):569-78<link>https://pubmed.ncbi.nlm.nih.gov/18280327/</></>",,,,,,,,,,,,,,,,,,,,,,,,,,,,,5240000.0,meta-analysis,UK Clinical Practice Research Datalink,
,,,,,,,,,,,,,,,,,,,,,,,,,,,,"[BLANKED 2026-05-13 dep_distal restructure cycle 18] Was: breast_cancer ← c_reactive_protein_mg_L (raw NHANES, RR=1.227623419798858). Replaced by breast_cancer ← crp_elevated_concept (the existing dep_distal wrapper, rows 2463-2465 with Choi 2013 connecting study). May-13 audit gap on parent-pair (bmi_naive, c_reactive_protein_mg_L) was +0.491 (network +0.001 vs NHANES +0.492). Routing through the wrapper lets Choi 2013's BMI×CRP correlation reach breast_cancer's CPT cell. Original comment: [autofill Apr-20] col A updated to NHANES P0 per , 2026 convention",,,,,,,,,,,,,,,,,,,,,,,,,,,,,,,
,,,,,breast_cancer,,,,,,,,,dependency_nhanes_explicit,breast_cancer_yes,14,breast_cancer_no,"0-13,15-99,missing",,,,,,,MCQ230A,,,,,,,,,,,,,,,,,,,,,,,,,,,,,,,,,,
,,,,,,,,,,,,,,,,,,,,,,,,,,,,,,,,,,,,,,,,,,,,,,,,,,,,,,,,,,,
,,,,,glandular_cancer,breast_cancer,breast_cancer_yes,,,,,,,,,,,,,,,,,,,,,,,,,,,,,,,,,,,,,,,,,,,,,,,,,,,,
,,,,,glandular_cancer,thyroid_cancer,thyroid_cancer_yes,,,,,,,,,,,,,,,,,,,,,,,,,,,,,,,,,,,,,,,,,,,,,,,,,,,,
,,,,,glandular_cancer,pancreatic_cancer,pancreatic_cancer_yes,,,,,,,,,,,,,,,,,,,,,,,,,,,,,,,,,,,,,,,,,,,,,,,,,,,,
,,,,,glandular_cancer,,,,,,,,,any_of,glandular_cancer_yes,,glandular_cancer_no,,,,,,,,,,,,,,,,,,,,,,,,,,,,,,,,,,,,,,,,,,
,,,,,,,,,,,,,,,,,,,,,,,,,,,,,,,,,,,,,,,,,,,,,,,,,,,,,,,,,,,
,,,,,,,,,,,,,,,,,,,,,,,,,,,,,,,,,,,,,,,,,,,,,,,,,,,,,,,,,,,
,,,,,endometrium_cancer,,,,,,,,,,,,,,,,,,,,,,"<science><title>Body-mass index and incidence of cancer: a systematic review and meta-analysis of prospective observational studies</>Andrew G Renehan, Margaret Tyson, Matthias Egger, Richard F Heller, Marcel Zwahlen<source>Lancet</>2008 Feb 16;371(9612):569-78<link>https://pubmed.ncbi.nlm.nih.gov/18280327/</></>",[autofill-debug] bmi row blanked for endometrium_cancer; double-counting with bmi_naive caused direction flip,,,,,,,,,,,,,,,,,,,,,,,,,,,,5240000.0,meta-analysis,UK Clinical Practice Research Datalink,
,,6.391289610000001,1.328789610000001,RR,endometrium_cancer,bmi_naive,bmi_40_and_over_severe_obesity,,,,,6.391289610000001,1.3287896100000012,,,,,,,,,,,,,,"<science><title>Body-mass index and incidence of cancer: a systematic review and meta-analysis of prospective observational studies</>Andrew G Renehan, Margaret Tyson, Matthias Egger, Richard F Heller, Marcel Zwahlen<source>Lancet</>2008 Feb 16;371(9612):569-78<link>https://pubmed.ncbi.nlm.nih.gov/18280327/</></>",,,,,,,,,,,,,,,,,,,,,,,,,,,,,5240000.0,meta-analysis,UK Clinical Practice Research Datalink,
,,1.59,0.09,RR,endometrium_cancer,bmi_naive,bmi_25_to_29_overweight,,,,,1.59,0.09,,,,,,,,,,,,,,"<science><title>Body-mass index and incidence of cancer: a systematic review and meta-analysis of prospective observational studies</>Andrew G Renehan, Margaret Tyson, Matthias Egger, Richard F Heller, Marcel Zwahlen<source>Lancet</>2008 Feb 16;371(9612):569-78<link>https://pubmed.ncbi.nlm.nih.gov/18280327/</></>",,,,,,,,,,,,,,,,,,,,,,,,,,,,,5240000.0,meta-analysis,UK Clinical Practice Research Datalink,
,,,,,endometrium_cancer,,,,,,,,,dependency_priors,endometrium_cancer_yes,0.028,endometrium_cancer_no,0.972,,,,,,,,,,,,,,,,,,,,,,,,,,,,,,,,,,,,,,,,,
,,,,,,,,,,,,,,,,,,,,,,,,,,,,,,,,,,,,,,,,,,,,,,,,,,,,,,,,,,,
0.001171766684258,,1.41,0.35,OR,ovarian_cancer,c_reactive_protein_mg_L,c_reactive_protein_mg_L_high_above_2,,,,,1.409322926962198,0.3493974460841751,,,,,,,,,,,,,,"<science><title>Chronic inflammation towards cancer incidence: A systematic review and meta-analysis of epidemiological studies</>Nathalie Michels, Carola van Aart, Jens Morisse, Amy Mullee, Inge Huybrechts<source>Crit Rev Oncol Hematol</>2021 Jan;157:103177<link>https://pubmed.ncbi.nlm.nih.gov/33264718/</></>","FIXED: D was 0.31, should be 0.35. CRP->ovarian OR=1.41 (1.10-1.80), pm=0.350. PMID:33264718.; [autofill Apr-20] col A updated to NHANES P0 per , 2026 convention",,,,,,,,,,,,,,,,,,,,,,,,,,,,42.0,meta-analysis,mixed studies,FIXED: pm 0.31->0.35. CRP->ovarian OR=1.41(1.10-1.80). Verified vs PMID:33264718
,,,,,ovarian_cancer,,,,,,,,,dependency_nhanes_explicit,ovarian_cancer_yes,28,ovarian_cancer_no,"0-27,29-99,missing",,,,,,,MCQ230A,,,,,,,,,,,,,,,,,,,,,,,,,,,,,,,,,,
,,,,,,,,,,,,,,,,,,,,,,,,,,,,,,,,,,,,,,,,,,,,,,,,,,,,,,,,,,,
0.0083723176829431,,1.09,0.06,HR,prostate_cancer,c_reactive_protein_mg_L,c_reactive_protein_mg_L_high_above_2,,,,,1.0895882907089374,0.0597179946312964,,,,,,,,,,,,,,"<science><title>Chronic inflammation towards cancer incidence: A systematic review and meta-analysis of epidemiological studies</>Nathalie Michels, Carola van Aart, Jens Morisse, Amy Mullee, Inge Huybrechts<source>Crit Rev Oncol Hematol</>2021 Jan;157:103177<link>https://pubmed.ncbi.nlm.nih.gov/33264718/</></>","[autofill Apr-20] col A updated to NHANES P0 per , 2026 convention",,,,,,,,,,,,,,,,,,,,,,,,,,,,42.0,meta-analysis,mixed studies,VERIFIED OK: inflammation->cancer meta-analysis. PMID:33264718
0.151057402,,1.29,0.13,OR,prostate_cancer,IGF1_ng_ml,IGF1_ng_ml_quartile_4_above_210,,,,,1.2358610708474074,0.1032357021489873,,,,,,,,,,,,,,"<science><title>A Meta-analysis of Individual Participant Data Reveals an Association between Circulating Levels of IGF-I and Prostate Cancer Risk</>Ruth C Travis, Paul N Appleby, Richard M Martin, Jeff M P Holly, Demetrius Albanes<source>Cancer Res</>2016 Apr 15;76(8):2288-2300<link>https://pubmed.ncbi.nlm.nih.gov/26921328/</></>","[autofill Apr-20] col A updated to NHANES P0 per , 2026 convention",,,,,,,,,,,,,,,,,,,,,,,,,,,,17.0,meta-analysis,individual participant data meta-analysis,
,,,,,prostate_cancer,,,,,,,,,dependency_nhanes_explicit,prostate_cancer_yes,30,prostate_cancer_no,"0-29,31-99,missing",,,,,,,MCQ230A,,,,,,,,,,,,,,,,,,,,,,,,,,,,,,,,,,
,,,,,,,,,,,,,,,,,,,,,,,,,,,,,,,,,,,,,,,,,,,,,,,,,,,,,,,,,,,
,,,,,,,,,,,,,,,,,,,,,,,,,,,,,,,,,,,,,,,,,,,,,,,,,,,,,,,,,,,
,,,,,reproductive_cancer,endometrium_cancer,endometrium_cancer_yes,,,,,,,,,,,,,,,,,,,,,,,,,,,,,,,,,,,,,,,,,,,,,,,,,,,,
,,,,,reproductive_cancer,ovarian_cancer,ovarian_cancer_yes,,,,,,,,,,,,,,,,,,,,,,,,,,,,,,,,,,,,,,,,,,,,,,,,,,,,
,,,,,reproductive_cancer,prostate_cancer,prostate_cancer_yes,,,,,,,,,,,,,,,,,,,,,,,,,,,,,,,,,,,,,,,,,,,,,,,,,,,,
,,,,,reproductive_cancer,,,,,,,,,any_of,reproductive_cancer_yes,,reproductive_cancer_no,,,,,,,,,,,,,,,,,,,,,,,,,,,,,,,,,,,,,,,,,,
,,,,,,,,,,,,,,,,,,,,,,,,,,,,,,,,,,,,,,,,,,,,,,,,,,,,,,,,,,,
,,,,,endocrine_cancer,glandular_cancer,glandular_cancer_yes,,,,,,,,,,,,,,,,,,,,,,,,,,,,,,,,,,,,,,,,,,,,,,,,,,,,
,,,,,endocrine_cancer,reproductive_cancer,reproductive_cancer_yes,,,,,,,,,,,,,,,,,,,,,,,,,,,,,,,,,,,,,,,,,,,,,,,,,,,,
,,,,,endocrine_cancer,,,,,,,,,any_of,endocrine_cancer_yes,,endocrine_cancer_no,,,,,,,,,,,,,,,,,,,,,,,,,,,,,,,,,,,,,,,,,,
,,,,,,,,,,,,,,,,,,,,,,,,,,,,,,,,,,,,,,,,,,,,,,,,,,,,,,,,,,,
,,,,,cancer_subtypes,endocrine_cancer,endocrine_cancer_yes,,,,,,,,,,,,,,,,,,,,,,,,,,,,,,,,,,,,,,,,,,,,,,,,,,,,
,,,,,cancer_subtypes,hematologic_cancer,hematologic_cancer_yes,,,,,,,,,,,,,,,,,,,,,,,,,,,,,,,,,,,,,,,,,,,,,,,,,,,,
,,,,,cancer_subtypes,digestive_cancer,digestive_cancer_yes,,,,,,,,,,,,,,,,,,,,,,,,,,,,,,,,,,,,,,,,,,,,,,,,,,,,
,,,,,cancer_subtypes,respiratory_cancer,respiratory_cancer_yes,,,,,,,,,,,,,,,,,,,,,,,,,,,,,,,,,,,,,,,,,,,,,,,,,,,,
,,,,,cancer_subtypes,skin_cancer,skin_cancer_yes,,,,,,,,,,,,,,,,,,,,,,,,,,,,,,,,,,,,,,,,,,,,,,,,,,,,
,,,,,cancer_subtypes,,,,,,,,,any_of,cancer_subtypes_yes,,cancer_subtypes_no,,,,,,,,,,,,,,,,,,,,,,,,,,,,,,,,,,,,,,,,,,
,,,,,,,,,,,,,,,,,,,,,,,,,,,,,,,,,,,,,,,,,,,,,,,,,,,,,,,,,,,
0.000139859,,1.35,0.19,HR,cancer_biomarkers,c_reactive_protein_mg_L,c_reactive_protein_mg_L_high_above_2,,,,,1.349966957310287,0.1899799367332955,cancer,,,,,,,,,,,,,"<science><title>Chronic inflammation towards cancer incidence: A systematic review and meta-analysis of epidemiological studies</>Nathalie Michels, Carola van Aart, Jens Morisse, Amy Mullee, Inge Huybrechts<source>Crit Rev Oncol Hematol</>2021 Jan;157:103177<link>https://pubmed.ncbi.nlm.nih.gov/33264718/</></>",,,,,,,,,,,,,,,,,,,,,,,,,,,,,42.0,meta-analysis,mixed studies,VERIFIED OK: inflammation->cancer meta-analysis. PMID:33264718
0.48,,1.22,0.15,OR,cancer_biomarkers,fibrinogen_mg_dL,fibrinogen_mg_dL_quartile_4_above_289,,,,,1.1034732272069463,0.0682565089406925,cancer,,,,,,,,,,,,,"<science><title>Chronic inflammation towards cancer incidence: A systematic review and meta-analysis of epidemiological studies</>Nathalie Michels, Carola van Aart, Jens Morisse, Amy Mullee, Inge Huybrechts<source>Crit Rev Oncol Hematol</>2021 Jan;157:103177<link>https://pubmed.ncbi.nlm.nih.gov/33264718/</></>",,,,,,,,,,,,,,,,,,,,,,,,,,,,,42.0,meta-analysis,mixed studies,VERIFIED OK: inflammation->cancer meta-analysis. PMID:33264718
0.179,,1.35,0.21,OR,cancer_biomarkers,hallmark_2_telomere_attrition_telomere_length_rtl,hallmark_2_telomere_attrition_telomere_length_rtl_below_.93,,,,,1.2704088834517482,0.158278861794479,cancer,,,,,,,,,,,,,"<science><title>Shortened telomere length is associated with increased risk of cancer: a meta-analysis</>Hongxia Ma, Ziyuan Zhou, Sheng Wei, Zhensheng Liu, Karen A Pooley, Alison M Dunning, Ulrika Svenson, Göran Roos, H Dean Hosgood 3rd, Min Shen, Qingyi Wei<source>PLoS One</>2011;6(6):e20466<link>https://pubmed.ncbi.nlm.nih.gov/21695195/</></>",,,,,,,,,,,,,,,,,,,,,,,,,,,,,11255.0,meta-analysis,meta-analysis,
,,,,,cancer_biomarkers,,,,,,,,,any_of,cancer_biomarkers_yes,,cancer_biomarkers_no,,,,,,,,,,,,,,,,,,,,,,,,,,,,,,,,,,,,,,,,,,
,,,,,,,,,,,,,,,,,,,,,,,,,,,,,,,,,,,,,,,,,,,,,,,,,,,,,,,,,,,
,,,,,,,,,,,,,,,,,,,,,,,,,,,,,,,,,,,,,,,,,,,,,,,,,,,,,,,,,,,
,,,,,,,,,,,,,,,,,,,,,,,,,,,,,,,,,,,,,,,,,,,,,,,,,,,,,,,,,,,
,,1.030927835051547,0.02,RR,cancer_behaviors,diet_fruits_and_vegetables,diet_fruits_and_vegetables_no,,,,,1.030927835051547,0.02,cancer,,,,,,,,,,,,,"<science><title>Fruit and vegetable intake and the risk of cardiovascular disease, total cancer and all-cause mortality-a systematic review and dose-response meta-analysis of prospective studies</>Dagfinn Aune, Edward Giovannucci, Paolo Boffetta, Lars T Fadnes, NaNa Keum, Teresa Norat, Darren C Greenwood, Elio Riboli, Lars J Vatten, Serena Tonstad<source>International Journal of Epidemiology</>Volume 46, Issue 3, June 2017, Pages 1029-1056<link>https://academic.oup.com/ije/article/46/3/1029/3039477</></> [PMID 28338764; propagated from row-match via audit]",,,,,,,,,,,,,,,,,,,,,,,,,,,,,1498909.0,meta-analysis,prospective cohort studies,
0.08125,,1.13,0.08,HR,cancer_behaviors,sedentariness,sedentariness_high,,,,,1.1238859667439067,0.0760759384264357,cancer,,,,,,,,,,,,,"<science><title>Sedentary time and its association with risk for disease incidence, mortality, and hospitalization in adults: a systematic review and meta-analysis</>Aviroop Biswas, Paul I Oh, Guy E Faulkner, Ravi R Bajaj, Michael A Silver, Marc S Mitchell, David A Alter<source>Ann Intern Med</>2015 Jan 20;162(2):123-32<link>https://pubmed.ncbi.nlm.nih.gov/25599350/</></>","FIXED: D was 0.77 (wrong). Study reports cancer incidence HR=1.130 (95%CI 1.053-1.213), pm=0.08. Biswas 2015, PMID:25599350.",,,,,,,,,,,,,,,,,,,,,,,,,,,,14.0,meta-analysis,prospective cohort studies,VERIFIED OK: sedentary time meta-analysis. PMID:25599350
,,,,,cancer_behaviors,,,,,,,,,any_of,cancer_behaviors_yes,,cancer_behaviors_no,,,,,,,,,,,,,,,,,,,,,,,,,,,,,,,,,,,,,,,,,,
,,,,,,,,,,,,,,,,,,,,,,,,,,,,,,,,,,,,,,,,,,,,,,,,,,,,,,,,,,,
,,,,,,,,,,,,,,,,,,,,,,,,,,,,,,,,,,,,,,,,,,,,,,,,,,,,,,,,,,,
,,,,,cancer,cancer_behaviors,cancer_behaviors_yes,,,,,,,distal,,,,,,,,,,,,,,,,,,,,,,,,,,,,,,,,,,,,,,,,,,,,,
,,,,,cancer,cancer_biomarkers,cancer_biomarkers_yes,,,,,,,distal,,,,,,,,,,,,,,,,,,,,,,,,,,,,,,,,,,,,,,,,,,,,,
,,,,,cancer,cancer_subtypes,cancer_subtypes_yes,,,,,,,is_a,,,,,,,,,,,,,,,,,,,,,,,,,,,,,,,,,,,,,,,,,,,,,
,,,,,cancer,,,,,,,,,dependency_nhanes_explicit,cancer_yes,1,cancer_no,2,,,,,,,MCQ220,,,,,,,,,,,,,,,,,,,,,,,,,,,,,,,,,,
,,,,,,,,,,,,,,,,,,,,,,,,,,,,,,,,,,,,,,,,,,,,,,,,,,,,,,,,,,,
,,0.82,0.15,RR,prevent_cancer_mortality,vegetarian,vegetarian_yes,,,,,0.82,0.15,cancer_mortality,,,,,,,,,,,,,"<science><title>Cardiovascular disease mortality and cancer incidence in vegetarians: a meta-analysis and systematic review</>Huang, T., Yang, B., Zheng, J., Li, G., Wahlqvist, M. L., & Li, D<source>Annals of Nutrition and Metabolism</>2009 201360(4), 233-240<link>https://pubmed.ncbi.nlm.nih.gov/22677895/</></>",,,,,,,,,,,,,,,,,,,,,,,,,,,,,124706.0,meta-analysis,prospective cohort studies,
0.099,,0.83,0.09,HR,prevent_cancer_mortality,dietary_fiber_gm,dietary_fiber_gm_quartile_4,,,,,0.8372695794531971,0.0873260912547381,cancer_mortality,,,,,,,,,,,,,"<science><title>Fiber consumption and all-cause, cardiovascular, and cancer mortalities: a systematic review and meta-analysis of cohort studies</>Lihua Liu, Shan Wang, Jianchao Liu<source>Mol Nutr Food Res</>2015 Jan;59(1):139-46<link>https://pubmed.ncbi.nlm.nih.gov/25382817/</></>",,,,,,,,,,,,,,,,,,,,,,,,,,,,,1752848.0,meta-analysis,meta-analysis,
,,,,,prevent_cancer_mortality,,,,,,,,,any_of,prevent_cancer_mortality_yes,,prevent_cancer_mortality_no,,,,,,,,,1.0,,,,,,,,,,,,,,,,,,,,,,,,,,,,,,,,,
,,,,,,,,,,,,,,,,,,,,,,,,,,,,,,,,,,,,,,,,,,,,,,,,,,,,,,,,,,,
0.72,,2.18,0.75,HR,cause_cancer_mortality,tumor_matreotype,tumor_matreotype_positive,,,,,1.3022980370796142,0.1383682080667279,cancer_mortality,,,,,,,,,,,,,https://pubmed.ncbi.nlm.nih.gov/36404344/ - Parker 2022: Extracellular matrix profiles determine risk and prognosis of the squamous cell carcinomac subtype o,[2026-05-10 PMID extracted from <science><title> wrapper via quorum agent; both A+B agree],,,,,,,,,,,,,,,,,,,,,,,,,,,,,unknown,TCGA cohort,
0.026,,2.040816326530612,1.370816326530612,HR,cause_cancer_mortality,interleukin6_1beta_pg_mL,interleukin6_1beta_pg_mL_high_above_10_not,,,,,2.013212661721348,1.340304719997888,cancer_mortality,,,,,,,,,,,,,https://pubmed.ncbi.nlm.nih.gov/28855077/ - Ridker 2017: Effect of interleukin-1β inhibition with canakinumab on incident lung cancer in patients with athero,[2026-05-10 PMID extracted from <science><title> wrapper via quorum agent; both A+B agree],,,,,,,,,,,,,,,,,,,,,,,,,,,,10061.0,RCT,"CANTOS RCT, post-MI patients",
0.2,,1.67,1.17,HR,cause_cancer_mortality,eat_away_from_home,"eat_away_from_home_over_7_times_per_week,eat_away_from_home_4_to_7_times_per_week",,,,,1.5554675330637884,1.0276034880633675,cancer_mortality,,,,,,,,,,,,,"<science><title>Association Between Frequency of Eating Away-From-Home Meals and Risk of All-Cause and Cause-Specific Mortality</>Yang Du, Shuang Rong,Yangbo Sun<source>Journal of the Academy of Nutrition and Dietetics</>VOLUME 121, ISSUE 9, P1741-1749.E1, SEPTEMBER 01, 2021<link>https://www.jandonline.org/article/S2212-2672(21)00059-9/fulltext</></> [PMID 33775622; added 2026-04-18 via audit]","FIXED: D was 0.8 (lower CI distance). Correct: eat_out->cancer HR=1.67 (0.87-3.21), pm=1.17. PMID:33775622",,,,,,,,,,,,,,,,,,,,,,,,,,,,35084.0,unknown,NHANES cross-sectional,FIXED: pm 0.8->1.17. eat_out->cancer HR=1.67(0.87-3.21). Verified vs PMID:33775622
0.08125,,1.173,0.065,HR,cause_cancer_mortality,sedentariness,sedentariness_high,,,,,1.164564176612239,0.0615477061370088,cancer_mortality,,,,,,,,,,,,,"<science><title>Sedentary time and its association with risk for disease incidence, mortality, and hospitalization in adults: a systematic review and meta-analysis</>Aviroop Biswas, Paul I Oh, Guy E Faulkner, Ravi R Bajaj, Michael A Silver, Marc S Mitchell, David A Alter<source>Ann Intern Med</>2015 Jan 20;162(2):123-32<link>https://pubmed.ncbi.nlm.nih.gov/25599350/</></>",,,,,,,,,,,,,,,,,,,,,,,,,,,,,14.0,meta-analysis,prospective cohort studies,VERIFIED OK: sedentary time meta-analysis. PMID:25599350
,,1.21,0.1,RR,cause_cancer_mortality,long_sleep,long_sleep_yes,,,,,1.21,0.1,cancer_mortality,,,,,,,,,,,,,"<science><title>Sleep duration and mortality: a systematic review and meta-analysis</>Lisa Gallicchio, Bindu Kalesan<source>J Sleep Res</>2009 Jun;18(2):148-58<link>https://pubmed.ncbi.nlm.nih.gov/19645960/</></>",,,,,,,,,,,,,,,,,,,,,,,,,,,,,17.0,meta-analysis,prospective cohort studies,
,,,,,cause_cancer_mortality,,,,,,,,,any_of,cause_cancer_mortality_yes,,cause_cancer_mortality_no,,,,,,,,,,,,,,,,,,,,,,,,,,,,,,,,,,,,,,,,,,
,,,,,,,,,,,,,,,,,,,,,,,,,,,,,,,,,,,,,,,,,,,,,,,,,,,,,,,,,,,
,,,,,,,,,,,,,,,,,,,,,,,,,,,,,,,,,,,,,,,,,,,,,,,,,,,,,,,,,,,
,,,,,,,,,,,,,,,,,,,,,,,,,,,,,,,,,,,,,,,,,,,,,,,,,,,,,,,,,,,
,,,,,cancer_mortality,prevent_cancer_mortality,prevent_cancer_mortality_no,,,,,,,distal,,,,,,,,,,,,,,,,,,,,,,,,,,,,,,,,,,,,,,,,,,,,,
,,,,,cancer_mortality,cause_cancer_mortality,cause_cancer_mortality_yes,,,,,,,distal,,,,,,,,,,,,,,,,,,,,,,,,,,,,,,,,,,,,,,,,,,,,,
,,,,,cancer_mortality,,,,,,,,,dependency_priors,cancer_mortality_yes,0.146,cancer_mortality_no,0.854,,,,,,,,,,,,,,,,,,,,,,,,,,,,,,,,,,,,,,,,,
,,,,,,,,,,,,,,,,,,,,,,,,,,,,,,,,,,,,,,,,,,,,,,,,,,,,,,,,,,,
,,,,,,,,,,,,,,,,,,,,,,,,,,,,,,,,,,,,,,,,,,,,,,,,,,,,,,,,,,,
,,,,,,,,,,,,,,,,,,,,,,,,,,,,,,,,,,,,,,,,,,,,,,,,,,,,,,,,,,,
,,,,,,,,,,,,,,,,,,,,,,,,,,,,,,,,,,,,,,,,,,,,,,,,,,,,,,,,,,,
,,,,,,,,,,,,,,,,,,,,,,,,,,,,,,,,,,,,,,,,,,,,,,,,,,,,,,,,,,,
,,,,,,,,,,,,,,,,,,,,,,,,,,,,,,,,,,,,,,,,,,,,,,,,,,,,,,,,,,,
,,,,,,,,,,,,,,,,,,,,,,,,,,,,,,,,,,,,,,,,,,,,,,,,,,,,,,,,,,,
,,,,,,,,,,,,,,,,,,,,,,,,,,,,,,,,,,,,,,,,,,,,,,,,,,,,,,,,,,,
,,,,,,,,,,,,,,,,,,,,,,,,,,,,,,,,,,,,,,,,,,,,,,,,,,,,,,,,,,,
,,,,,,,,,,,,,,,,,,,,,,,,,,,,,,,,,,,,,,,,,,,,,,,,,,,,,,,,,,,
,,,,,,,,,,,,,,,,,,,,,,,,,,,,,,,,,,,,,,,,,,,,,,,,,,,,,,,,,,,
,,,,,,,,,,,,,,,,,,,,,,,,,,,,,,,,,,,,,,,,,,,,,,,,,,,,,,,,,,,
,,,,,,,,,,,,,,,,,,,,,,,,,,,,,,,,,,,,,,,,,,,,,,,,,,,,,,,,,,,
,,,,,,,,,,,,,,,,,,,,,,,,,,,,,,,,,,,,,,,,,,,,,,,,,,,,,,,,,,,
,,,,,,,,,,,,,,,,,,,,,,,,,,,,,,,,,,,,,,,,,,,,,,,,,,,,,,,,,,,
,,,,,,,,,,,,,,,,,,,,,,,,,,,,,,,,,,,,,,,,,,,,,,,,,,,,,,,,,,,
,,,,,,,,,,,,,,,,,,,,,,,,,,,,,,,,,,,,,,,,,,,,,,,,,,,,,,,,,,,
,,,,,,,,,,,,,,,,,,,,,,,,,,,,,,,,,,,,,,,,,,,,,,,,,,,,,,,,,,,
,,,,,,,,,,,,,,,,,,,,,,,,,,,,,,,,,,,,,,,,,,,,,,,,,,,,,,,,,,,
,,,,,,,,,,,,,,,,,,,,,,,,,,,,,,,,,,,,,,,,,,,,,,,,,,,,,,,,,,,
,,,,,,,,,,,,,,,,,,,,,,,,,,,,,,,,,,,,,,,,,,,,,,,,,,,,,,,,,,,
,,,,,,,,,,,,,,,,,,,,,,,,,,,,,,,,,,,,,,,,,,,,,,,,,,,,,,,,,,,
,,,,,,,,,,,,,,,,,,,,,,,,,,,,,,,,,,,,,,,,,,,,,,,,,,,,,,,,,,,
,,,,,,,,,,,,,,,,,,,,,,,,,,,,,,,,,,,,,,,,,,,,,,,,,,,,,,,,,,,
,,,,,,,,,,,,,,,,,,,,,,,,,,,,,,,,,,,,,,,,,,,,,,,,,,,,,,,,,,,
,,,,,,,,,,,,,,,,,,,,,,,,,,,,,,,,,,,,,,,,,,,,,,,,,,,,,,,,,,,
,,,,,,,,,,,,,,,,,,,,,,,,,,,,,,,,,,,,,,,,,,,,,,,,,,,,,,,,,,,
,,,,,,,,,,,,,,,,,,,,,,,,,,,,,,,,,,,,,,,,,,,,,,,,,,,,,,,,,,,
,,,,,,,,,,,,,,,,,,,,,,,,,,,,,,,,,,,,,,,,,,,,,,,,,,,,,,,,,,,
,,,,,,,,,,,,,,,,,,,,,,,,,,,,,,,,,,,,,,,,,,,,,,,,,,,,,,,,,,,
,,,,,,,,,,,,,,,,,,,,,,,,,,,,,,,,,,,,,,,,,,,,,,,,,,,,,,,,,,,
,,,,,,,,,,,,,,,,,,,,,,,,,,,,,,,,,,,,,,,,,,,,,,,,,,,,,,,,,,,
,,,,,,,,,,,,,,,,,,,,,,,,,,,,,,,,,,,,,,,,,,,,,,,,,,,,,,,,,,,
,,,,,,,,,,,,,,,,,,,,,,,,,,,,,,,,,,,,,,,,,,,,,,,,,,,,,,,,,,,
,,,,,,,,,,,,,,,,,,,,,,,,,,,,,,,,,,,,,,,,,,,,,,,,,,,,,,,,,,,
,,,,,,,,,,,,,,,,,,,,,,,,,,,,,,,,,,,,,,,,,,,,,,,,,,,,,,,,,,,
,,,,,,,,,,,,,,,,,,,,,,,,,,,,,,,,,,,,,,,,,,,,,,,,,,,,,,,,,,,
,,,,,,,,,,,,,,,,,,,,,,,,,,,,,,,,,,,,,,,,,,,,,,,,,,,,,,,,,,,
,,,,,,,,,,,,,,,,,,,,,,,,,,,,,,,,,,,,,,,,,,,,,,,,,,,,,,,,,,,
,,,,,,,,,,,,,,,,,,,,,,,,,,,,,,,,,,,,,,,,,,,,,,,,,,,,,,,,,,,
,,,,,,,,,,,,,,,,,,,,,,,,,,,,,,,,,,,,,,,,,,,,,,,,,,,,,,,,,,,
,,,,,,,,,,,,,,,,,,,,,,,,,,,,,,,,,,,,,,,,,,,,,,,,,,,,,,,,,,,
,,,,,,,,,,,,,,,,,,,,,,,,,,,,,,,,,,,,,,,,,,,,,,,,,,,,,,,,,,,
,,,,,,,,,,,,,,,,,,,,,,,,,,,,,,,,,,,,,,,,,,,,,,,,,,,,,,,,,,,
,,,,,,,,,,,,,,,,,,,,,,,,,,,,,,,,,,,,,,,,,,,,,,,,,,,,,,,,,,,
,,,,,,,,,,,,,,,,,,,,,,,,,,,,,,,,,,,,,,,,,,,,,,,,,,,,,,,,,,,
,,,,,,,,,,,,,,,,,,,,,,,,,,,,,,,,,,,,,,,,,,,,,,,,,,,,,,,,,,,
,,,,,,,,,,,,,,,,,,,,,,,,,,,,,,,,,,,,,,,,,,,,,,,,,,,,,,,,,,,
,,,,,,,,,,,,,,,,,,,,,,,,,,,,,,,,,,,,,,,,,,,,,,,,,,,,,,,,,,,
,,,,,,,,,,,,,,,,,,,,,,,,,,,,,,,,,,,,,,,,,,,,,,,,,,,,,,,,,,,
,,,,,,,,,,,,,,,,,,,,,,,,,,,,,,,,,,,,,,,,,,,,,,,,,,,,,,,,,,,
,,,,,,,,,,,,,,,,,,,,,,,,,,,,,,,,,,,,,,,,,,,,,,,,,,,,,,,,,,,
,,,,,,,,,,,,,,,,,,,,,,,,,,,,,,,,,,,,,,,,,,,,,,,,,,,,,,,,,,,
,,,,,,,,,,,,,,,,,,,,,,,,,,,,,,,,,,,,,,,,,,,,,,,,,,,,,,,,,,,
,,,,,,,,,,,,,,,,,,,,,,,,,,,,,,,,,,,,,,,,,,,,,,,,,,,,,,,,,,,
,,,,,,,,,,,,,,,,,,,,,,,,,,,,,,,,,,,,,,,,,,,,,,,,,,,,,,,,,,,
,,,,,,,,,,,,,,,,,,,,,,,,,,,,,,,,,,,,,,,,,,,,,,,,,,,,,,,,,,,
,,,,,,,,,,,,,,,,,,,,,,,,,,,,,,,,,,,,,,,,,,,,,,,,,,,,,,,,,,,
,,,,,,,,,,,,,,,,,,,,,,,,,,,,,,,,,,,,,,,,,,,,,,,,,,,,,,,,,,,
,,,,,,,,,,,,,,,,,,,,,,,,,,,,,,,,,,,,,,,,,,,,,,,,,,,,,,,,,,,
,,,,,,,,,,,,,,,,,,,,,,,,,,,,,,,,,,,,,,,,,,,,,,,,,,,,,,,,,,,
,,,,,,,,,,,,,,,,,,,,,,,,,,,,,,,,,,,,,,,,,,,,,,,,,,,,,,,,,,,
,,,,,,,,,,,,,,,,,,,,,,,,,,,,,,,,,,,,,,,,,,,,,,,,,,,,,,,,,,,
,,,,,,,,,,,,,,,,,,,,,,,,,,,,,,,,,,,,,,,,,,,,,,,,,,,,,,,,,,,
,,,,,,,,,,,,,,,,,,,,,,,,,,,,,,,,,,,,,,,,,,,,,,,,,,,,,,,,,,,
,,,,,,,,,,,,,,,,,,,,,,,,,,,,,,,,,,,,,,,,,,,,,,,,,,,,,,,,,,,
,,,,,,,,,,,,,,,,,,,,,,,,,,,,,,,,,,,,,,,,,,,,,,,,,,,,,,,,,,,
,,,,,,,,,,,,,,,,,,,,,,,,,,,,,,,,,,,,,,,,,,,,,,,,,,,,,,,,,,,
,,,,,,,,,,,,,,,,,,,,,,,,,,,,,,,,,,,,,,,,,,,,,,,,,,,,,,,,,,,
,,,,,,,,,,,,,,,,,,,,,,,,,,,,,,,,,,,,,,,,,,,,,,,,,,,,,,,,,,,
,,,,,,,,,,,,,,,,,,,,,,,,,,,,,,,,,,,,,,,,,,,,,,,,,,,,,,,,,,,
,,,,,,,,,,,,,,,,,,,,,,,,,,,,,,,,,,,,,,,,,,,,,,,,,,,,,,,,,,,
,,,,,,,,,,,,,,,,,,,,,,,,,,,,,,,,,,,,,,,,,,,,,,,,,,,,,,,,,,,
,,,,,,,,,,,,,,,,,,,,,,,,,,,,,,,,,,,,,,,,,,,,,,,,,,,,,,,,,,,
,,,,,,,,,,,,,,,,,,,,,,,,,,,,,,,,,,,,,,,,,,,,,,,,,,,,,,,,,,,
,,,,,,,,,,,,,,,,,,,,,,,,,,,,,,,,,,,,,,,,,,,,,,,,,,,,,,,,,,,
,,,,,,,,,,,,,,,,,,,,,,,,,,,,,,,,,,,,,,,,,,,,,,,,,,,,,,,,,,,
,,,,,,,,,,,,,,,,,,,,,,,,,,,,,,,,,,,,,,,,,,,,,,,,,,,,,,,,,,,
,,,,,,,,,,,,,,,,,,,,,,,,,,,,,,,,,,,,,,,,,,,,,,,,,,,,,,,,,,,
,,,,,,,,,,,,,,,,,,,,,,,,,,,,,,,,,,,,,,,,,,,,,,,,,,,,,,,,,,,
,,,,,,,,,,,,,,,,,,,,,,,,,,,,,,,,,,,,,,,,,,,,,,,,,,,,,,,,,,,
,,,,,,,,,,,,,,,,,,,,,,,,,,,,,,,,,,,,,,,,,,,,,,,,,,,,,,,,,,,
,,,,,,,,,,,,,,,,,,,,,,,,,,,,,,,,,,,,,,,,,,,,,,,,,,,,,,,,,,,
,,,,,,,,,,,,,,,,,,,,,,,,,,,,,,,,,,,,,,,,,,,,,,,,,,,,,,,,,,,
,,,,,,,,,,,,,,,,,,,,,,,,,,,,,,,,,,,,,,,,,,,,,,,,,,,,,,,,,,,
,,,,,,,,,,,,,,,,,,,,,,,,,,,,,,,,,,,,,,,,,,,,,,,,,,,,,,,,,,,
,,,,,,,,,,,,,,,,,,,,,,,,,,,,,,,,,,,,,,,,,,,,,,,,,,,,,,,,,,,
,,,,,,,,,,,,,,,,,,,,,,,,,,,,,,,,,,,,,,,,,,,,,,,,,,,,,,,,,,,
,,,,,,,,,,,,,,,,,,,,,,,,,,,,,,,,,,,,,,,,,,,,,,,,,,,,,,,,,,,
,,,,,,,,,,,,,,,,,,,,,,,,,,,,,,,,,,,,,,,,,,,,,,,,,,,,,,,,,,,
,,,,,,,,,,,,,,,,,,,,,,,,,,,,,,,,,,,,,,,,,,,,,,,,,,,,,,,,,,,
,,,,,,,,,,,,,,,,,,,,,,,,,,,,,,,,,,,,,,,,,,,,,,,,,,,,,,,,,,,
,,,,,,,,,,,,,,,,,,,,,,,,,,,,,,,,,,,,,,,,,,,,,,,,,,,,,,,,,,,
,,,,,,,,,,,,,,,,,,,,,,,,,,,,,,,,,,,,,,,,,,,,,,,,,,,,,,,,,,,
,,,,,,,,,,,,,,,,,,,,,,,,,,,,,,,,,,,,,,,,,,,,,,,,,,,,,,,,,,,
,,,,,,,,,,,,,,,,,,,,,,,,,,,,,,,,,,,,,,,,,,,,,,,,,,,,,,,,,,,
,,,,,,,,,,,,,,,,,,,,,,,,,,,,,,,,,,,,,,,,,,,,,,,,,,,,,,,,,,,
,,,,,,,,,,,,,,,,,,,,,,,,,,,,,,,,,,,,,,,,,,,,,,,,,,,,,,,,,,,
,,,,,,,,,,,,,,,,,,,,,,,,,,,,,,,,,,,,,,,,,,,,,,,,,,,,,,,,,,,
,,,,,,,,,,,,,,,,,,,,,,,,,,,,,,,,,,,,,,,,,,,,,,,,,,,,,,,,,,,
,,,,,,,,,,,,,,,,,,,,,,,,,,,,,,,,,,,,,,,,,,,,,,,,,,,,,,,,,,,
,,,,,,,,,,,,,,,,,,,,,,,,,,,,,,,,,,,,,,,,,,,,,,,,,,,,,,,,,,,
,,,,,,,,,,,,,,,,,,,,,,,,,,,,,,,,,,,,,,,,,,,,,,,,,,,,,,,,,,,
,,,,,,,,,,,,,,,,,,,,,,,,,,,,,,,,,,,,,,,,,,,,,,,,,,,,,,,,,,,
,,,,,,,,,,,,,,,,,,,,,,,,,,,,,,,,,,,,,,,,,,,,,,,,,,,,,,,,,,,
,,,,,,,,,,,,,,,,,,,,,,,,,,,,,,,,,,,,,,,,,,,,,,,,,,,,,,,,,,,
,,,,,,,,,,,,,,,,,,,,,,,,,,,,,,,,,,,,,,,,,,,,,,,,,,,,,,,,,,,
,,,,,,,,,,,,,,,,,,,,,,,,,,,,,,,,,,,,,,,,,,,,,,,,,,,,,,,,,,,
,,,,,,,,,,,,,,,,,,,,,,,,,,,,,,,,,,,,,,,,,,,,,,,,,,,,,,,,,,,
,,,,,,,,,,,,,,,,,,,,,,,,,,,,,,,,,,,,,,,,,,,,,,,,,,,,,,,,,,,
,,,,,,,,,,,,,,,,,,,,,,,,,,,,,,,,,,,,,,,,,,,,,,,,,,,,,,,,,,,
,,,,,,,,,,,,,,,,,,,,,,,,,,,,,,,,,,,,,,,,,,,,,,,,,,,,,,,,,,,
,,,,,,,,,,,,,,,,,,,,,,,,,,,,,,,,,,,,,,,,,,,,,,,,,,,,,,,,,,,
,,,,,,,,,,,,,,,,,,,,,,,,,,,,,,,,,,,,,,,,,,,,,,,,,,,,,,,,,,,
,,,,,,,,,,,,,,,,,,,,,,,,,,,,,,,,,,,,,,,,,,,,,,,,,,,,,,,,,,,
,,,,,,,,,,,,,,,,,,,,,,,,,,,,,,,,,,,,,,,,,,,,,,,,,,,,,,,,,,,
,,,,,,,,,,,,,,,,,,,,,,,,,,,,,,,,,,,,,,,,,,,,,,,,,,,,,,,,,,,
,,,,,,,,,,,,,,,,,,,,,,,,,,,,,,,,,,,,,,,,,,,,,,,,,,,,,,,,,,,
,,,,,,,,,,,,,,,,,,,,,,,,,,,,,,,,,,,,,,,,,,,,,,,,,,,,,,,,,,,
,,,,,,,,,,,,,,,,,,,,,,,,,,,,,,,,,,,,,,,,,,,,,,,,,,,,,,,,,,,
,,,,,,,,,,,,,,,,,,,,,,,,,,,,,,,,,,,,,,,,,,,,,,,,,,,,,,,,,,,
,,,,,,,,,,,,,,,,,,,,,,,,,,,,,,,,,,,,,,,,,,,,,,,,,,,,,,,,,,,
,,,,,,,,,,,,,,,,,,,,,,,,,,,,,,,,,,,,,,,,,,,,,,,,,,,,,,,,,,,
,,,,,,,,,,,,,,,,,,,,,,,,,,,,,,,,,,,,,,,,,,,,,,,,,,,,,,,,,,,
,,,,,,,,,,,,,,,,,,,,,,,,,,,,,,,,,,,,,,,,,,,,,,,,,,,,,,,,,,,
,,,,,,,,,,,,,,,,,,,,,,,,,,,,,,,,,,,,,,,,,,,,,,,,,,,,,,,,,,,
,,,,,,,,,,,,,,,,,,,,,,,,,,,,,,,,,,,,,,,,,,,,,,,,,,,,,,,,,,,
,,,,,,,,,,,,,,,,,,,,,,,,,,,,,,,,,,,,,,,,,,,,,,,,,,,,,,,,,,,
,,,,,,,,,,,,,,,,,,,,,,,,,,,,,,,,,,,,,,,,,,,,,,,,,,,,,,,,,,,
,,,,,,,,,,,,,,,,,,,,,,,,,,,,,,,,,,,,,,,,,,,,,,,,,,,,,,,,,,,
,,,,,,,,,,,,,,,,,,,,,,,,,,,,,,,,,,,,,,,,,,,,,,,,,,,,,,,,,,,
,,,,,,,,,,,,,,,,,,,,,,,,,,,,,,,,,,,,,,,,,,,,,,,,,,,,,,,,,,,
,,,,,,,,,,,,,,,,,,,,,,,,,,,,,,,,,,,,,,,,,,,,,,,,,,,,,,,,,,,
,,,,,,,,,,,,,,,,,,,,,,,,,,,,,,,,,,,,,,,,,,,,,,,,,,,,,,,,,,,
,,,,,,,,,,,,,,,,,,,,,,,,,,,,,,,,,,,,,,,,,,,,,,,,,,,,,,,,,,,
,,,,,,,,,,,,,,,,,,,,,,,,,,,,,,,,,,,,,,,,,,,,,,,,,,,,,,,,,,,
,,,,,,,,,,,,,,,,,,,,,,,,,,,,,,,,,,,,,,,,,,,,,,,,,,,,,,,,,,,
,,,,,,,,,,,,,,,,,,,,,,,,,,,,,,,,,,,,,,,,,,,,,,,,,,,,,,,,,,,
,,,,,,,,,,,,,,,,,,,,,,,,,,,,,,,,,,,,,,,,,,,,,,,,,,,,,,,,,,,
,,,,,,,,,,,,,,,,,,,,,,,,,,,,,,,,,,,,,,,,,,,,,,,,,,,,,,,,,,,
,,,,,,,,,,,,,,,,,,,,,,,,,,,,,,,,,,,,,,,,,,,,,,,,,,,,,,,,,,,
,,,,,,,,,,,,,,,,,,,,,,,,,,,,,,,,,,,,,,,,,,,,,,,,,,,,,,,,,,,
,,,,,,,,,,,,,,,,,,,,,,,,,,,,,,,,,,,,,,,,,,,,,,,,,,,,,,,,,,,
,,,,,,,,,,,,,,,,,,,,,,,,,,,,,,,,,,,,,,,,,,,,,,,,,,,,,,,,,,,
,,,,,,,,,,,,,,,,,,,,,,,,,,,,,,,,,,,,,,,,,,,,,,,,,,,,,,,,,,,
,,,,,,,,,,,,,,,,,,,,,,,,,,,,,,,,,,,,,,,,,,,,,,,,,,,,,,,,,,,
,,,,,,,,,,,,,,,,,,,,,,,,,,,,,,,,,,,,,,,,,,,,,,,,,,,,,,,,,,,
,,,,,,,,,,,,,,,,,,,,,,,,,,,,,,,,,,,,,,,,,,,,,,,,,,,,,,,,,,,
,,,,,,,,,,,,,,,,,,,,,,,,,,,,,,,,,,,,,,,,,,,,,,,,,,,,,,,,,,,
,,,,,,,,,,,,,,,,,,,,,,,,,,,,,,,,,,,,,,,,,,,,,,,,,,,,,,,,,,,
,,,,,,,,,,,,,,,,,,,,,,,,,,,,,,,,,,,,,,,,,,,,,,,,,,,,,,,,,,,
,,,,,,,,,,,,,,,,,,,,,,,,,,,,,,,,,,,,,,,,,,,,,,,,,,,,,,,,,,,
,,,,,,,,,,,,,,,,,,,,,,,,,,,,,,,,,,,,,,,,,,,,,,,,,,,,,,,,,,,
,,,,,,,,,,,,,,,,,,,,,,,,,,,,,,,,,,,,,,,,,,,,,,,,,,,,,,,,,,,
,,,,,,,,,,,,,,,,,,,,,,,,,,,,,,,,,,,,,,,,,,,,,,,,,,,,,,,,,,,
,,,,,,,,,,,,,,,,,,,,,,,,,,,,,,,,,,,,,,,,,,,,,,,,,,,,,,,,,,,
,,,,,,,,,,,,,,,,,,,,,,,,,,,,,,,,,,,,,,,,,,,,,,,,,,,,,,,,,,,
,,,,,,,,,,,,,,,,,,,,,,,,,,,,,,,,,,,,,,,,,,,,,,,,,,,,,,,,,,,
,,,,,,,,,,,,,,,,,,,,,,,,,,,,,,,,,,,,,,,,,,,,,,,,,,,,,,,,,,,
,,,,,,,,,,,,,,,,,,,,,,,,,,,,,,,,,,,,,,,,,,,,,,,,,,,,,,,,,,,
,,,,,,,,,,,,,,,,,,,,,,,,,,,,,,,,,,,,,,,,,,,,,,,,,,,,,,,,,,,
,,,,,,,,,,,,,,,,,,,,,,,,,,,,,,,,,,,,,,,,,,,,,,,,,,,,,,,,,,,
,,,,,,,,,,,,,,,,,,,,,,,,,,,,,,,,,,,,,,,,,,,,,,,,,,,,,,,,,,,
,,,,,,,,,,,,,,,,,,,,,,,,,,,,,,,,,,,,,,,,,,,,,,,,,,,,,,,,,,,
,,,,,,,,,,,,,,,,,,,,,,,,,,,,,,,,,,,,,,,,,,,,,,,,,,,,,,,,,,,
,,,,,,,,,,,,,,,,,,,,,,,,,,,,,,,,,,,,,,,,,,,,,,,,,,,,,,,,,,,
,,,,,,,,,,,,,,,,,,,,,,,,,,,,,,,,,,,,,,,,,,,,,,,,,,,,,,,,,,,
,,,,,,,,,,,,,,,,,,,,,,,,,,,,,,,,,,,,,,,,,,,,,,,,,,,,,,,,,,,
,,,,,,,,,,,,,,,,,,,,,,,,,,,,,,,,,,,,,,,,,,,,,,,,,,,,,,,,,,,
,,,,,,,,,,,,,,,,,,,,,,,,,,,,,,,,,,,,,,,,,,,,,,,,,,,,,,,,,,,
,,,,,,,,,,,,,,,,,,,,,,,,,,,,,,,,,,,,,,,,,,,,,,,,,,,,,,,,,,,
,,,,,,,,,,,,,,,,,,,,,,,,,,,,,,,,,,,,,,,,,,,,,,,,,,,,,,,,,,,
,,,,,,,,,,,,,,,,,,,,,,,,,,,,,,,,,,,,,,,,,,,,,,,,,,,,,,,,,,,
,,,,,,,,,,,,,,,,,,,,,,,,,,,,,,,,,,,,,,,,,,,,,,,,,,,,,,,,,,,
,,,,,,,,,,,,,,,,,,,,,,,,,,,,,,,,,,,,,,,,,,,,,,,,,,,,,,,,,,,
,,,,,,,,,,,,,,,,,,,,,,,,,,,,,,,,,,,,,,,,,,,,,,,,,,,,,,,,,,,
,,,,,,,,,,,,,,,,,,,,,,,,,,,,,,,,,,,,,,,,,,,,,,,,,,,,,,,,,,,
,,,,,,,,,,,,,,,,,,,,,,,,,,,,,,,,,,,,,,,,,,,,,,,,,,,,,,,,,,,
,,,,,,,,,,,,,,,,,,,,,,,,,,,,,,,,,,,,,,,,,,,,,,,,,,,,,,,,,,,
,,,,,,,,,,,,,,,,,,,,,,,,,,,,,,,,,,,,,,,,,,,,,,,,,,,,,,,,,,,
,,,,,,,,,,,,,,,,,,,,,,,,,,,,,,,,,,,,,,,,,,,,,,,,,,,,,,,,,,,
,,,,,,,,,,,,,,,,,,,,,,,,,,,,,,,,,,,,,,,,,,,,,,,,,,,,,,,,,,,
,,,,,,,,,,,,,,,,,,,,,,,,,,,,,,,,,,,,,,,,,,,,,,,,,,,,,,,,,,,
,,,,,,,,,,,,,,,,,,,,,,,,,,,,,,,,,,,,,,,,,,,,,,,,,,,,,,,,,,,
,,,,,,,,,,,,,,,,,,,,,,,,,,,,,,,,,,,,,,,,,,,,,,,,,,,,,,,,,,,
,,,,,,,,,,,,,,,,,,,,,,,,,,,,,,,,,,,,,,,,,,,,,,,,,,,,,,,,,,,
,,,,,,,,,,,,,,,,,,,,,,,,,,,,,,,,,,,,,,,,,,,,,,,,,,,,,,,,,,,
,,,,,,,,,,,,,,,,,,,,,,,,,,,,,,,,,,,,,,,,,,,,,,,,,,,,,,,,,,,
,,,,,,,,,,,,,,,,,,,,,,,,,,,,,,,,,,,,,,,,,,,,,,,,,,,,,,,,,,,
,,,,,,,,,,,,,,,,,,,,,,,,,,,,,,,,,,,,,,,,,,,,,,,,,,,,,,,,,,,
,,,,,,,,,,,,,,,,,,,,,,,,,,,,,,,,,,,,,,,,,,,,,,,,,,,,,,,,,,,
,,,,,,,,,,,,,,,,,,,,,,,,,,,,,,,,,,,,,,,,,,,,,,,,,,,,,,,,,,,
,,,,,,,,,,,,,,,,,,,,,,,,,,,,,,,,,,,,,,,,,,,,,,,,,,,,,,,,,,,
,,,,,,,,,,,,,,,,,,,,,,,,,,,,,,,,,,,,,,,,,,,,,,,,,,,,,,,,,,,
,,,,,,,,,,,,,,,,,,,,,,,,,,,,,,,,,,,,,,,,,,,,,,,,,,,,,,,,,,,
,,,,,,,,,,,,,,,,,,,,,,,,,,,,,,,,,,,,,,,,,,,,,,,,,,,,,,,,,,,
,,,,,,,,,,,,,,,,,,,,,,,,,,,,,,,,,,,,,,,,,,,,,,,,,,,,,,,,,,,
,,,,,,,,,,,,,,,,,,,,,,,,,,,,,,,,,,,,,,,,,,,,,,,,,,,,,,,,,,,
,,,,,,,,,,,,,,,,,,,,,,,,,,,,,,,,,,,,,,,,,,,,,,,,,,,,,,,,,,,
,,,,,,,,,,,,,,,,,,,,,,,,,,,,,,,,,,,,,,,,,,,,,,,,,,,,,,,,,,,
,,,,,,,,,,,,,,,,,,,,,,,,,,,,,,,,,,,,,,,,,,,,,,,,,,,,,,,,,,,
,,,,,,,,,,,,,,,,,,,,,,,,,,,,,,,,,,,,,,,,,,,,,,,,,,,,,,,,,,,
,,,,,,,,,,,,,,,,,,,,,,,,,,,,,,,,,,,,,,,,,,,,,,,,,,,,,,,,,,,
,,,,,,,,,,,,,,,,,,,,,,,,,,,,,,,,,,,,,,,,,,,,,,,,,,,,,,,,,,,
,,,,,,,,,,,,,,,,,,,,,,,,,,,,,,,,,,,,,,,,,,,,,,,,,,,,,,,,,,,
,,,,,,,,,,,,,,,,,,,,,,,,,,,,,,,,,,,,,,,,,,,,,,,,,,,,,,,,,,,
,,,,,,,,,,,,,,,,,,,,,,,,,,,,,,,,,,,,,,,,,,,,,,,,,,,,,,,,,,,
,,,,,,,,,,,,,,,,,,,,,,,,,,,,,,,,,,,,,,,,,,,,,,,,,,,,,,,,,,,
,,,,,,,,,,,,,,,,,,,,,,,,,,,,,,,,,,,,,,,,,,,,,,,,,,,,,,,,,,,
,,,,,,,,,,,,,,,,,,,,,,,,,,,,,,,,,,,,,,,,,,,,,,,,,,,,,,,,,,,
,,,,,,,,,,,,,,,,,,,,,,,,,,,,,,,,,,,,,,,,,,,,,,,,,,,,,,,,,,,
,,,,,,,,,,,,,,,,,,,,,,,,,,,,,,,,,,,,,,,,,,,,,,,,,,,,,,,,,,,
,,,,,,,,,,,,,,,,,,,,,,,,,,,,,,,,,,,,,,,,,,,,,,,,,,,,,,,,,,,
,,,,,,,,,,,,,,,,,,,,,,,,,,,,,,,,,,,,,,,,,,,,,,,,,,,,,,,,,,,
,,,,,,,,,,,,,,,,,,,,,,,,,,,,,,,,,,,,,,,,,,,,,,,,,,,,,,,,,,,
,,,,,,,,,,,,,,,,,,,,,,,,,,,,,,,,,,,,,,,,,,,,,,,,,,,,,,,,,,,
,,,,,,,,,,,,,,,,,,,,,,,,,,,,,,,,,,,,,,,,,,,,,,,,,,,,,,,,,,,
,,,,,,,,,,,,,,,,,,,,,,,,,,,,,,,,,,,,,,,,,,,,,,,,,,,,,,,,,,,
,,,,,,,,,,,,,,,,,,,,,,,,,,,,,,,,,,,,,,,,,,,,,,,,,,,,,,,,,,,
,,,,,,,,,,,,,,,,,,,,,,,,,,,,,,,,,,,,,,,,,,,,,,,,,,,,,,,,,,,
,,,,,,,,,,,,,,,,,,,,,,,,,,,,,,,,,,,,,,,,,,,,,,,,,,,,,,,,,,,
,,,,,,,,,,,,,,,,,,,,,,,,,,,,,,,,,,,,,,,,,,,,,,,,,,,,,,,,,,,
,,,,,,,,,,,,,,,,,,,,,,,,,,,,,,,,,,,,,,,,,,,,,,,,,,,,,,,,,,,
,,,,,,,,,,,,,,,,,,,,,,,,,,,,,,,,,,,,,,,,,,,,,,,,,,,,,,,,,,,
,,,,,,,,,,,,,,,,,,,,,,,,,,,,,,,,,,,,,,,,,,,,,,,,,,,,,,,,,,,
,,,,,,,,,,,,,,,,,,,,,,,,,,,,,,,,,,,,,,,,,,,,,,,,,,,,,,,,,,,
,,,,,,,,,,,,,,,,,,,,,,,,,,,,,,,,,,,,,,,,,,,,,,,,,,,,,,,,,,,
,,,,,,,,,,,,,,,,,,,,,,,,,,,,,,,,,,,,,,,,,,,,,,,,,,,,,,,,,,,
,,,,,,,,,,,,,,,,,,,,,,,,,,,,,,,,,,,,,,,,,,,,,,,,,,,,,,,,,,,
,,,,,,,,,,,,,,,,,,,,,,,,,,,,,,,,,,,,,,,,,,,,,,,,,,,,,,,,,,,
,,,,,,,,,,,,,,,,,,,,,,,,,,,,,,,,,,,,,,,,,,,,,,,,,,,,,,,,,,,
,,,,,,,,,,,,,,,,,,,,,,,,,,,,,,,,,,,,,,,,,,,,,,,,,,,,,,,,,,,
,,,,,,,,,,,,,,,,,,,,,,,,,,,,,,,,,,,,,,,,,,,,,,,,,,,,,,,,,,,
,,,,,,,,,,,,,,,,,,,,,,,,,,,,,,,,,,,,,,,,,,,,,,,,,,,,,,,,,,,
,,,,,,,,,,,,,,,,,,,,,,,,,,,,,,,,,,,,,,,,,,,,,,,,,,,,,,,,,,,
,,,,,,,,,,,,,,,,,,,,,,,,,,,,,,,,,,,,,,,,,,,,,,,,,,,,,,,,,,,
,,,,,,,,,,,,,,,,,,,,,,,,,,,,,,,,,,,,,,,,,,,,,,,,,,,,,,,,,,,
,,,,,,,,,,,,,,,,,,,,,,,,,,,,,,,,,,,,,,,,,,,,,,,,,,,,,,,,,,,
,,,,,,,,,,,,,,,,,,,,,,,,,,,,,,,,,,,,,,,,,,,,,,,,,,,,,,,,,,,
,,,,,,,,,,,,,,,,,,,,,,,,,,,,,,,,,,,,,,,,,,,,,,,,,,,,,,,,,,,
,,,,,,,,,,,,,,,,,,,,,,,,,,,,,,,,,,,,,,,,,,,,,,,,,,,,,,,,,,,
,,,,,,,,,,,,,,,,,,,,,,,,,,,,,,,,,,,,,,,,,,,,,,,,,,,,,,,,,,,
,,,,,,,,,,,,,,,,,,,,,,,,,,,,,,,,,,,,,,,,,,,,,,,,,,,,,,,,,,,
,,,,,,,,,,,,,,,,,,,,,,,,,,,,,,,,,,,,,,,,,,,,,,,,,,,,,,,,,,,
,,,,,,,,,,,,,,,,,,,,,,,,,,,,,,,,,,,,,,,,,,,,,,,,,,,,,,,,,,,
,,,,,,,,,,,,,,,,,,,,,,,,,,,,,,,,,,,,,,,,,,,,,,,,,,,,,,,,,,,
,,,,,,,,,,,,,,,,,,,,,,,,,,,,,,,,,,,,,,,,,,,,,,,,,,,,,,,,,,,
,,,,,,,,,,,,,,,,,,,,,,,,,,,,,,,,,,,,,,,,,,,,,,,,,,,,,,,,,,,
,,,,,,,,,,,,,,,,,,,,,,,,,,,,,,,,,,,,,,,,,,,,,,,,,,,,,,,,,,,
,,,,,,,,,,,,,,,,,,,,,,,,,,,,,,,,,,,,,,,,,,,,,,,,,,,,,,,,,,,
,,,,,,,,,,,,,,,,,,,,,,,,,,,,,,,,,,,,,,,,,,,,,,,,,,,,,,,,,,,
,,,,,,,,,,,,,,,,,,,,,,,,,,,,,,,,,,,,,,,,,,,,,,,,,,,,,,,,,,,
,,,,,,,,,,,,,,,,,,,,,,,,,,,,,,,,,,,,,,,,,,,,,,,,,,,,,,,,,,,
,,,,,,,,,,,,,,,,,,,,,,,,,,,,,,,,,,,,,,,,,,,,,,,,,,,,,,,,,,,
,,,,,,,,,,,,,,,,,,,,,,,,,,,,,,,,,,,,,,,,,,,,,,,,,,,,,,,,,,,
,,,,,,,,,,,,,,,,,,,,,,,,,,,,,,,,,,,,,,,,,,,,,,,,,,,,,,,,,,,
,,,,,,,,,,,,,,,,,,,,,,,,,,,,,,,,,,,,,,,,,,,,,,,,,,,,,,,,,,,
,,,,,,,,,,,,,,,,,,,,,,,,,,,,,,,,,,,,,,,,,,,,,,,,,,,,,,,,,,,
,,,,,,,,,,,,,,,,,,,,,,,,,,,,,,,,,,,,,,,,,,,,,,,,,,,,,,,,,,,
,,,,,,,,,,,,,,,,,,,,,,,,,,,,,,,,,,,,,,,,,,,,,,,,,,,,,,,,,,,
,,,,,,,,,,,,,,,,,,,,,,,,,,,,,,,,,,,,,,,,,,,,,,,,,,,,,,,,,,,
,,,,,,,,,,,,,,,,,,,,,,,,,,,,,,,,,,,,,,,,,,,,,,,,,,,,,,,,,,,
,,,,,,,,,,,,,,,,,,,,,,,,,,,,,,,,,,,,,,,,,,,,,,,,,,,,,,,,,,,
,,,,,,,,,,,,,,,,,,,,,,,,,,,,,,,,,,,,,,,,,,,,,,,,,,,,,,,,,,,
,,,,,,,,,,,,,,,,,,,,,,,,,,,,,,,,,,,,,,,,,,,,,,,,,,,,,,,,,,,
,,,,,,,,,,,,,,,,,,,,,,,,,,,,,,,,,,,,,,,,,,,,,,,,,,,,,,,,,,,
,,,,,,,,,,,,,,,,,,,,,,,,,,,,,,,,,,,,,,,,,,,,,,,,,,,,,,,,,,,
,,,,,,,,,,,,,,,,,,,,,,,,,,,,,,,,,,,,,,,,,,,,,,,,,,,,,,,,,,,
,,,,,,,,,,,,,,,,,,,,,,,,,,,,,,,,,,,,,,,,,,,,,,,,,,,,,,,,,,,
,,,,,,,,,,,,,,,,,,,,,,,,,,,,,,,,,,,,,,,,,,,,,,,,,,,,,,,,,,,
,,,,,,,,,,,,,,,,,,,,,,,,,,,,,,,,,,,,,,,,,,,,,,,,,,,,,,,,,,,
,,,,,,,,,,,,,,,,,,,,,,,,,,,,,,,,,,,,,,,,,,,,,,,,,,,,,,,,,,,
,,,,,,,,,,,,,,,,,,,,,,,,,,,,,,,,,,,,,,,,,,,,,,,,,,,,,,,,,,,
,,,,,,,,,,,,,,,,,,,,,,,,,,,,,,,,,,,,,,,,,,,,,,,,,,,,,,,,,,,
,,,,,,,,,,,,,,,,,,,,,,,,,,,,,,,,,,,,,,,,,,,,,,,,,,,,,,,,,,,
,,,,,,,,,,,,,,,,,,,,,,,,,,,,,,,,,,,,,,,,,,,,,,,,,,,,,,,,,,,
,,,,,,,,,,,,,,,,,,,,,,,,,,,,,,,,,,,,,,,,,,,,,,,,,,,,,,,,,,,
,,,,,,,,,,,,,,,,,,,,,,,,,,,,,,,,,,,,,,,,,,,,,,,,,,,,,,,,,,,
,,,,,,,,,,,,,,,,,,,,,,,,,,,,,,,,,,,,,,,,,,,,,,,,,,,,,,,,,,,
,,,,,,,,,,,,,,,,,,,,,,,,,,,,,,,,,,,,,,,,,,,,,,,,,,,,,,,,,,,
,,,,,,,,,,,,,,,,,,,,,,,,,,,,,,,,,,,,,,,,,,,,,,,,,,,,,,,,,,,
,,,,,,,,,,,,,,,,,,,,,,,,,,,,,,,,,,,,,,,,,,,,,,,,,,,,,,,,,,,
,,,,,,,,,,,,,,,,,,,,,,,,,,,,,,,,,,,,,,,,,,,,,,,,,,,,,,,,,,,
,,,,,,,,,,,,,,,,,,,,,,,,,,,,,,,,,,,,,,,,,,,,,,,,,,,,,,,,,,,
,,,,,,,,,,,,,,,,,,,,,,,,,,,,,,,,,,,,,,,,,,,,,,,,,,,,,,,,,,,
,,,,,,,,,,,,,,,,,,,,,,,,,,,,,,,,,,,,,,,,,,,,,,,,,,,,,,,,,,,
,,,,,,,,,,,,,,,,,,,,,,,,,,,,,,,,,,,,,,,,,,,,,,,,,,,,,,,,,,,
,,,,,,,,,,,,,,,,,,,,,,,,,,,,,,,,,,,,,,,,,,,,,,,,,,,,,,,,,,,
,,,,,,,,,,,,,,,,,,,,,,,,,,,,,,,,,,,,,,,,,,,,,,,,,,,,,,,,,,,
,,,,,,,,,,,,,,,,,,,,,,,,,,,,,,,,,,,,,,,,,,,,,,,,,,,,,,,,,,,
,,,,,,,,,,,,,,,,,,,,,,,,,,,,,,,,,,,,,,,,,,,,,,,,,,,,,,,,,,,
,,,,,,,,,,,,,,,,,,,,,,,,,,,,,,,,,,,,,,,,,,,,,,,,,,,,,,,,,,,
,,,,,,,,,,,,,,,,,,,,,,,,,,,,,,,,,,,,,,,,,,,,,,,,,,,,,,,,,,,
,,,,,,,,,,,,,,,,,,,,,,,,,,,,,,,,,,,,,,,,,,,,,,,,,,,,,,,,,,,
,,,,,,,,,,,,,,,,,,,,,,,,,,,,,,,,,,,,,,,,,,,,,,,,,,,,,,,,,,,
,,,,,,,,,,,,,,,,,,,,,,,,,,,,,,,,,,,,,,,,,,,,,,,,,,,,,,,,,,,
,,,,,,,,,,,,,,,,,,,,,,,,,,,,,,,,,,,,,,,,,,,,,,,,,,,,,,,,,,,
,,,,,,,,,,,,,,,,,,,,,,,,,,,,,,,,,,,,,,,,,,,,,,,,,,,,,,,,,,,
,,,,,,,,,,,,,,,,,,,,,,,,,,,,,,,,,,,,,,,,,,,,,,,,,,,,,,,,,,,
,,,,,,,,,,,,,,,,,,,,,,,,,,,,,,,,,,,,,,,,,,,,,,,,,,,,,,,,,,,
,,,,,,,,,,,,,,,,,,,,,,,,,,,,,,,,,,,,,,,,,,,,,,,,,,,,,,,,,,,
,,,,,,,,,,,,,,,,,,,,,,,,,,,,,,,,,,,,,,,,,,,,,,,,,,,,,,,,,,,
,,,,,,,,,,,,,,,,,,,,,,,,,,,,,,,,,,,,,,,,,,,,,,,,,,,,,,,,,,,
,,,,,,,,,,,,,,,,,,,,,,,,,,,,,,,,,,,,,,,,,,,,,,,,,,,,,,,,,,,
,,,,,,,,,,,,,,,,,,,,,,,,,,,,,,,,,,,,,,,,,,,,,,,,,,,,,,,,,,,
,,,,,,,,,,,,,,,,,,,,,,,,,,,,,,,,,,,,,,,,,,,,,,,,,,,,,,,,,,,
,,,,,,,,,,,,,,,,,,,,,,,,,,,,,,,,,,,,,,,,,,,,,,,,,,,,,,,,,,,
,,,,,,,,,,,,,,,,,,,,,,,,,,,,,,,,,,,,,,,,,,,,,,,,,,,,,,,,,,,
,,,,,,,,,,,,,,,,,,,,,,,,,,,,,,,,,,,,,,,,,,,,,,,,,,,,,,,,,,,
,,,,,,,,,,,,,,,,,,,,,,,,,,,,,,,,,,,,,,,,,,,,,,,,,,,,,,,,,,,
,,,,,,,,,,,,,,,,,,,,,,,,,,,,,,,,,,,,,,,,,,,,,,,,,,,,,,,,,,,
,,,,,,,,,,,,,,,,,,,,,,,,,,,,,,,,,,,,,,,,,,,,,,,,,,,,,,,,,,,
,,,,,,,,,,,,,,,,,,,,,,,,,,,,,,,,,,,,,,,,,,,,,,,,,,,,,,,,,,,
,,,,,,,,,,,,,,,,,,,,,,,,,,,,,,,,,,,,,,,,,,,,,,,,,,,,,,,,,,,
,,,,,,,,,,,,,,,,,,,,,,,,,,,,,,,,,,,,,,,,,,,,,,,,,,,,,,,,,,,
,,,,,,,,,,,,,,,,,,,,,,,,,,,,,,,,,,,,,,,,,,,,,,,,,,,,,,,,,,,
,,,,,,,,,,,,,,,,,,,,,,,,,,,,,,,,,,,,,,,,,,,,,,,,,,,,,,,,,,,
,,,,,,,,,,,,,,,,,,,,,,,,,,,,,,,,,,,,,,,,,,,,,,,,,,,,,,,,,,,
,,,,,,,,,,,,,,,,,,,,,,,,,,,,,,,,,,,,,,,,,,,,,,,,,,,,,,,,,,,
,,,,,,,,,,,,,,,,,,,,,,,,,,,,,,,,,,,,,,,,,,,,,,,,,,,,,,,,,,,
,,,,,,,,,,,,,,,,,,,,,,,,,,,,,,,,,,,,,,,,,,,,,,,,,,,,,,,,,,,
,,,,,,,,,,,,,,,,,,,,,,,,,,,,,,,,,,,,,,,,,,,,,,,,,,,,,,,,,,,
,,,,,,,,,,,,,,,,,,,,,,,,,,,,,,,,,,,,,,,,,,,,,,,,,,,,,,,,,,,
,,,,,,,,,,,,,,,,,,,,,,,,,,,,,,,,,,,,,,,,,,,,,,,,,,,,,,,,,,,
,,,,,,,,,,,,,,,,,,,,,,,,,,,,,,,,,,,,,,,,,,,,,,,,,,,,,,,,,,,
,,,,,,,,,,,,,,,,,,,,,,,,,,,,,,,,,,,,,,,,,,,,,,,,,,,,,,,,,,,
,,,,,,,,,,,,,,,,,,,,,,,,,,,,,,,,,,,,,,,,,,,,,,,,,,,,,,,,,,,
,,,,,,,,,,,,,,,,,,,,,,,,,,,,,,,,,,,,,,,,,,,,,,,,,,,,,,,,,,,
,,,,,,,,,,,,,,,,,,,,,,,,,,,,,,,,,,,,,,,,,,,,,,,,,,,,,,,,,,,
,,,,,,,,,,,,,,,,,,,,,,,,,,,,,,,,,,,,,,,,,,,,,,,,,,,,,,,,,,,
,,,,,,,,,,,,,,,,,,,,,,,,,,,,,,,,,,,,,,,,,,,,,,,,,,,,,,,,,,,
,,,,,,,,,,,,,,,,,,,,,,,,,,,,,,,,,,,,,,,,,,,,,,,,,,,,,,,,,,,
,,,,,,,,,,,,,,,,,,,,,,,,,,,,,,,,,,,,,,,,,,,,,,,,,,,,,,,,,,,
,,,,,,,,,,,,,,,,,,,,,,,,,,,,,,,,,,,,,,,,,,,,,,,,,,,,,,,,,,,
,,,,,,,,,,,,,,,,,,,,,,,,,,,,,,,,,,,,,,,,,,,,,,,,,,,,,,,,,,,
,,,,,,,,,,,,,,,,,,,,,,,,,,,,,,,,,,,,,,,,,,,,,,,,,,,,,,,,,,,
,,,,,,,,,,,,,,,,,,,,,,,,,,,,,,,,,,,,,,,,,,,,,,,,,,,,,,,,,,,
,,,,,,,,,,,,,,,,,,,,,,,,,,,,,,,,,,,,,,,,,,,,,,,,,,,,,,,,,,,
,,,,,,,,,,,,,,,,,,,,,,,,,,,,,,,,,,,,,,,,,,,,,,,,,,,,,,,,,,,
,,,,,,,,,,,,,,,,,,,,,,,,,,,,,,,,,,,,,,,,,,,,,,,,,,,,,,,,,,,
,,,,,,,,,,,,,,,,,,,,,,,,,,,,,,,,,,,,,,,,,,,,,,,,,,,,,,,,,,,
,,,,,,,,,,,,,,,,,,,,,,,,,,,,,,,,,,,,,,,,,,,,,,,,,,,,,,,,,,,
,,,,,,,,,,,,,,,,,,,,,,,,,,,,,,,,,,,,,,,,,,,,,,,,,,,,,,,,,,,
,,,,,,,,,,,,,,,,,,,,,,,,,,,,,,,,,,,,,,,,,,,,,,,,,,,,,,,,,,,
,,,,,,,,,,,,,,,,,,,,,,,,,,,,,,,,,,,,,,,,,,,,,,,,,,,,,,,,,,,
,,,,,,,,,,,,,,,,,,,,,,,,,,,,,,,,,,,,,,,,,,,,,,,,,,,,,,,,,,,
,,,,,,,,,,,,,,,,,,,,,,,,,,,,,,,,,,,,,,,,,,,,,,,,,,,,,,,,,,,
,,,,,,,,,,,,,,,,,,,,,,,,,,,,,,,,,,,,,,,,,,,,,,,,,,,,,,,,,,,
,,,,,,,,,,,,,,,,,,,,,,,,,,,,,,,,,,,,,,,,,,,,,,,,,,,,,,,,,,,
,,,,,,,,,,,,,,,,,,,,,,,,,,,,,,,,,,,,,,,,,,,,,,,,,,,,,,,,,,,
,,,,,,,,,,,,,,,,,,,,,,,,,,,,,,,,,,,,,,,,,,,,,,,,,,,,,,,,,,,
,,,,,,,,,,,,,,,,,,,,,,,,,,,,,,,,,,,,,,,,,,,,,,,,,,,,,,,,,,,
,,,,,,,,,,,,,,,,,,,,,,,,,,,,,,,,,,,,,,,,,,,,,,,,,,,,,,,,,,,
,,,,,,,,,,,,,,,,,,,,,,,,,,,,,,,,,,,,,,,,,,,,,,,,,,,,,,,,,,,
,,,,,,,,,,,,,,,,,,,,,,,,,,,,,,,,,,,,,,,,,,,,,,,,,,,,,,,,,,,
,,,,,,,,,,,,,,,,,,,,,,,,,,,,,,,,,,,,,,,,,,,,,,,,,,,,,,,,,,,
,,,,,,,,,,,,,,,,,,,,,,,,,,,,,,,,,,,,,,,,,,,,,,,,,,,,,,,,,,,
,,,,,,,,,,,,,,,,,,,,,,,,,,,,,,,,,,,,,,,,,,,,,,,,,,,,,,,,,,,
,,,,,,,,,,,,,,,,,,,,,,,,,,,,,,,,,,,,,,,,,,,,,,,,,,,,,,,,,,,
,,,,,,,,,,,,,,,,,,,,,,,,,,,,,,,,,,,,,,,,,,,,,,,,,,,,,,,,,,,
,,,,,,,,,,,,,,,,,,,,,,,,,,,,,,,,,,,,,,,,,,,,,,,,,,,,,,,,,,,
,,,,,,,,,,,,,,,,,,,,,,,,,,,,,,,,,,,,,,,,,,,,,,,,,,,,,,,,,,,
,,,,,,,,,,,,,,,,,,,,,,,,,,,,,,,,,,,,,,,,,,,,,,,,,,,,,,,,,,,
,,,,,,,,,,,,,,,,,,,,,,,,,,,,,,,,,,,,,,,,,,,,,,,,,,,,,,,,,,,
,,,,,,,,,,,,,,,,,,,,,,,,,,,,,,,,,,,,,,,,,,,,,,,,,,,,,,,,,,,
,,,,,,,,,,,,,,,,,,,,,,,,,,,,,,,,,,,,,,,,,,,,,,,,,,,,,,,,,,,
,,,,,,,,,,,,,,,,,,,,,,,,,,,,,,,,,,,,,,,,,,,,,,,,,,,,,,,,,,,
,,,,,,,,,,,,,,,,,,,,,,,,,,,,,,,,,,,,,,,,,,,,,,,,,,,,,,,,,,,
,,,,,,,,,,,,,,,,,,,,,,,,,,,,,,,,,,,,,,,,,,,,,,,,,,,,,,,,,,,
,,,,,,,,,,,,,,,,,,,,,,,,,,,,,,,,,,,,,,,,,,,,,,,,,,,,,,,,,,,
,,,,,,,,,,,,,,,,,,,,,,,,,,,,,,,,,,,,,,,,,,,,,,,,,,,,,,,,,,,
,,,,,,,,,,,,,,,,,,,,,,,,,,,,,,,,,,,,,,,,,,,,,,,,,,,,,,,,,,,
,,,,,,,,,,,,,,,,,,,,,,,,,,,,,,,,,,,,,,,,,,,,,,,,,,,,,,,,,,,
,,,,,,,,,,,,,,,,,,,,,,,,,,,,,,,,,,,,,,,,,,,,,,,,,,,,,,,,,,,
,,,,,,,,,,,,,,,,,,,,,,,,,,,,,,,,,,,,,,,,,,,,,,,,,,,,,,,,,,,
,,,,,,,,,,,,,,,,,,,,,,,,,,,,,,,,,,,,,,,,,,,,,,,,,,,,,,,,,,,
,,,,,,,,,,,,,,,,,,,,,,,,,,,,,,,,,,,,,,,,,,,,,,,,,,,,,,,,,,,
,,,,,,,,,,,,,,,,,,,,,,,,,,,,,,,,,,,,,,,,,,,,,,,,,,,,,,,,,,,
,,,,,,,,,,,,,,,,,,,,,,,,,,,,,,,,,,,,,,,,,,,,,,,,,,,,,,,,,,,
,,,,,,,,,,,,,,,,,,,,,,,,,,,,,,,,,,,,,,,,,,,,,,,,,,,,,,,,,,,
,,,,,,,,,,,,,,,,,,,,,,,,,,,,,,,,,,,,,,,,,,,,,,,,,,,,,,,,,,,
,,,,,,,,,,,,,,,,,,,,,,,,,,,,,,,,,,,,,,,,,,,,,,,,,,,,,,,,,,,
,,,,,,,,,,,,,,,,,,,,,,,,,,,,,,,,,,,,,,,,,,,,,,,,,,,,,,,,,,,
,,,,,,,,,,,,,,,,,,,,,,,,,,,,,,,,,,,,,,,,,,,,,,,,,,,,,,,,,,,
,,,,,,,,,,,,,,,,,,,,,,,,,,,,,,,,,,,,,,,,,,,,,,,,,,,,,,,,,,,
,,,,,,,,,,,,,,,,,,,,,,,,,,,,,,,,,,,,,,,,,,,,,,,,,,,,,,,,,,,
,,,,,,,,,,,,,,,,,,,,,,,,,,,,,,,,,,,,,,,,,,,,,,,,,,,,,,,,,,,
,,,,,,,,,,,,,,,,,,,,,,,,,,,,,,,,,,,,,,,,,,,,,,,,,,,,,,,,,,,
,,,,,,,,,,,,,,,,,,,,,,,,,,,,,,,,,,,,,,,,,,,,,,,,,,,,,,,,,,,
,,,,,,,,,,,,,,,,,,,,,,,,,,,,,,,,,,,,,,,,,,,,,,,,,,,,,,,,,,,
,,,,,,,,,,,,,,,,,,,,,,,,,,,,,,,,,,,,,,,,,,,,,,,,,,,,,,,,,,,
,,,,,,,,,,,,,,,,,,,,,,,,,,,,,,,,,,,,,,,,,,,,,,,,,,,,,,,,,,,
,,,,,,,,,,,,,,,,,,,,,,,,,,,,,,,,,,,,,,,,,,,,,,,,,,,,,,,,,,,
,,,,,,,,,,,,,,,,,,,,,,,,,,,,,,,,,,,,,,,,,,,,,,,,,,,,,,,,,,,
,,,,,,,,,,,,,,,,,,,,,,,,,,,,,,,,,,,,,,,,,,,,,,,,,,,,,,,,,,,
,,,,,,,,,,,,,,,,,,,,,,,,,,,,,,,,,,,,,,,,,,,,,,,,,,,,,,,,,,,
,,,,,,,,,,,,,,,,,,,,,,,,,,,,,,,,,,,,,,,,,,,,,,,,,,,,,,,,,,,
,,,,,,,,,,,,,,,,,,,,,,,,,,,,,,,,,,,,,,,,,,,,,,,,,,,,,,,,,,,
,,,,,,,,,,,,,,,,,,,,,,,,,,,,,,,,,,,,,,,,,,,,,,,,,,,,,,,,,,,
,,,,,,,,,,,,,,,,,,,,,,,,,,,,,,,,,,,,,,,,,,,,,,,,,,,,,,,,,,,
,,,,,,,,,,,,,,,,,,,,,,,,,,,,,,,,,,,,,,,,,,,,,,,,,,,,,,,,,,,
,,,,,,,,,,,,,,,,,,,,,,,,,,,,,,,,,,,,,,,,,,,,,,,,,,,,,,,,,,,
,,,,,,,,,,,,,,,,,,,,,,,,,,,,,,,,,,,,,,,,,,,,,,,,,,,,,,,,,,,
,,,,,,,,,,,,,,,,,,,,,,,,,,,,,,,,,,,,,,,,,,,,,,,,,,,,,,,,,,,
,,,,,,,,,,,,,,,,,,,,,,,,,,,,,,,,,,,,,,,,,,,,,,,,,,,,,,,,,,,
,,,,,,,,,,,,,,,,,,,,,,,,,,,,,,,,,,,,,,,,,,,,,,,,,,,,,,,,,,,
,,,,,,,,,,,,,,,,,,,,,,,,,,,,,,,,,,,,,,,,,,,,,,,,,,,,,,,,,,,
,,,,,,,,,,,,,,,,,,,,,,,,,,,,,,,,,,,,,,,,,,,,,,,,,,,,,,,,,,,
,,,,,,,,,,,,,,,,,,,,,,,,,,,,,,,,,,,,,,,,,,,,,,,,,,,,,,,,,,,
,,,,,,,,,,,,,,,,,,,,,,,,,,,,,,,,,,,,,,,,,,,,,,,,,,,,,,,,,,,
,,,,,,,,,,,,,,,,,,,,,,,,,,,,,,,,,,,,,,,,,,,,,,,,,,,,,,,,,,,
,,,,,,,,,,,,,,,,,,,,,,,,,,,,,,,,,,,,,,,,,,,,,,,,,,,,,,,,,,,
,,,,,,,,,,,,,,,,,,,,,,,,,,,,,,,,,,,,,,,,,,,,,,,,,,,,,,,,,,,
,,,,,,,,,,,,,,,,,,,,,,,,,,,,,,,,,,,,,,,,,,,,,,,,,,,,,,,,,,,
,,,,,,,,,,,,,,,,,,,,,,,,,,,,,,,,,,,,,,,,,,,,,,,,,,,,,,,,,,,
,,,,,,,,,,,,,,,,,,,,,,,,,,,,,,,,,,,,,,,,,,,,,,,,,,,,,,,,,,,
,,,,,,,,,,,,,,,,,,,,,,,,,,,,,,,,,,,,,,,,,,,,,,,,,,,,,,,,,,,
,,,,,,,,,,,,,,,,,,,,,,,,,,,,,,,,,,,,,,,,,,,,,,,,,,,,,,,,,,,
,,,,,,,,,,,,,,,,,,,,,,,,,,,,,,,,,,,,,,,,,,,,,,,,,,,,,,,,,,,
,,,,,,,,,,,,,,,,,,,,,,,,,,,,,,,,,,,,,,,,,,,,,,,,,,,,,,,,,,,
,,,,,,,,,,,,,,,,,,,,,,,,,,,,,,,,,,,,,,,,,,,,,,,,,,,,,,,,,,,
,,,,,,,,,,,,,,,,,,,,,,,,,,,,,,,,,,,,,,,,,,,,,,,,,,,,,,,,,,,
,,,,,,,,,,,,,,,,,,,,,,,,,,,,,,,,,,,,,,,,,,,,,,,,,,,,,,,,,,,
,,,,,,,,,,,,,,,,,,,,,,,,,,,,,,,,,,,,,,,,,,,,,,,,,,,,,,,,,,,
,,,,,,,,,,,,,,,,,,,,,,,,,,,,,,,,,,,,,,,,,,,,,,,,,,,,,,,,,,,
,,,,,,,,,,,,,,,,,,,,,,,,,,,,,,,,,,,,,,,,,,,,,,,,,,,,,,,,,,,
,,,,,,,,,,,,,,,,,,,,,,,,,,,,,,,,,,,,,,,,,,,,,,,,,,,,,,,,,,,
,,,,,,,,,,,,,,,,,,,,,,,,,,,,,,,,,,,,,,,,,,,,,,,,,,,,,,,,,,,
,,,,,,,,,,,,,,,,,,,,,,,,,,,,,,,,,,,,,,,,,,,,,,,,,,,,,,,,,,,
,,,,,,,,,,,,,,,,,,,,,,,,,,,,,,,,,,,,,,,,,,,,,,,,,,,,,,,,,,,
,,,,,,,,,,,,,,,,,,,,,,,,,,,,,,,,,,,,,,,,,,,,,,,,,,,,,,,,,,,
,,,,,,,,,,,,,,,,,,,,,,,,,,,,,,,,,,,,,,,,,,,,,,,,,,,,,,,,,,,
,,,,,,,,,,,,,,,,,,,,,,,,,,,,,,,,,,,,,,,,,,,,,,,,,,,,,,,,,,,
,,,,,,,,,,,,,,,,,,,,,,,,,,,,,,,,,,,,,,,,,,,,,,,,,,,,,,,,,,,
,,,,,,,,,,,,,,,,,,,,,,,,,,,,,,,,,,,,,,,,,,,,,,,,,,,,,,,,,,,
,,,,,,,,,,,,,,,,,,,,,,,,,,,,,,,,,,,,,,,,,,,,,,,,,,,,,,,,,,,
,,,,,,,,,,,,,,,,,,,,,,,,,,,,,,,,,,,,,,,,,,,,,,,,,,,,,,,,,,,
,,,,,,,,,,,,,,,,,,,,,,,,,,,,,,,,,,,,,,,,,,,,,,,,,,,,,,,,,,,
,,,,,,,,,,,,,,,,,,,,,,,,,,,,,,,,,,,,,,,,,,,,,,,,,,,,,,,,,,,
,,,,,,,,,,,,,,,,,,,,,,,,,,,,,,,,,,,,,,,,,,,,,,,,,,,,,,,,,,,
,,,,,,,,,,,,,,,,,,,,,,,,,,,,,,,,,,,,,,,,,,,,,,,,,,,,,,,,,,,
,,,,,,,,,,,,,,,,,,,,,,,,,,,,,,,,,,,,,,,,,,,,,,,,,,,,,,,,,,,
,,,,,,,,,,,,,,,,,,,,,,,,,,,,,,,,,,,,,,,,,,,,,,,,,,,,,,,,,,,
,,,,,,,,,,,,,,,,,,,,,,,,,,,,,,,,,,,,,,,,,,,,,,,,,,,,,,,,,,,
,,,,,,,,,,,,,,,,,,,,,,,,,,,,,,,,,,,,,,,,,,,,,,,,,,,,,,,,,,,
,,,,,,,,,,,,,,,,,,,,,,,,,,,,,,,,,,,,,,,,,,,,,,,,,,,,,,,,,,,
,,,,,,,,,,,,,,,,,,,,,,,,,,,,,,,,,,,,,,,,,,,,,,,,,,,,,,,,,,,
,,,,,,,,,,,,,,,,,,,,,,,,,,,,,,,,,,,,,,,,,,,,,,,,,,,,,,,,,,,
,,,,,,,,,,,,,,,,,,,,,,,,,,,,,,,,,,,,,,,,,,,,,,,,,,,,,,,,,,,
,,,,,,,,,,,,,,,,,,,,,,,,,,,,,,,,,,,,,,,,,,,,,,,,,,,,,,,,,,,
,,,,,,,,,,,,,,,,,,,,,,,,,,,,,,,,,,,,,,,,,,,,,,,,,,,,,,,,,,,
,,,,,,,,,,,,,,,,,,,,,,,,,,,,,,,,,,,,,,,,,,,,,,,,,,,,,,,,,,,
,,,,,,,,,,,,,,,,,,,,,,,,,,,,,,,,,,,,,,,,,,,,,,,,,,,,,,,,,,,
,,,,,,,,,,,,,,,,,,,,,,,,,,,,,,,,,,,,,,,,,,,,,,,,,,,,,,,,,,,
,,,,,,,,,,,,,,,,,,,,,,,,,,,,,,,,,,,,,,,,,,,,,,,,,,,,,,,,,,,
,,,,,,,,,,,,,,,,,,,,,,,,,,,,,,,,,,,,,,,,,,,,,,,,,,,,,,,,,,,
,,,,,,,,,,,,,,,,,,,,,,,,,,,,,,,,,,,,,,,,,,,,,,,,,,,,,,,,,,,
,,,,,,,,,,,,,,,,,,,,,,,,,,,,,,,,,,,,,,,,,,,,,,,,,,,,,,,,,,,
,,,,,,,,,,,,,,,,,,,,,,,,,,,,,,,,,,,,,,,,,,,,,,,,,,,,,,,,,,,
,,,,,,,,,,,,,,,,,,,,,,,,,,,,,,,,,,,,,,,,,,,,,,,,,,,,,,,,,,,
,,,,,,,,,,,,,,,,,,,,,,,,,,,,,,,,,,,,,,,,,,,,,,,,,,,,,,,,,,,
,,,,,,,,,,,,,,,,,,,,,,,,,,,,,,,,,,,,,,,,,,,,,,,,,,,,,,,,,,,
,,,,,,,,,,,,,,,,,,,,,,,,,,,,,,,,,,,,,,,,,,,,,,,,,,,,,,,,,,,
,,,,,,,,,,,,,,,,,,,,,,,,,,,,,,,,,,,,,,,,,,,,,,,,,,,,,,,,,,,
,,,,,,,,,,,,,,,,,,,,,,,,,,,,,,,,,,,,,,,,,,,,,,,,,,,,,,,,,,,
,,,,,,,,,,,,,,,,,,,,,,,,,,,,,,,,,,,,,,,,,,,,,,,,,,,,,,,,,,,
,,,,,,,,,,,,,,,,,,,,,,,,,,,,,,,,,,,,,,,,,,,,,,,,,,,,,,,,,,,
,,,,,,,,,,,,,,,,,,,,,,,,,,,,,,,,,,,,,,,,,,,,,,,,,,,,,,,,,,,
,,,,,,,,,,,,,,,,,,,,,,,,,,,,,,,,,,,,,,,,,,,,,,,,,,,,,,,,,,,
,,,,,,,,,,,,,,,,,,,,,,,,,,,,,,,,,,,,,,,,,,,,,,,,,,,,,,,,,,,
,,,,,,,,,,,,,,,,,,,,,,,,,,,,,,,,,,,,,,,,,,,,,,,,,,,,,,,,,,,
,,,,,,,,,,,,,,,,,,,,,,,,,,,,,,,,,,,,,,,,,,,,,,,,,,,,,,,,,,,
,,,,,,,,,,,,,,,,,,,,,,,,,,,,,,,,,,,,,,,,,,,,,,,,,,,,,,,,,,,
,,,,,,,,,,,,,,,,,,,,,,,,,,,,,,,,,,,,,,,,,,,,,,,,,,,,,,,,,,,
,,,,,,,,,,,,,,,,,,,,,,,,,,,,,,,,,,,,,,,,,,,,,,,,,,,,,,,,,,,
,,,,,,,,,,,,,,,,,,,,,,,,,,,,,,,,,,,,,,,,,,,,,,,,,,,,,,,,,,,
,,,,,,,,,,,,,,,,,,,,,,,,,,,,,,,,,,,,,,,,,,,,,,,,,,,,,,,,,,,
,,,,,,,,,,,,,,,,,,,,,,,,,,,,,,,,,,,,,,,,,,,,,,,,,,,,,,,,,,,
,,,,,,,,,,,,,,,,,,,,,,,,,,,,,,,,,,,,,,,,,,,,,,,,,,,,,,,,,,,
,,,,,,,,,,,,,,,,,,,,,,,,,,,,,,,,,,,,,,,,,,,,,,,,,,,,,,,,,,,
,,,,,,,,,,,,,,,,,,,,,,,,,,,,,,,,,,,,,,,,,,,,,,,,,,,,,,,,,,,
,,,,,,,,,,,,,,,,,,,,,,,,,,,,,,,,,,,,,,,,,,,,,,,,,,,,,,,,,,,
,,,,,,,,,,,,,,,,,,,,,,,,,,,,,,,,,,,,,,,,,,,,,,,,,,,,,,,,,,,
,,,,,,,,,,,,,,,,,,,,,,,,,,,,,,,,,,,,,,,,,,,,,,,,,,,,,,,,,,,
,,,,,,,,,,,,,,,,,,,,,,,,,,,,,,,,,,,,,,,,,,,,,,,,,,,,,,,,,,,
,,,,,,,,,,,,,,,,,,,,,,,,,,,,,,,,,,,,,,,,,,,,,,,,,,,,,,,,,,,
,,,,,,,,,,,,,,,,,,,,,,,,,,,,,,,,,,,,,,,,,,,,,,,,,,,,,,,,,,,
,,,,,,,,,,,,,,,,,,,,,,,,,,,,,,,,,,,,,,,,,,,,,,,,,,,,,,,,,,,
,,,,,,,,,,,,,,,,,,,,,,,,,,,,,,,,,,,,,,,,,,,,,,,,,,,,,,,,,,,
,,,,,,,,,,,,,,,,,,,,,,,,,,,,,,,,,,,,,,,,,,,,,,,,,,,,,,,,,,,
,,,,,,,,,,,,,,,,,,,,,,,,,,,,,,,,,,,,,,,,,,,,,,,,,,,,,,,,,,,
,,,,,,,,,,,,,,,,,,,,,,,,,,,,,,,,,,,,,,,,,,,,,,,,,,,,,,,,,,,
,,,,,,,,,,,,,,,,,,,,,,,,,,,,,,,,,,,,,,,,,,,,,,,,,,,,,,,,,,,
,,,,,,,,,,,,,,,,,,,,,,,,,,,,,,,,,,,,,,,,,,,,,,,,,,,,,,,,,,,
,,,,,,,,,,,,,,,,,,,,,,,,,,,,,,,,,,,,,,,,,,,,,,,,,,,,,,,,,,,
,,,,,,,,,,,,,,,,,,,,,,,,,,,,,,,,,,,,,,,,,,,,,,,,,,,,,,,,,,,
,,,,,,,,,,,,,,,,,,,,,,,,,,,,,,,,,,,,,,,,,,,,,,,,,,,,,,,,,,,
,,,,,,,,,,,,,,,,,,,,,,,,,,,,,,,,,,,,,,,,,,,,,,,,,,,,,,,,,,,
,,,,,,,,,,,,,,,,,,,,,,,,,,,,,,,,,,,,,,,,,,,,,,,,,,,,,,,,,,,
,,,,,,,,,,,,,,,,,,,,,,,,,,,,,,,,,,,,,,,,,,,,,,,,,,,,,,,,,,,
,,,,,,,,,,,,,,,,,,,,,,,,,,,,,,,,,,,,,,,,,,,,,,,,,,,,,,,,,,,
,,,,,,,,,,,,,,,,,,,,,,,,,,,,,,,,,,,,,,,,,,,,,,,,,,,,,,,,,,,
,,,,,,,,,,,,,,,,,,,,,,,,,,,,,,,,,,,,,,,,,,,,,,,,,,,,,,,,,,,
,,,,,,,,,,,,,,,,,,,,,,,,,,,,,,,,,,,,,,,,,,,,,,,,,,,,,,,,,,,
,,,,,,,,,,,,,,,,,,,,,,,,,,,,,,,,,,,,,,,,,,,,,,,,,,,,,,,,,,,
,,,,,,,,,,,,,,,,,,,,,,,,,,,,,,,,,,,,,,,,,,,,,,,,,,,,,,,,,,,
,,,,,,,,,,,,,,,,,,,,,,,,,,,,,,,,,,,,,,,,,,,,,,,,,,,,,,,,,,,
,,,,,,,,,,,,,,,,,,,,,,,,,,,,,,,,,,,,,,,,,,,,,,,,,,,,,,,,,,,
,,,,,,,,,,,,,,,,,,,,,,,,,,,,,,,,,,,,,,,,,,,,,,,,,,,,,,,,,,,
,,,,,,,,,,,,,,,,,,,,,,,,,,,,,,,,,,,,,,,,,,,,,,,,,,,,,,,,,,,
,,,,,,,,,,,,,,,,,,,,,,,,,,,,,,,,,,,,,,,,,,,,,,,,,,,,,,,,,,,
,,,,,,,,,,,,,,,,,,,,,,,,,,,,,,,,,,,,,,,,,,,,,,,,,,,,,,,,,,,
,,,,,,,,,,,,,,,,,,,,,,,,,,,,,,,,,,,,,,,,,,,,,,,,,,,,,,,,,,,
,,,,,,,,,,,,,,,,,,,,,,,,,,,,,,,,,,,,,,,,,,,,,,,,,,,,,,,,,,,
,,,,,,,,,,,,,,,,,,,,,,,,,,,,,,,,,,,,,,,,,,,,,,,,,,,,,,,,,,,
,,,,,,,,,,,,,,,,,,,,,,,,,,,,,,,,,,,,,,,,,,,,,,,,,,,,,,,,,,,
,,,,,,,,,,,,,,,,,,,,,,,,,,,,,,,,,,,,,,,,,,,,,,,,,,,,,,,,,,,
,,,,,,,,,,,,,,,,,,,,,,,,,,,,,,,,,,,,,,,,,,,,,,,,,,,,,,,,,,,
,,,,,,,,,,,,,,,,,,,,,,,,,,,,,,,,,,,,,,,,,,,,,,,,,,,,,,,,,,,
,,,,,,,,,,,,,,,,,,,,,,,,,,,,,,,,,,,,,,,,,,,,,,,,,,,,,,,,,,,
,,,,,,,,,,,,,,,,,,,,,,,,,,,,,,,,,,,,,,,,,,,,,,,,,,,,,,,,,,,
,,,,,,,,,,,,,,,,,,,,,,,,,,,,,,,,,,,,,,,,,,,,,,,,,,,,,,,,,,,
,,,,,,,,,,,,,,,,,,,,,,,,,,,,,,,,,,,,,,,,,,,,,,,,,,,,,,,,,,,
,,,,,,,,,,,,,,,,,,,,,,,,,,,,,,,,,,,,,,,,,,,,,,,,,,,,,,,,,,,
,,,,,,,,,,,,,,,,,,,,,,,,,,,,,,,,,,,,,,,,,,,,,,,,,,,,,,,,,,,
,,,,,,,,,,,,,,,,,,,,,,,,,,,,,,,,,,,,,,,,,,,,,,,,,,,,,,,,,,,
,,,,,,,,,,,,,,,,,,,,,,,,,,,,,,,,,,,,,,,,,,,,,,,,,,,,,,,,,,,
,,,,,,,,,,,,,,,,,,,,,,,,,,,,,,,,,,,,,,,,,,,,,,,,,,,,,,,,,,,
,,,,,,,,,,,,,,,,,,,,,,,,,,,,,,,,,,,,,,,,,,,,,,,,,,,,,,,,,,,
,,,,,,,,,,,,,,,,,,,,,,,,,,,,,,,,,,,,,,,,,,,,,,,,,,,,,,,,,,,
,,,,,,,,,,,,,,,,,,,,,,,,,,,,,,,,,,,,,,,,,,,,,,,,,,,,,,,,,,,
,,,,,,,,,,,,,,,,,,,,,,,,,,,,,,,,,,,,,,,,,,,,,,,,,,,,,,,,,,,
,,,,,,,,,,,,,,,,,,,,,,,,,,,,,,,,,,,,,,,,,,,,,,,,,,,,,,,,,,,
,,,,,,,,,,,,,,,,,,,,,,,,,,,,,,,,,,,,,,,,,,,,,,,,,,,,,,,,,,,
,,,,,,,,,,,,,,,,,,,,,,,,,,,,,,,,,,,,,,,,,,,,,,,,,,,,,,,,,,,
,,,,,,,,,,,,,,,,,,,,,,,,,,,,,,,,,,,,,,,,,,,,,,,,,,,,,,,,,,,
,,,,,,,,,,,,,,,,,,,,,,,,,,,,,,,,,,,,,,,,,,,,,,,,,,,,,,,,,,,
,,,,,,,,,,,,,,,,,,,,,,,,,,,,,,,,,,,,,,,,,,,,,,,,,,,,,,,,,,,
,,,,,,,,,,,,,,,,,,,,,,,,,,,,,,,,,,,,,,,,,,,,,,,,,,,,,,,,,,,
,,,,,,,,,,,,,,,,,,,,,,,,,,,,,,,,,,,,,,,,,,,,,,,,,,,,,,,,,,,
,,,,,,,,,,,,,,,,,,,,,,,,,,,,,,,,,,,,,,,,,,,,,,,,,,,,,,,,,,,
,,,,,,,,,,,,,,,,,,,,,,,,,,,,,,,,,,,,,,,,,,,,,,,,,,,,,,,,,,,
,,,,,,,,,,,,,,,,,,,,,,,,,,,,,,,,,,,,,,,,,,,,,,,,,,,,,,,,,,,
,,,,,,,,,,,,,,,,,,,,,,,,,,,,,,,,,,,,,,,,,,,,,,,,,,,,,,,,,,,
,,,,,,,,,,,,,,,,,,,,,,,,,,,,,,,,,,,,,,,,,,,,,,,,,,,,,,,,,,,
,,,,,,,,,,,,,,,,,,,,,,,,,,,,,,,,,,,,,,,,,,,,,,,,,,,,,,,,,,,
,,,,,,,,,,,,,,,,,,,,,,,,,,,,,,,,,,,,,,,,,,,,,,,,,,,,,,,,,,,
,,,,,,,,,,,,,,,,,,,,,,,,,,,,,,,,,,,,,,,,,,,,,,,,,,,,,,,,,,,
,,,,,,,,,,,,,,,,,,,,,,,,,,,,,,,,,,,,,,,,,,,,,,,,,,,,,,,,,,,
,,,,,,,,,,,,,,,,,,,,,,,,,,,,,,,,,,,,,,,,,,,,,,,,,,,,,,,,,,,
,,,,,,,,,,,,,,,,,,,,,,,,,,,,,,,,,,,,,,,,,,,,,,,,,,,,,,,,,,,
,,,,,,,,,,,,,,,,,,,,,,,,,,,,,,,,,,,,,,,,,,,,,,,,,,,,,,,,,,,
,,,,,,,,,,,,,,,,,,,,,,,,,,,,,,,,,,,,,,,,,,,,,,,,,,,,,,,,,,,
,,,,,,,,,,,,,,,,,,,,,,,,,,,,,,,,,,,,,,,,,,,,,,,,,,,,,,,,,,,
,,,,,,,,,,,,,,,,,,,,,,,,,,,,,,,,,,,,,,,,,,,,,,,,,,,,,,,,,,,
,,,,,,,,,,,,,,,,,,,,,,,,,,,,,,,,,,,,,,,,,,,,,,,,,,,,,,,,,,,
,,,,,,,,,,,,,,,,,,,,,,,,,,,,,,,,,,,,,,,,,,,,,,,,,,,,,,,,,,,
,,,,,,,,,,,,,,,,,,,,,,,,,,,,,,,,,,,,,,,,,,,,,,,,,,,,,,,,,,,
,,,,,,,,,,,,,,,,,,,,,,,,,,,,,,,,,,,,,,,,,,,,,,,,,,,,,,,,,,,
,,,,,,,,,,,,,,,,,,,,,,,,,,,,,,,,,,,,,,,,,,,,,,,,,,,,,,,,,,,
,,,,,,,,,,,,,,,,,,,,,,,,,,,,,,,,,,,,,,,,,,,,,,,,,,,,,,,,,,,
,,,,,,,,,,,,,,,,,,,,,,,,,,,,,,,,,,,,,,,,,,,,,,,,,,,,,,,,,,,
,,,,,,,,,,,,,,,,,,,,,,,,,,,,,,,,,,,,,,,,,,,,,,,,,,,,,,,,,,,
,,,,,,,,,,,,,,,,,,,,,,,,,,,,,,,,,,,,,,,,,,,,,,,,,,,,,,,,,,,
,,,,,,,,,,,,,,,,,,,,,,,,,,,,,,,,,,,,,,,,,,,,,,,,,,,,,,,,,,,
,,,,,,,,,,,,,,,,,,,,,,,,,,,,,,,,,,,,,,,,,,,,,,,,,,,,,,,,,,,
,,,,,,,,,,,,,,,,,,,,,,,,,,,,,,,,,,,,,,,,,,,,,,,,,,,,,,,,,,,
,,,,,,,,,,,,,,,,,,,,,,,,,,,,,,,,,,,,,,,,,,,,,,,,,,,,,,,,,,,
,,,,,,,,,,,,,,,,,,,,,,,,,,,,,,,,,,,,,,,,,,,,,,,,,,,,,,,,,,,
,,,,,,,,,,,,,,,,,,,,,,,,,,,,,,,,,,,,,,,,,,,,,,,,,,,,,,,,,,,
,,,,,,,,,,,,,,,,,,,,,,,,,,,,,,,,,,,,,,,,,,,,,,,,,,,,,,,,,,,
,,,,,,,,,,,,,,,,,,,,,,,,,,,,,,,,,,,,,,,,,,,,,,,,,,,,,,,,,,,
,,0.9259259259,0.06,rr,diabetes_healthy_diet,artificially_sweetened_beverages,artificially_sweetened_beverages_no,,,,,0.9259259259,0.06,diabetes,,,,,,,,,,,,,"https://pubmed.ncbi.nlm.nih.gov/26199070/ - Imamura 2015: Consumption of sugar sweetened beverages, artificially sweetened beverages, and fruit juice and inci",[2026-05-10 restored from standard.xlsx; was wrongly removed during a previous cycle] [2026-05-10 PMID extracted from <science><title> wrapper via quorum agent; both A+B agree] [2026-05-10 PMID extracted from <science><title> wrapper via quorum agent; both A+B agree],,,,,,,,,,,,,,,,,,,,,,,,,,,,,,,
,,0.8849557522,0.07,rr,diabetes_healthy_diet,sugary_beverages_per_month,sugary_beverages_per_month_quartile_1,,,,,0.8849557522,0.07,diabetes,,,,,,,,,,,,,"https://pubmed.ncbi.nlm.nih.gov/26199070/ - Imamura 2015: Consumption of sugar sweetened beverages, artificially sweetened beverages, and fruit juice and inci",[2026-05-10 restored from standard.xlsx; was wrongly removed during a previous cycle] [2026-05-10 PMID extracted from <science><title> wrapper via quorum agent; both A+B agree] [2026-05-10 PMID extracted from <science><title> wrapper via quorum agent; both A+B agree],,,,,,,,,,,,,,,,,,,,,,,,,,,,,,,
,,0.9259259259,0.06,rr,diabetes_healthy_diet,artificially_sweetened_beverages,artificially_sweetened_beverages_no,,,,,0.9259259259,0.06,diabetes,,,,,,,,,,,,,"<science><title>Consumption of sugar sweetened beverages, artificially sweetened beverages, and fruit juice and incidence of type 2 diabetes: systematic review, meta-analysis, and estimation of population attributable fraction</>Imamura, et al<source>BMJ</>2015;1576<link>https://www.bmj.com/content/bmj/351/bmj.h3576.full.pdf</></>", [2026-05-10 restored from standard.xlsx; was wrongly removed during a previous cycle],,,,,,,,,,,,,,,,,,,,,,,,,,,,,,,
,,0.8849557522,0.07,rr,diabetes_healthy_diet,sugary_beverages_per_month,sugary_beverages_per_month_quartile_1,,,,,0.8849557522,0.07,diabetes,,,,,,,,,,,,,"<science><title>Consumption of sugar sweetened beverages, artificially sweetened beverages, and fruit juice and incidence of type 2 diabetes: systematic review, meta-analysis, and estimation of population attributable fraction</>Imamura, et al<source>BMJ</>2015;1576<link>https://www.bmj.com/content/bmj/351/bmj.h3576.full.pdf</></>", [2026-05-10 restored from standard.xlsx; was wrongly removed during a previous cycle],,,,,,,,,,,,,,,,,,,,,,,,,,,,,,,
,,,,,diabetes_healthy_diet,,,,,,,,,dependency_distal,healthy_diet_yes,0.5,healthy_diet_no,0.5,,,,,,,,,,"[debug ] value1/value2 align: was _wrapped_ suffixed, broke consumer state lookup",,,,,,,,,,,,,,,,,,,,,,,,,,,,,,,
,,,,,diabetes_healthy_diet,original_diabetes_healthy_diet,healthy_diet_yes,,,,,,,equivalent_distal,,,,,,,,,,,,,,Draft 3: equivalent_distal to original any_of,,,,,,,,,,,,,,,,,,,,,,,,,,,,,,,
,,,,,diabetes_healthy_diet,,,,,,,,,,,,,,,,,,,,,,Hartman 2017 BRFSS PMC5327681 OR 1.67-1.69 → RR 1.4 with P0=0.35,"[debug ] dropped. Prior intent (Hartman 2017 BRFSS PMC5327681): encode PA↔diet correlation by attaching PA_high as extra-RR sibling (RR=1.4) of healthy_diet wrapper. Mechanism wrong: extra-RR sibling adds inclusion-exclusion term, saturating the wrapper AND conflating diet with PA. Correlation between PA and diet is captured implicitly via NHANES OR-mask when both nodes are NHANES-coded. PA's effect on diabetes already routed through diabetes_physical_activity → diabetes_behaviors → diabetes.",,,,,,,,,,,,,,,,,,,,,,,,,,,,398208.0,cross-sectional,"US adults, BRFSS",UNVERIFIED - Claude-derived from Hartman 2017 PMC5327681 BRFSS. OR 1.67-1.69 for daily F&V given meets-PA. Converted to RR 1.4 using P0=0.35. Needs human to confirm the OR→RR conversion and the population-matching assumption.
,,,,,diabetes_poor_sleep,,,,,,,,,dependency_distal,poor_sleep_yes,0.5,poor_sleep_no,0.5,,,,,,,,,,"[debug ] value1/value2 align: was _wrapped_ suffixed, broke consumer state lookup",,,,,,,,,,,,,,,,,,,,,,,,,,,,,,,
,,,,,diabetes_poor_sleep,original_diabetes_poor_sleep,poor_sleep_yes,,,,,,,equivalent_distal,,,,,,,,,,,,,,Draft 2: equivalent_distal to original any_of,,,,,,,,,,,,,,,,,,,,,,,,,,,,,,,
,,,,rr,diabetes_poor_sleep,diabetes_physical_activity,physical_activity_low,,,,,1.65,0.22,,,,,,,,,,,,,,"<science><title>The bidirectional association between sleep and physical activity: A 6.9 years longitudinal analysis of 38,601 UK Biobank participants</><>Huang BH, Hamer M, Duncan MJ, Cistulli PA, Stamatakis E<source>Prev Med</>2021 Feb;143:106315<link>https://pubmed.ncbi.nlm.nih.gov/33171179/</></>",CONNECTING STUDY (wrapper edge): physical inactivity ↔ poor sleep cluster. Same paper as inner-wrapper row 476; bidirectional UK Biobank design supports both directions.,,,,,,,,,,,,,,,,,,,,,,,,,,,,38601.0,prospective cohort,"UK Biobank adults, 6.9yr longitudinal","VERIFIED 2026-05-11: PMID 33171179 WebFetched; UK Biobank n=38,601 6.9yr follow-up; OR 1.65 [1.45-1.88] for poor sleep ↔ physical inactivity. Replaces prior UNVERIFIED 'Gilbert 2021 + Kline RR 1.8' draft (Claude rough judgment, not a named meta). Magnitude drops from 1.8 to 1.65 - diagnose's eq_change=+0.65 propagation likely smaller but still substantial."
,,,,,bmi_obesity_concept,,,,,,,,,any_of,bmi_obesity_concept_yes,0.4,bmi_obesity_concept_no,0.6,,,,,,,,,,Draft 1: concept sub-gate wrapping bmi_naive for obesity,,,,,,,,,,,,,,,,,,,,,,,,,,,,,,,
,,,,,bmi_obesity_concept,bmi_naive,"bmi_30_to_39_obesity, bmi_40_and_over_severe_obesity",,,,,,,,,,,,,,,,,,,,,Draft 1: bmi_obesity concept = BMI>=30,,,,,,,,,,,,,,,,,,,,,,,,,,,,,,,
,,,,,original_crp_elevated_concept,,,,,,,,,any_of,crp_elevated_concept_yes,0.35,crp_elevated_concept_no,0.65,,,,,,,,,,Draft 1: original concept sub-gate wrapping CRP leaf (elevated),,,,,,,,,,,,,,,,,,,,,,,,,,,,,,,
,,,,,original_crp_elevated_concept,c_reactive_protein_mg_L,c_reactive_protein_mg_L_high_above_2,,,,,,,,,,,,,,,,,,,,,Draft 1: elevated CRP = high state (CRP > 2 mg/L),,,,,,,,,,,,,,,,,,,,,,,,,,,,,,,
,,,,,crp_elevated_concept,,,,,,,,,dependency_distal,crp_elevated_concept_yes,0.35,crp_elevated_concept_no,0.65,,,,,,,,,,"[debug ] value1/value2 align: was _wrapped_ suffixed, broke consumer state lookup",,,,,,,,,,,,,,,,,,,,,,,,,,,,,,,
,,,,,crp_elevated_concept,original_crp_elevated_concept,crp_elevated_concept_yes,,,,,,,equivalent_distal,,,,,,,,,,,,,,Draft 1: equivalent_distal to original concept,,,,,,,,,,,,,,,,,,,,,,,,,,,,,,,
,,,,rr,crp_elevated_concept,bmi_obesity_concept,bmi_obesity_concept_yes,,,,,2.3,0.7,,,,,,,,,,,,,,Choi 2013 PMID 23171381 obesity×CRP r=0.36 [0.30-0.42] for BMI×ln(CRP) → dichotomized OR≈3-4 → RR 2.3 with P0=0.35,Connecting study: BMI obesity → elevated CRP. ρ-gap closure target for breast_cancer node (parent-pair bmi_naive × c_reactive_protein had |gap|≈+0.49 in May-9 audit). Wrapper still pending wire-up into breast_cancer routing.,,,,,,,,,,,,,,,,,,,,,,,,,,,,200000.0,meta-analysis,"51 cross-sectional studies, multi-ethnic adults","VERIFIED 2026-05-11 by 2-agent quorum + orchestrator WebFetch spot-check on PMID 23171381 (Choi J, Joseph L, Pilote L. Obesity and C-reactive protein in various populations: a systematic review and meta-analysis. Obes Rev 2013 Mar;14(3):232-44). Abstract explicitly reports Pearson r=0.36 (95% CI 0.30-0.42) for BMI × ln(CRP) in adults across 51 cross-sectional studies. Both agents independently returned this exact PMID with identical effect size. OR≈3-4 conversion from r=0.36 via bivariate-normal dichotomization at BMI≥30, CRP>2 is reasonable. RR=2.3 with P0=0.35 follows OR→RR with target-population baseline."
,,,,,original_aerobic_volume_concept,,,,,,,,,any_of,aerobic_volume_concept_yes,0.5,aerobic_volume_concept_no,0.5,,,,,,,,,,Exercise distal: original aerobic-volume concept,,,,,,,,,,,,,,,,,,,,,,,,,,,,,,,
,,,,,original_aerobic_volume_concept,steps_per_day,"steps_per_day_low_under_4400, steps_per_day_normal_4400_to_8000, steps_per_day_high_8001_to_12000",,,,,,,,,,,,,,,,,,,,,Exercise distal: steps low/normal/high (not very_high = sedentary range),,,,,,,,,,,,,,,,,,,,,,,,,,,,,,,
,,,,,original_aerobic_volume_concept,cardiovascular_minutes,"cardiovascular_minutes_quartile_1, cardiovascular_minutes_quartile_2, cardiovascular_minutes_quartile_3",,,,,,,,,,,,,,,,,,,,,Exercise distal: cardiac minutes lower 3 quartiles (below-recommended),,,,,,,,,,,,,,,,,,,,,,,,,,,,,,,
,,,,,original_strength_concept,,,,,,,,,any_of,strength_concept_yes,0.2,strength_concept_no,0.8,,,,,,,,,,Exercise distal: original strength concept,,,,,,,,,,,,,,,,,,,,,,,,,,,,,,,
,,,,,original_strength_concept,strengthening_exercises,strengthening_exercises_no,,,,,,,,,,,,,,,,,,,,,Exercise distal: no strength training,,,,,,,,,,,,,,,,,,,,,,,,,,,,,,,
,,,,,original_fitness_concept,,,,,,,,,any_of,fitness_concept_yes,0.5,fitness_concept_no,0.5,,,,,,,,,,Exercise distal: original fitness concept,,,,,,,,,,,,,,,,,,,,,,,,,,,,,,,
,,,,,original_fitness_concept,vo2max_cardiovascular_fitness,"vo2max_cardiovascular_fitness_low, vo2max_cardiovascular_fitness_moderate",,,,,,,,,,,,,,,,,,,,,Exercise distal: poor cardiorespiratory fitness,,,,,,,,,,,,,,,,,,,,,,,,,,,,,,,
,,,,,,,,,,,,,,,,,,,,,,,,,,,,retired 13:55 (output blanked) + cleared Type/value1/value2 19:30 to prevent phantom 'nan' node creation that was crashing rebuild,,,,,,,,,,,,,,,,,,,,,,,,,,,,,,,
,,,,,,original_aerobic_volume_concept,aerobic_volume_concept_yes,,,,,,,,,,,,,,,,,,,,,retired 13:55 (output blanked) + cleared metadata 19:30,,,,,,,,,,,,,,,,,,,,,,,,,,,,,,,
,,,,,strength_concept,,,,,,,,,dependency_distal,strength_concept_yes,0.2,strength_concept_no,0.8,,,,,,,,,,"[debug ] value1/value2 align: was _wrapped_ suffixed, broke consumer state lookup",,,,,,,,,,,,,,,,,,,,,,,,,,,,,,,
,,,,,strength_concept,original_strength_concept,strength_concept_yes,,,,,,,equivalent_distal,,,,,,,,,,,,,,,,,,,,,,,,,,,,,,,,,,,,,,,,,,,,,
,,,,rr,strength_concept,original_aerobic_volume_concept,aerobic_volume_concept_yes,,,,,2.01,0.3,,,,,,,,,,,,,,"Bennie 2019 BRFSS PMID 30999896 n=383,928 → RR 2.01 for P(strength | aerobic)","redirected 13:55: was wrapper, now unwrapped chain",,,,,,,,,,,,,,,,,,,,,,,,,,,,383928.0,cross-sectional,"US adults, BRFSS",UNVERIFIED - Claude-derived from Bennie 2019 PMID 30999896 BRFSS. P(meets strength | meets aerobic) / P(meets strength | not aerobic) = 2.01 (derived by Claude from reported percentages). Needs human to verify the ratio calculation against the paper's tables.
,,,,,fitness_concept,,,,,,,,,dependency_distal,fitness_concept_yes,0.5,fitness_concept_no,0.5,,,,,,,,,,"[debug ] value1/value2 align: was _wrapped_ suffixed, broke consumer state lookup",,,,,,,,,,,,,,,,,,,,,,,,,,,,,,,
,,,,,fitness_concept,original_fitness_concept,fitness_concept_yes,,,,,,,equivalent_distal,,,,,,,,,,,,,,,,,,,,,,,,,,,,,,,,,,,,,,,,,,,,,
,,,,,,,,,,,,,,,,,,,,,,,,,,,Gao 2024 PMID 38878596 aerobic training → VO2max MD 1.80 → RR 2.5,"Exercise distal: connecting study AV → fitness (): blanked to promote fitness_concept from abstain-m -> descrK12. RR=2.5 was Claude-derived MD->RR conversion (UNVERIFIED per row's verification_status); err=58.8%. Remaining row (strength_concept) at err=27.5%. ORIGINAL: Stat=rr, RR_Stat_Value=2.5, RR_plus_minus=0.85. CITE: Gao 2024 PMID 38878596 aerobic training -> VO2max MD 1.80; Claude-derived RR conversion was unprincipled (per row's own verification_status note). | [csv-direct blank] fitness_concept ← aerobic_volume_concept: %err=59 magnitude failure (lit=2.50, qRR=1.03); subnet shows promotion abstain-m → descrK12; orig F=fitness_concept G=aerobic_volume_concept H=aerobic_volume_concept_wrapped_yes M=nan",,,,,,,,,,,,,,,,,,,,,,,,,,,,3000.0,meta-analysis,"RCTs of aerobic training, adults","UNVERIFIED - Claude-derived from Gao 2024 PMID 38878596. MD VO2max 1.80 ml/kg/min for aerobic training. Cross-concept RR 2.5 is Claude's rough conversion from MD to RR on a binary fitness state. Needs principled MD→RR conversion using a cutoff for ""fit"" state."
,,,,rr,fitness_concept,strength_concept,strength_concept_yes,,,,,1.6,0.5,,,,,,,,,,,,,,Resistance training meta-analyses → VO2max ≈1.9 ml/kg/min → RR 1.6,[debug ] consumer ref _wrapped_yes -> _yes after wrapper value1/value2 normalization,,,,,,,,,,,,,,,,,,,,,,,,,,,,2500.0,meta-analysis,"RCTs of resistance training, adults","UNVERIFIED - Claude-derived from ""resistance training → VO2max ≈1.9 ml/kg/min MD"" (no single citation; rough pooled). RR 1.6 is Claude's estimate. Needs a specific named meta-analysis and rigorous MD→RR conversion."
,,2.24,0.26,RR,diabetes,bmi_naive,bmi_25_to_29_overweight,,,,,2.24,0.26,,,,,,,,,,,,,,https://pubmed.ncbi.nlm.nih.gov/35042741/ - Jayedi et al 2022 BMJ (per-5-BMI RR=1.72),"connecting study diabetes <- bmi_naive direct, fixes 4-hop chain bmi_naive -> diabetes_bmi -> diabetes_belly_fat -> diabetes_signs -> diabetes (distal) that lost signal in (qry RR 0.609 vs study 2.24, WRONG direction). Same Yu 2022 meta-analysis source as diabetes_bmi rows 544-545. Appended at end so existing formula references aren't shifted by row insertion. | [21:00 K_RESTRUCTURE_REVERT] Restored from pre_K_restore backup; K-restore was a mistake (these rows were intentional bypass-fixes per their original comments). dependency_distal restructure to follow. | [21:00 K_RESTRUCTURE D] Moved to diabetes_lifestyle_extended gate | [21:05] reverted bundle attempt - mixed direction prevented any_of",,,,,,,,,,,,,,,,,,,,,,,,,,,,,,,
,,4.56,1.0,RR,diabetes,bmi_naive,"bmi_30_to_39_obesity,bmi_40_and_over_severe_obesity",,,,,4.56,1.0,,,,,,,,,,,,,,https://pubmed.ncbi.nlm.nih.gov/35042741/ - Jayedi et al 2022 BMJ (per-5-BMI RR=1.72),"connecting study diabetes <- bmi_naive direct, fixes 4-hop chain bmi_naive -> diabetes_bmi -> diabetes_belly_fat -> diabetes_signs -> diabetes (distal) that lost signal in (qry RR 0.609 vs study 2.24, WRONG direction). Same Yu 2022 meta-analysis source as diabetes_bmi rows 544-545. Appended at end so existing formula references aren't shifted by row insertion. | [21:00 K_RESTRUCTURE_REVERT] Restored from pre_K_restore backup; K-restore was a mistake (these rows were intentional bypass-fixes per their original comments). dependency_distal restructure to follow. | [21:00 K_RESTRUCTURE D] Moved to diabetes_lifestyle_extended gate | [21:05] reverted bundle attempt - mixed direction prevented any_of",,,,,,,,,,,,,,,,,,,,,,,,,,,,,,,
,,1.7,0.7,RR,pancreatic_cancer,nickel_exposure,nickel_exposure_yes,,,,,1.7,0.7,pancreatic_cancer,,,,,,,,,,,,,"https://pubmed.ncbi.nlm.nih.gov/10769297/ - Ojajärvi et al 2000 Occup Environ Med, 'Occupational exposures and pancreatic cancer: a meta-analysis'.",panc-iter delta E: pancreatic <- nickel RR 1.7 direct connecting study [2026-05-10 citation corrected: fake PMID 1739949 replaced with verified meta-analysis],,,,,,,,,,,,,,,,,,,,,,,,,,,,,,,
,,1.404928,0.1,RR,pancreatic_cancer,bmi,bmi_over_30_obesity,,,,,1.404928,0.1,pancreatic_cancer,,,,,,,,,,,,,"https://pubmed.ncbi.nlm.nih.gov/21890910/ - Aune et al 2012 Ann Oncol, 'Body mass index, abdominal fatness and pancreatic cancer risk: a non-linear dose-response meta-analysis'.",patched v6: replace bmi_pc_risk distal with direct edge [2026-05-10 citation corrected: fake PMID 1739949 replaced with verified meta-analysis],,,,,,,,,,,,,,,,,,,,,,,,,,,,,,,
,,1.573519,0.1,RR,pancreatic_cancer,bmi_naive,bmi_40_and_over_severe_obesity,,,,,1.573519,0.1,pancreatic_cancer,,,,,,,,,,,,,"https://pubmed.ncbi.nlm.nih.gov/21890910/ - Aune et al 2012 Ann Oncol, 'Body mass index, abdominal fatness and pancreatic cancer risk: a non-linear dose-response meta-analysis'.",patched v6: replace bmi_pc_risk distal with direct edge [2026-05-10 citation corrected: fake PMID 1739949 replaced with verified meta-analysis],,,,,,,,,,,,,,,,,,,,,,,,,,,,,,,
,,1.12,0.1,RR,pancreatic_cancer,bmi_naive,bmi_25_to_29_overweight,,,,,1.12,0.1,pancreatic_cancer,,,,,,,,,,,,,"<science><title>Occupational exposures and pancreatic cancer: a meta-analysis</>I Ojajarvi, T. Partanen, A. Ahlbom, P. Boffetta, T. Hakulinen, N. Jourenkova, T. Kauppinen, M. Kogevinas, M. Porta, H. Vainio, E. Weiderpass, and C. Wesseling<source>Occup Environ Med</>2000 May; 57(5): 316-324<link>https://www.ncbi.nlm.nih.gov/pmc/articles/PMC1739949/</></>",patched v6: replace bmi_pc_risk distal with direct edge,,,,,,,,,,,,,,,,,,,,,,,,,,,,,,,
,,1.5,0.6,RR,pancreatic_cancer,polycyclic_aromatic_hydrocarbons_exposure,polycyclic_aromatic_hydrocarbons_exposure_yes,,,,,1.5,0.6,pancreatic_cancer,,,,,,,,,,,,,"https://pubmed.ncbi.nlm.nih.gov/10769297/ - Ojajärvi et al 2000 Occup Environ Med, 'Occupational exposures and pancreatic cancer: a meta-analysis'.",panc-iter delta F: pancreatic <- PAH RR 1.5 direct connecting study (2nd chemical) [2026-05-10 citation corrected: fake PMID 1739949 replaced with verified meta-analysis],,,,,,,,,,,,,,,,,,,,,,,,,,,,,,,
,,1.4,0.4,RR,pancreatic_cancer,chlorinated_hydrocarbon_exposure,chlorinated_hydrocarbon_exposure_yes,,,,,1.4,0.4,pancreatic_cancer,,,,,,,,,,,,,"https://pubmed.ncbi.nlm.nih.gov/10769297/ - Ojajärvi et al 2000 Occup Environ Med, 'Occupational exposures and pancreatic cancer: a meta-analysis'.","panc-iter delta G: chlorinated direct connecting study (3rd chemical, K(panc)=5) [2026-05-10 citation corrected: fake PMID 1739949 replaced with verified meta-analysis]",,,,,,,,,,,,,,,,,,,,,,,,,,,,,,,
0.07,,0.4,0.24,OR,diabetes,intermittent_fasting,intermittent_fasting_yes,,,,,0.4175365344467641,0.2475407843405167,,,,,,,,,,,,,,https://pubmed.ncbi.nlm.nih.gov/33512717/ - Allaf 2021: (prose-only citation),"[direct] Added direct intermittent_fasting → diabetes row parallel to existing bmi_naive → diabetes direct rows (cycle-22 pattern). Mirrors the OR=0.40 from row 500 (intermittent_fasting → diabetes_sirt1_activity) but at the disease level, bypassing the diabetes_sirt1_activity → diabetes_behaviors → diabetes aggregator chain. | [21:00 K_RESTRUCTURE_REVERT] Restored from pre_K_restore backup; K-restore was a mistake (these rows were intentional bypass-fixes per their original comments). dependency_distal restructure to follow. | [21:00 K_RESTRUCTURE D] Moved to diabetes_lifestyle_extended gate | [21:05] reverted bundle attempt - mixed direction prevented any_of [2026-05-10 PMID extracted from <science><title> wrapper via quorum agent; both A+B agree]",,,,,,,,,,,,,,,,,,,,,,,,,,,,,meta-analysis-cochrane,general population,verified-mirror
0.07,,0.5236,0.27,HR,diabetes,daily_time_sitting,"daily_time_sitting_less_than_2_hours, daily_time_sitting_over_2_but_less_than_6_hours",,,,,0.53264496998106,0.2721362617144094,,,,,,,,,,,,,,https://pubmed.ncbi.nlm.nih.gov/25599350/ - Biswas 2015: (prose-only citation),[direct] Added direct daily_time_sitting → diabetes row parallel to existing intermittent_fasting and bmi_naive direct rows (cycle-22 pattern). Bypasses diabetes_physical_regularity → diabetes_behaviors → diabetes aggregator chain. | [21:00 K_RESTRUCTURE_REVERT] Restored from pre_K_restore backup; K-restore was a mistake (these rows were intentional bypass-fixes per their original comments). dependency_distal restructure to follow. | [21:00 K_RESTRUCTURE D] Moved to diabetes_lifestyle_extended gate | [21:05] reverted bundle attempt - mixed direction prevented any_of [2026-05-10 PMID extracted from <science><title> wrapper via quorum agent; both A+B agree],,,,,,,,,,,,,,,,,,,,,,,,,,,,,meta-analysis,"general population, 47 articles",verified-mirror
,,8.43,0.8,RR,lung_cancer,five_days_smoke_cigarettes,five_days_smoke_cigarettes_yes,,,,,8.43,0.7999999999999998,lung_cancer,,,,,,,,,,,,,https://pubmed.ncbi.nlm.nih.gov/16537710/ - Lubin 2006: (prose-only citation),[direct] Cycle-8 bypass pattern: direct five_days_smoke_cigarettes → lung_cancer to bypass lc_smoking aggregator chain dilution. Same study as the lc_smoking row. | [21:00 K_RESTRUCTURE_REVERT] Restored from pre_K_restore backup; K-restore was a mistake (these rows were intentional bypass-fixes per their original comments). dependency_distal restructure to follow. [2026-05-10 PMID extracted from <science><title> wrapper via quorum agent; both A+B agree],,,,,,,,,,,,,,,,,,,,,,,,,,,,,,,
,,5.5,0.43,RR,lung_cancer,smoked_100_cigarettes,smoked_100_cigarettes_yes,,,,,5.5,0.4299999999999997,lung_cancer,,,,,,,,,,,,,https://pubmed.ncbi.nlm.nih.gov/16537710/ - Lubin 2006: (prose-only citation),[direct] Cycle-8 bypass pattern: direct smoked_100_cigarettes → lung_cancer to bypass lc_smoking aggregator chain dilution. | [21:00 K_RESTRUCTURE_REVERT] Restored from pre_K_restore backup; K-restore was a mistake (these rows were intentional bypass-fixes per their original comments). dependency_distal restructure to follow. [2026-05-10 PMID extracted from <science><title> wrapper via quorum agent; both A+B agree],,,,,,,,,,,,,,,,,,,,,,,,,,,,,,,
,,,,,,,,,,,,,,,,,,,,,,,,,,,,,,,,,,,,,,,,,,,,,,,,,,,,,,,,,,,
0.31,,2.0,0.4,OR,hypertension,sleep_apnea,sleep_apnea_yes,,,,,1.5267175572519085,0.1776450446043533,,,,,,,,,,,,,,Nieto 2000 SHHS (PMID 10770144): OSA → hypertension OR~2,"[] Restored c13 medical-knowledge edge from apply_cycle13_build.py (was added in-memory only at c13 build time, never persisted to xlsx). Reason: c13 had 97.6% direction; current cycle-9a 94.7% - diff revealed these 5 connecting studies missing. | [21:00 K_RESTRUCTURE_REVERT] Restored from pre_K_restore backup; K-restore was a mistake (these rows were intentional bypass-fixes per their original comments). dependency_distal restructure to follow.",,,,,,,,,,,,,,,,,,,,,,,,,,,,,meta-analysis,meta-analysis,
0.0015,,,,,liver_cancer,heavy_alcohol_consumption_last_year,heavy_alcohol_consumption_days_4_or_5_drinks_last_year_daily,,,,,,,,,,,,,,,,,,,,Bagnardi 2015 (PMID 25422909): heavy alcohol → liver cancer RR~2.5,"[c11→c12 SUBNET-FIX liver_cancer] Blanked Stat fields. Reason: M4 mechanism - liver_cancer base rate ~0.0015 × heavy_alcohol_daily prior ~0.005 = simplex bound dominates; polytope inverts heavy_alcohol's literature direction (model RR 0.842 vs study 2.5). Original from build script ({'Stat': 'RR', 'Stat Value': 2.5, 'Plus minus': 0.6, 'RR Stat Value': 2.5, 'RR plus minus': 0.6}); structurally same M4 issue as pancreatic chemicals. Per memory rule M4 = paper limitation. Effect on c11→c12: liver_cancer direction 1/2 → 1/1; net wrongs 16 → 15.",,,,,,,,,,,,,,,,,,,,,,,,,,,,,meta-analysis,meta-analysis,
0.04,,2.0,0.3,RR,acm_inflammation_extended,frailty,frailty_yes,,,,,2.0,0.3,all_cause_mortality,,,,,,,,,,,,,Fried 2001 CHS (PMID 11253156): frailty → ACM RR~2,"[] Restored c13 medical-knowledge edge from apply_cycle13_build.py (was added in-memory only at c13 build time, never persisted to xlsx). Reason: c13 had 97.6% direction; current cycle-9a 94.7% - diff revealed these 5 connecting studies missing. | [21:00 K_RESTRUCTURE_REVERT] Restored from pre_K_restore backup; K-restore was a mistake (these rows were intentional bypass-fixes per their original comments). dependency_distal restructure to follow. | [21:00 K_RESTRUCTURE] Moved from direct ACM parent to acm_inflammation_extended gate child (Type=all_cause_mortality activates distal aggregation for ACM)",,,,,,,,,,,,,,,,,,,,,,,,,,,,,meta-analysis,meta-analysis,
0.055,,1.6,0.2,RR,coronary_artery_disease,depression,depression_yes,,,,,1.6,0.1999999999999999,,,,,,,,,,,,,,https://pubmed.ncbi.nlm.nih.gov/17082208/ - Nicholson 2006 depression-incident-CAD meta (54 studies),"[] Restored c13 medical-knowledge edge from apply_cycle13_build.py (was added in-memory only at c13 build time, never persisted to xlsx). Reason: c13 had 97.6% direction; current cycle-9a 94.7% - diff revealed these 5 connecting studies missing. [2026-05-10 fake PMID 16952947 removed; row kept for network structure; needs real citation]",,,,,,,,,,,,,,,,,,,,,,,,,,,,,meta-analysis,meta-analysis,
,,,,,acm_inflammation_extended,,,,,,,,,any_of,acm_inflammation_extended_yes,1,acm_inflammation_extended_no,0,,,,,,,,,,"[21:00 K_RESTRUCTURE] new aggregator gate; bundles 4 ACM-direct cytokines + frailty (rows 1455-1458, 2445)",,,,,,,,,,,,,,,,,,,,,,,,,,,,,,,
,,,,,all_cause_mortality,acm_inflammation_extended,acm_inflammation_extended_yes,,,,,,,distal,,,,,,,,,,,,,,"[21:00 K_RESTRUCTURE] distal link replacing direct ACM<-{TNF,IL6,IL6_1beta,MIC1,frailty}; aggregation computes RR from leaves via NHANES co-occurrence",,,,,,,,,,,,,,,,,,,,,,,,,,,,,,,
,,,,,ci_physical_activity,,,,,,,,,any_of,ci_physical_activity_yes,1,ci_physical_activity_no,0,,,,,,,,1.0,,"[21:00 K_RESTRUCTURE] new aggregator gate; bundles 2 cog_imp-direct PA leaves (rows 1136, 1137)",,,,,,,,,,,,,,,,,,,,,,,,,,,,,,,
,,,,,cognitive_impairment,ci_physical_activity,ci_physical_activity_yes,,,,,,,distal,,,,,,,,,,,,,,"[21:00 K_RESTRUCTURE] distal link replacing direct cog_imp<-{physical_activity, moderate_physical_activity}; aggregation computes RR from leaves",,,,,,,,,,,,,,,,,,,,,,,,,,,,,,,
,,,,,ci_movement,,,,,,,,,dependency_distal,ci_movement_yes,0.5,ci_movement_no,0.5,,,,,,,,,,"ci_movement wrapper for cog_imp; two siblings (IGF1, vit D) - both subnet-WIN per eval",,,,,,,,,,,,,,,,,,,,,,,,,,,,,,,
,,,,,ci_movement,original_ci_movement,ci_movement_yes,,,,,,,equivalent_distal,,,,,,,,,,,,,,eq_distal row of 3-row block,,,,,,,,,,,,,,,,,,,,,,,,,,,,,,,
,,0.84,0.1,RR,ci_movement,IGF1_ng_ml,IGF1_ng_ml_quartile_4_above_210,,,,,0.84,0.0999999999999999,,,,,,,,,,,,,,https://pubmed.ncbi.nlm.nih.gov/19665513/ - Aleman 2009: (prose-only citation),connecting study sibling 1: IGF1 (subnet-WIN dOK=+2 dFLAT=-1) [2026-05-10 PMID extracted from <science><title> wrapper via quorum agent; both A+B agree],,,,,,,,,,,,,,,,,,,,,,,,,,,,,,,
,,1.6,0.2,RR,ci_movement,vitamin_d_nmol_per_liter_naive,vitamin_d_nmol_per_liter_deficiency_under_30,,,,,1.6,0.1999999999999999,,,,,,,,,,,,,,https://pubmed.ncbi.nlm.nih.gov/23948884/ - Annweiler 2013: (prose-only citation),connecting study sibling 2: vit D (subnet-WIN dOK=+2 dFLAT=-1) [2026-05-10 PMID extracted from <science><title> wrapper via quorum agent; both A+B agree],,,,,,,,,,,,,,,,,,,,,,,,,,,,,,,
,,1.21,0.1,RR,hypertension,sleep_anomaly,workday_sleep_under_5,,,,,1.21,0.1,hypertension,,,,,,,,,,,,,"https://pubmed.ncbi.nlm.nih.gov/22763475/ - Wang 2012 Hypertens Res, short-sleep→hypertension meta",UKBB pair #1 - short sleep → HTN (Wang 2012 meta) [2026-05-10 fake PMID 22892813 removed; row kept for network structure; needs real citation],,,,,,,,,,,,,,,,,,,,,,,,,,,,,,,
,,1.71,0.2,RR,hypertension,bmi,bmi_over_30_obesity,,,,,1.71,0.1999999999999999,hypertension,,,,,,,,,,,,,https://pubmed.ncbi.nlm.nih.gov/29334692/ - Shihab 2012: Body mass index and the risk of hypertension,UKBB pair #8 - obesity → HTN (UKBB midpoint 1.64; Brown 2010 meta gives ~1.7) [2026-05-10 PMID extracted from <science><title> wrapper via quorum agent; both A+B agree],,,,,,,,,,,,,,,,,,,,,,,,,,,,,,,
,,1.65,0.15,RR,breast_cancer,bmi,bmi_over_30_obesity,,,,,1.65,0.1499999999999999,breast_cancer,,,,,,,,,,,,,<science><title>Body-mass index and incidence of cancer</><source>Lancet</>2008;371(9612):569-78<link>Renehan 2008 PMID 18280327</></>,UKBB pair #15 - obesity → breast cancer (Renehan 2008 postmenopausal),,,,,,,,,,,,,,,,,,,,,,,,,,,,,,,
,,1.2,0.1,RR,cardiac_event,dietary_fiber_gm,dietary_fiber_gm_quartile_1,,,,,1.2,0.1,cardiac_event,,,,,,,,,,,,,<science><title>Dietary fibre intake and risk of cardiovascular disease</><source>BMJ</>2013;347:f6879<link>Threapleton 2013 PMID 24355537</></>,UKBB pair #16 - low fiber → cardiac event (Threapleton 2013 meta; risk of low-fiber Q1),,,,,,,,,,,,,,,,,,,,,,,,,,,,,,,
,,1.37,0.15,RR,cardiac_event,smokeless_tobacco_use,smokeless_tobacco_use_yes,,,,,1.37,0.1499999999999999,cardiac_event,,,,,,,,,,,,,<science><title>Smokeless tobacco use and risk of fatal myocardial infarction</><source>BMJ</>2009;339:b3060<link>Boffetta 2009 PMID 19690343</></>,UKBB pair #18 - snus → fatal MI / cardiac event (Boffetta 2009),,,,,,,,,,,,,,,,,,,,,,,,,,,,,,,
,,1.5,0.2,RR,fracture_risk,vegetarian,vegetarian_yes,,,,,1.5,0.1999999999999999,fracture_risk,,,,,,,,,,,,,"https://pubmed.ncbi.nlm.nih.gov/33222682/ - Tong et al 2020 BMC Med, EPIC-Oxford prospective. Vegan vs meat-eater total fracture HR=1.43 (95%CI 1.20,1.70). Row RR=1.5 within paper-reported range.",UKBB pair #20 - vegetarian → fracture risk (Ho-Pham 2009 hip fracture) [2026-05-10 fake PMID 19571226 removed; row kept for network structure; needs real citation] [2026-05-10 citation replaced: Ho-Pham 2009 was BMD-only; Tong 2020 reports fracture HR directly],,,,,,,,,,,,,,,,,,,,,,,,,,,,,,,
,,2.0,0.3,RR,all_cause_mortality,frailty,frailty_yes,,,,,2.0,0.3,all_cause_mortality,,,,,,,,,,,,,"https://pubmed.ncbi.nlm.nih.gov/27886869/ - Vermeiren 2016 frailty-mortality meta (HR/RR 1.83, OR 2.34)",[v3 tool2] direct frailty -> ACM bypassing acm_inflammation_extended any_of [2026-05-10 fake PMID 27013500 removed; row kept for network structure; needs real citation],,,,,,,,,,,,,,,,,,,,,,,,,,,,,,,
,,1.57,0.2,RR,all_cause_mortality,vitamin_d_nmol_per_liter,vitamin_d_nmol_per_liter_deficiency_under_30,,,,,1.57,0.1999999999999999,all_cause_mortality,,,,,,,,,,,,,<science><title>Vitamin D status and mortality: meta-analysis of cohorts</><source>BMJ</>2014<link>Schöttker 2014 PMID 24938302</></>,[v3 tool2] direct vit_d_def -> ACM bypassing acm_state any_of chain,,,,,,,,,,,,,,,,,,,,,,,,,,,,,,,
,,,,,,,,,,,,,,,,,,,,,,,,,,,<science><title>Sleep duration and all-cause mortality: meta-analysis of cohorts</><source>Sleep</>2010<link>Cappuccio 2010 PMID 20469800</></>,"[K-cut PM] Dropped ACM ← long_sleep to reduce K from 10 to 7. Cappuccio 2011 PMID 20469800 explicitly disclaims causal interpretation; long_sleep is an observational marker for unmeasured comorbidity. RR=1.34 was the Cappuccio meta-analysis pooled estimate. Future: if needed, route via frailty (long_sleep correlates with frailty markers).",,,,,,,,,,,,,,,,,,,,,,,,,,,,,,,
,,,,,,,,,,,,,,,,,,,,,,,,,,,<science><title>BMI and all-cause mortality: pooled analysis of 230 cohort studies</><source>Lancet</>2016<link>Aune 2016 PMID 27146380</></>,"[K-cut PM] Dropped ACM ← bmi direct edge to reduce K from 10 to 7. Was RR=1.28 from GBMC 2016. Some bmi effect remains via diabetes → cv_mortality → ACM and via frailty → ACM. Pure-bmi direct effect lost; restore in next cycle by adding bmi → cancer_mortality and bmi → cv_mortality direct (sub-mortality K=2,4 has room). Documented as known caveat for paper.",,,,,,,,,,,,,,,,,,,,,,,,,,,,,,,
,,,,,diabetes_diet_fruits_and_vegetables,,,,,,,,,dependency_distal,diet_fruits_and_vegetables_yes,0.5,diet_fruits_and_vegetables_no,0.5,,,,,,,,,,"[debug ] value1/value2 align: was diabetes_-prefixed, broke consumer state lookup",,,,,,,,,,,,,,,,,,,,,,,,,,,,,,,
,,,,,diabetes_diet_fruits_and_vegetables,original_diabetes_diet_fruits_and_vegetables,diet_fruits_and_vegetables_yes,,,,,,,equivalent_distal,,,,,,,,,,,,,,[subnet test ] eq_distal to original_*,,,,,,,,,,,,,,,,,,,,,,,,,,,,,,,
,,,,rr,diabetes_diet_fruits_and_vegetables,original_diabetes_dietary_fiber_gm,dietary_fiber_gm_yes,,,,,2.0,0.4,,,,,,,,,,,,,,"Hoy MK et al., USDA ARS Food Surveys Research Group; NHANES 2009-2010 dietary intake data: fruits + vegetables = 28% of US adult dietary fiber intake (highest contributor); top vs bottom F&V quartile gives ~2-3x dietary fiber intake difference; consistent with RR=2.0","[restored 18:30] revert drop_both for row 2465. The wrapper diabetes_diet_fruits_and_vegetables needs ≥1 extra-RR sibling for the dep_distal parser; without it, INVARS dict had only eq_distal entry, causing data_fit_and_monotonicity to crash on empty keylist. The fiber-as-correlation-proxy concern remains but takes lower priority than build success.",,,,,,,,,,,,,,,,,,,,,,,,,,,,5000.0,cross-sectional NHANES dietary recall analysis,US adults 19+,
,,,,,,,,,,,,,,,,,,,,,,,,,,,,retired 13:55 (output blanked) + cleared Type/value1/value2 19:30 to prevent phantom 'nan' node creation that was crashing rebuild,,,,,,,,,,,,,,,,,,,,,,,,,,,,,,,
,,,,,,original_diabetes_dietary_fiber_gm,dietary_fiber_gm_yes,,,,,,,,,,,,,,,,,,,,,retired 13:55 (output blanked) + cleared metadata 19:30,,,,,,,,,,,,,,,,,,,,,,,,,,,,,,,
,,,,rr,,diabetes_sirt1_activity,sirt1_activity_yes,,,,,1.5,0.3,,,,,,,,,,,,,,PLACEHOLDER - SIRT1 activity correlates with caloric/dietary patterns including fiber,retired 13:55 (output blanked) + cleared metadata 19:30,,,,,,,,,,,,,,,,,,,,,,,,,,,,,,,
,,5.65,1.235,OR,daytime_unrestedness,daytime_drowsiness,daytime_drowsiness_almost_always,,,,,5.65,1.235,,,,,,,,,,,,,,"<science><title>Excessive sleepiness and associated symptoms in the U.S. adult population: prevalence, correlates, and comorbidity</>Kolla BP, He JP, Mansukhani MP, Frye MA, Merikangas K<source>Sleep Health</>2020 Feb;6(1):79-87<link>https://pubmed.ncbi.nlm.nih.gov/31685441/</></>",CONNECTING STUDY (2026-05-11 cycle 2): drowsiness → unrestedness composite OR=5.65 [4.55-7.02] for excessive-sleepiness co-occurring with insomnia-symptom complex. Closes May-9-audit ρ-gap of +0.71 on sleep_hygiene_1 parent-pair (daytime_drowsiness × daytime_unrestedness).,,,,,,,,,,,,,,,,,,,,,,,,,,,,5962.0,cross-sectional,"NCS-R US adults age 18+, n=5962",VERIFIED 2026-05-11 cycle 2 by 2-of-3 agent quorum (B+C) + orchestrator PubMed esummary on PMID 31685441
,,2.2,0.4,OR,wake_up_cant_sleep,wake_too_early,wake_too_early_almost_always,,,,,2.2,0.4,,,,,,,,,,,,,,"<science><title>Nighttime insomnia symptoms and perceived health in the America Insomnia Survey (AIS)</>Walsh JK, Coulouvrat C, Hajak G, Lakoma MD, Petukhova M<source>Sleep</>2011 Aug 1;34(8):997-1011<link>https://pubmed.ncbi.nlm.nih.gov/21804662/</></>","CONNECTING STUDY (2026-05-11 cycle 2): EMA × DMS insomnia symptom cluster, tetrachoric r=0.20-0.58 for symptom pairs (DMS-EMA midpoint r≈0.39 → OR≈2.2). Closes May-9-audit ρ-gap of +0.56 on hypertension parent-pair (wake_too_early × wake_up_cant_sleep).",,,,,,,,,,,,,,,,,,,,,,,,,,,,6791.0,cross-sectional,"America Insomnia Survey, US adults n=6791",VERIFIED 2026-05-11 cycle 2 by 2-of-3 agent quorum (A+C) + orchestrator PubMed esummary on PMID 21804662
,,8.0,2.0,OR,dietary_potassium_mg,dietary_magnesium_mg,dietary_magnesium_mg_quartile_1,,,,,8.0,2.0,,,,,,,,,,,,,,"<science><title>Association between intakes of magnesium, potassium, and calcium and risk of stroke: 2 cohorts of US women and updated meta-analyses</>Adebamowo SN, Spiegelman D, Willett WC, Rexrode KM<source>Am J Clin Nutr</>2015 Jun;101(6):1269-77<link>https://pubmed.ncbi.nlm.nih.gov/25948665/</></>",CONNECTING STUDY (2026-05-11 cycle 2): dietary Mg × K co-intake Pearson r=0.79 (NHS-I) / r=0.73 (NHS-II) → OR≈8 for joint low-quartile occurrence (conservative; r=0.79 would imply OR≈17 but capped to avoid solver instability). Closes May-9-audit ρ-gap of +0.51 on minerals parent-pair.,,,,,,,,,,,,,,,,,,,,,,,,,,,,180864.0,two prospective cohorts,"Nurses Health Study I + II, US women n=180864",VERIFIED 2026-05-11 cycle 2 by 2-of-3 agent quorum (B+C) + orchestrator PubMed esummary on PMID 25948665
,,7.0,2.0,OR,diabetes,hypertension,hypertension_yes,,,,,7.0,2.0,,,,,,,,,,,,,,"<science><title>Associations of Concurrent Hypertension and Type 2 Diabetes With Mortality Outcomes: A Prospective Study of U.S. Adults</>Yuan Y, et al<source>Diabetes Care</>2025;48(7):1241-1250<link>https://pubmed.ncbi.nlm.nih.gov/40397766/</></>","CONNECTING STUDY (2026-05-11 cycle 3): concurrent T2D+HTN prevalence 8.7% in NHANES 1999-2018 (n=48727) vs ~4.2% expected under independence (marginals HTN 38.4%, T2D 11.1%) → OR≈7 for T2D given HTN vs given no HTN. Closes fresh-audit ρ-gap of +0.31 on heart_attack and cardiac_event parent-pairs.",,,,,,,,,,,,,,,,,,,,,,,,,,,,48727.0,prospective cohort,NHANES 1999-2018 US adults n=48727,VERIFIED 2026-05-11 cycle 3 by 2-of-2 agent quorum (A+B) + orchestrator PubMed esummary on PMID 40397766
,,3.53,1.275,RR,non_alcoholic_fatty_liver_disease,bmi_naive,bmi_30_to_39_obesity,,,,,3.53,1.275,,,,,,,,,,,,,,"<science><title>Obesity is an independent risk factor for non-alcoholic fatty liver disease: evidence from a meta-analysis of 21 cohort studies</>Li L, Liu DW, Yan HY, Wang ZY, Zhao SH, Wang B<source>Obes Rev</>2016 Jun;17(6):510-9<link>https://pubmed.ncbi.nlm.nih.gov/27020692/</></>","CONNECTING STUDY (2026-05-11 cycle 4): obesity → NAFLD RR=3.53 [2.48-5.03], per-1-unit-BMI RR=1.20 [1.14-1.26]. Closes fresh-audit ρ-gap of +0.34 on mean_platelet_volume_fL_naive parent-pair (non_alcoholic_fatty_liver_disease × bmi).",,,,,,,,,,,,,,,,,,,,,,,,,,,,381655.0,meta-analysis of 21 cohort studies,"13 prospective + 8 retrospective cohorts, n=381655",VERIFIED 2026-05-11 cycle 4 by 2-of-2 agent quorum (A+B EXACT match) + orchestrator PubMed esummary on PMID 27020692
,,4.2,1.0,OR,weekend_sleep_hours_per_night,workday_sleep_hours_per_night,workday_sleep_under_5,,,,,4.2,1.0,,,,,,,,,,,,,,"<science><title>Sleep duration and mortality - Does weekend sleep matter?</>Akerstedt T, Ghilotti F, Grotta A, Zhao H, Adami HO, Trolle-Lagerros Y, Bellocco R<source>J Sleep Res</>2019;28(1):e12712<link>https://pubmed.ncbi.nlm.nih.gov/29790200/</></>","CONNECTING STUDY (2026-05-11 cycle 6): workday × weekend sleep duration within-person Pearson r=0.58 whole-cohort (range 0.53 youngest to 0.85 oldest), Swedish National March Cohort 13-yr follow-up n=38015 → OR≈4.2 for joint short-sleep occurrence. Closes ρ-gap on long_sleep / sleep_hygiene_2 parent-pair.",,,,,,,,,,,,,,,,,,,,,,,,,,,,38015.0,prospective cohort,"Swedish National March Cohort n=38015, 13-yr follow-up","VERIFIED 2026-05-11 cycle 6 by 2-of-3 agent quorum (A+C) + orchestrator. PMID 29790200, r=0.58 reported in PMC7003477 full text body (not abstract - explains why some agents returned null on first pass)."
,,2.97,1.235,OR,heavy_alcohol_consumption_last_year,five_days_smoke_cigarettes,five_days_smoke_cigarettes_yes,,,,,2.97,1.235,,,,,,,,,,,,,,"<science><title>The association between current smoking and binge drinking among adults: A systematic review and meta-analysis of cross-sectional studies</>Molaeipour L, Mehravar F, Khedmati Morasae E, Hayati F, Vahedi L, Bayat F, Jafarzadeh M, Babaei H<source>Front Psychiatry</>2023;13:1084762<link>https://pubmed.ncbi.nlm.nih.gov/36741566/</></>",CONNECTING STUDY (2026-05-11 cycle 6): current smoking ↔ binge drinking adjusted OR=2.97 [1.98-4.45] meta of 9 cross-sectional studies n=64516. Closes ρ-gap of +0.35 on frailty_lifestyle / lifestyle / healthy_lifestyle parent-pair.,,,,,,,,,,,,,,,,,,,,,,,,,,,,64516.0,meta-analysis of 9 cross-sectional studies,"Adults across multiple populations, n=64516","VERIFIED 2026-05-11 cycle 6 by 2-of-3 agent quorum (A+C) + orchestrator PubMed esummary on PMID 36741566. Independent agent B picked Wang 2020 PMID 32587485 BRFSS (OR=1.94 standard binge / 3.27 high-intensity) - same direction, similar magnitude, different source."
,,10.0,2.5,OR,dietary_fiber_gm,dietary_magnesium_mg,dietary_magnesium_mg_quartile_1,,,,,10.0,2.5,,,,,,,,,,,,,,"<science><title>Dietary magnesium and fiber intakes and inflammatory and metabolic indicators in middle-aged subjects from a population-based cohort</>Bo S, Durazzo M, Guidi S, Carello M, Sacerdote C<source>Am J Clin Nutr</>2006 Nov;84(5):1062-9<link>https://pubmed.ncbi.nlm.nih.gov/17093158/</></>",CONNECTING STUDY (2026-05-12 cycle 7): dietary Mg × fiber Pearson r=0.81 (full text; both nutrients co-occur in plant foods) → joint Q1 OR≈10 (capped from theoretical ~15 for solver stability). Closes ρ-gap on anti_inflammatory_mineral_and_fiber_deficiency parent-pair.,,,,,,,,,,,,,,,,,,,,,,,,,,,,1653.0,cross-sectional population-based cohort,Italian middle-aged adults n=1653,"VERIFIED 2026-05-12 cycle 7 by 2-of-2 agent quorum (A+B EXACT match) + orchestrator PubMed esummary on PMID 17093158. r=0.81 from full text (PMC), abstract documents strong fiber-Mg confounding implying high correlation."
,,1.43,0.24,OR,diet_fruits_and_vegetables,sedentariness,sedentariness_high,,,,,1.43,0.24,,,,,,,,,,,,,,"<science><title>A systematic review on the clustering and co-occurrence of multiple risk behaviours</>Meader N, King K, Moe-Byrne T, Wright K, Graham H<source>BMC Public Health</>2016 Jul 29;16:657<link>https://pubmed.ncbi.nlm.nih.gov/27473458/</></>","CONNECTING STUDY (2026-05-12 cycle 7): physical inactivity × low fruit-veg co-occurrence prevalence 47-54% in adults, POR=1.43 [1.19-1.67] across 2 large studies (Poortinga 2007 + 1 UK study, pooled n>18000). Closes ρ-gap on lifestyle / healthy_lifestyle parent-pairs.",,,,,,,,,,,,,,,,,,,,,,,,,,,,18066.0,"systematic review of 37 studies (32 cross-sectional, 5 longitudinal)",Adult populations n=18066 across 2 large lifestyle-clustering studies,VERIFIED 2026-05-12 cycle 7 by 2-of-2 agent quorum (A+B EXACT match on PMID) + orchestrator PubMed esummary on PMID 27473458.
,,7.4,1.5,OR,insomnia,wake_too_early,wake_too_early_almost_always,,,,,7.4,1.5,,,,,,,,,,,,,,"<science><title>The Prevalence of Insomnia Subtypes in Relation to Demographic Characteristics, Anxiety, Depression, Alcohol Consumption and Use of Hypnotics</>Bjørøy I, Jørgensen VA, Pallesen S, Bjorvatn B<source>Front Psychol</>2020;11:527<link>https://pubmed.ncbi.nlm.nih.gov/32265811/</></>","CONNECTING STUDY (2026-05-12 cycle 8): wake_too_early (EMA) × insomnia diagnosis. Among n=64503 DSM-5 chronic insomnia adults, EMA-containing subtypes = 56.6% (4.6 EMA-only + 9.4 SOL+EMA + 9.9 WASO+EMA + 32.7 SOL+WASO+EMA). Translates to OR≈7.4 vs general-population EMA marginal ~15%. Closes ρ-gap on hypertension wake_too_early × insomnia parent-pair (gap +0.45).",,,,,,,,,,,,,,,,,,,,,,,,,,,,64503.0,cross-sectional Norwegian web survey,Adults with DSM-5 chronic insomnia diagnosis n=64503,VERIFIED 2026-05-12 cycle 8 by 2-of-3 agent quorum (A+C) + orchestrator PubMed esummary on PMID 32265811. Different paper than Walsh 2011 already used for EMA×WASO row; this row covers EMA × insomnia diagnosis specifically.
,,2.27,0.41,RR,depression,insomnia,insomnia_yes,,,,,2.27,0.41,,,,,,,,,,,,,,"<science><title>Insomnia and the risk of depression: a meta-analysis of prospective cohort studies</>Li L, Wu C, Gan Y, Qu X, Lu Z<source>BMC Psychiatry</>2016 Nov 5;16(1):375<link>https://pubmed.ncbi.nlm.nih.gov/27816065/</></>","CONNECTING STUDY (2026-05-12 cycle 9): insomnia → incident depression RR=2.27 [1.89-2.71] meta-analysis of 34 prospective cohorts (n=172,077, mean f/u 60.4 months). Closes ρ-gap on depression parent-pair.",,,,,,,,,,,,,,,,,,,,,,,,,,,,172077.0,meta-analysis of 34 prospective cohort studies,"Adult populations across 34 cohorts, mean follow-up 60.4 months",VERIFIED 2026-05-12 cycle 9 by 2-of-2 agent quorum (A+B EXACT match) + orchestrator PubMed esummary on PMID 27816065. Standard reference for the insomnia→depression direction; supersedes Baglioni 2011 PMID 21300408 (OR 2.60 across 21 studies).
0.1152,,0.34,0.06,SMD,bmi,age_at_menarche,age_at_menarche_younger_than_10,,,,,,,,,,,,,,,,,,,,"<science><title>Pubertal timing and adult obesity and cardiometabolic risk in women and men: a systematic review and meta-analysis</>Prentice P, Viner RM<source>Int J Obes (Lond)</>2013 Aug;37(8):1036-43<link>https://pubmed.ncbi.nlm.nih.gov/23164700/</></>","CONNECTING STUDY (2026-05-12 cycle 13): early menarche (<12 yrs) → adult BMI SMD=+0.34 kg/m² (95% CI 0.33-0.34 per abstract, widened to ±0.06 here for solver stability - abstract CI half-width 0.005 is anomalously tight vs late-menarche half-width 0.075, likely PubMed-display abbreviation). Closes ρ-gap on hypertension's age_at_menarche × bmi parent-pair (May-9 audit gap +0.683).",,,,,,,,,,,,,,,,,,,,,,,,,,,,~10000,meta-analysis of 10 cohorts (early menarche pool),adult women across multiple cohorts,"VERIFIED 2026-05-12 cycle 13 by 2-of-2 agent quorum (A+B EXACT match on PMID 23164700) + orchestrator WebFetch spot-check confirmed PMID, title, authors, journal, n, effect, CI from PubMed abstract."
0.089,,1.88,0.42,OR,alzheimers,education_level,education_level_less_than_9th_grade,,,,,,,,,,,,,,,,,,,,"<science><title>Education and dementia in the context of the cognitive reserve hypothesis: a systematic review with meta-analyses and qualitative analyses</>Meng X, D'Arcy C<source>PLoS One</>2012;7(6):e38268<link>https://pubmed.ncbi.nlm.nih.gov/22675535/</></>","CONNECTING STUDY (2026-05-12 cycle 15): low education (<9th grade) → incident dementia OR=1.88 [1.51-2.34] meta-analysis of 133 articles, n=437,477 (Meng & D'Arcy 2012). Cognitive reserve hypothesis. Adds education_level as an alzheimers parent (was missing - only biological hallmarks + grip + cholesterol previously).",,,,,,,,,,,,,,,,,,,,,,,,,,,,437477,meta-analysis of 133 articles,"adults across multiple cohorts, primarily older adults",VERIFIED 2026-05-12 cycle 15 by 2-of-2 agent quorum (A+B EXACT match on PMID 22675535).
,,1.22,0.03,RR,breast_cancer,heavy_alcohol_consumption_last_year,heavy_alcohol_consumption_days_4_or_5_drinks_last_year_daily,,,,,1.22,0.03,,,,,,,,,,,,,,"<science><title>Alcoholic beverage consumption and female breast cancer risk: A systematic review and meta-analysis of prospective cohort studies</>Sohi I, et al<source>Alcohol Clin Exp Res</>2024;48(12):2222-2241<link>https://pubmed.ncbi.nlm.nih.gov/39581746/</></>","[FIX 2026-05-13] Corrected input values from 'heavy_alcohol_consumption_last_year_yes' (invalid - no such NHANES value) to 'heavy_alcohol_consumption_days_4_or_5_drinks_last_year_daily' (the actual NHANES bin matching Sohi 2024's 3+ drinks/day definition; matches the convention used by liver_cancer + healthy_lifestyle + frailty_lifestyle parent rows). Original: CONNECTING STUDY (2026-05-12 cycle 15): heavy alcohol (3+ drinks/day) → breast cancer RR=1.22 [1.19-1.25] from per-drink RR=1.10 [1.08-1.12]. Meta-analysis of 23 prospective cohort studies. Adds alcohol → breast_cancer edge - was missing (existing alcohol→cancer in CSV is only liver_cancer). Independent agent confirmation: agent A picked Sun 2020 PMID 32090238 same effect RR=1.10 per drink; consilience quorum on effect, this paper picked as more recent (2024).",,,,,,,,,,,,,,,,,,,,,,,,,,,,multi-cohort,meta-analysis of 23 prospective cohort studies,adult women across multiple cohorts,VERIFIED 2026-05-12 cycle 15 by 2-agent effect-consilience quorum (A: Sun 2020 PMID 32090238 RR=1.10 per drink/day; B: Sohi 2024 PMID 39581746 RR=1.10 per drink/day). Both papers report identical per-drink effect size from independent meta-analyses; chose Sohi 2024 as more recent.
0.0084170416021896,,1.23,0.18,OR,breast_cancer,crp_elevated_concept,crp_elevated_concept_yes,,,,,1.227623419798858,0.1780651285889098,distal,,,,,,,,,,,,,"<science><title>Chronic inflammation towards cancer incidence: A systematic review and meta-analysis of epidemiological studies</>Nathalie Michels, Carola van Aart, Jens Morisse, Amy Mullee, Inge Huybrechts<source>Crit Rev Oncol Hematol</>2021 Jan;157:103177<link>https://pubmed.ncbi.nlm.nih.gov/33264718/</></>","[DEP_DISTAL RESTRUCTURE 2026-05-13 cycle 18] Routes breast_cancer through crp_elevated_concept (dep_distal wrapper at rows 2463-2465) instead of raw c_reactive_protein_mg_L. Choi 2013 connecting study (row 2465, BMI obesity × CRP elevated RR=2.3) propagates to breast_cancer parent-pair, addressing May-13 audit ρ-gap +0.491. Original RR carried forward. K count unchanged (1 parent replaces 1 parent).",,,,,,,,,,,,,,,,,,,,,,,,,,,,42.0,meta-analysis,mixed studies,VERIFIED OK: inflammation->cancer meta-analysis. PMID:33264718
